Application,ProcessID,SwapChainAddress,PresentRuntime,SyncInterval,PresentFlags,AllowsTearing,PresentMode,TimeInMs,MsBetweenSimulationStart,MsBetweenPresents,MsBetweenDisplayChange,MsInPresentAPI,MsRenderPresentLatency,MsUntilDisplayed,CPUStartTimeInMs,MsBetweenAppStart,MsCPUBusy,MsCPUWait,MsGPULatency,MsGPUTime,MsGPUBusy,MsGPUWait,MsAnimationError,AnimationTime,MsFlipDelay,MsAllInputToPhotonLatency,MsClickToPhotonLatency
MegaProject.exe,13848,0x1F4D621B830,DXGI,1,0,0,Composed: Flip,5966.6316,NA,27.05340000000000,20.84060000000000,2.79670000000000,2.95210000000000,18.7515,5950.9496,18.4787,15.6820,2.7967,15.6579,2.9762,2.1337,0.8425,NA,5950.9496,NA,NA,NA
MegaProject.exe,13848,0x1F4D621B830,DXGI,1,0,0,Composed: Flip,5982.6523,NA,16.02070000000000,13.94370000000000,1.13180000000000,1.50400000000000,16.6745,5969.4283,14.3558,13.2240,1.1318,13.1973,1.5307,1.5234,0.0073,4.5350,5969.4283,NA,NA,NA
MegaProject.exe,13848,0x1F4D621B830,DXGI,1,0,0,Composed: Flip,5995.4571,NA,12.80480000000000,6.88070000000000,1.09130000000000,1.60050000000000,10.7504,5983.7841,12.7643,11.6730,1.0913,11.6397,1.6338,1.6250,0.0088,7.4751,5983.7841,NA,NA,NA
MegaProject.exe,13848,0x1F4D621B830,DXGI,1,0,0,Composed: Flip,6000.6400,NA,5.18290000000000,6.98570000000000,0.29740000000000,1.52280000000000,12.5532,5996.5484,4.3890,4.0916,0.2974,4.0719,1.5425,1.5352,0.0073,5.7786,5996.5484,NA,NA,NA
MegaProject.exe,13848,0x1F4D621B830,DXGI,1,0,0,Composed: Flip,6008.8757,NA,8.23570000000000,6.93990000000000,0.45250000000000,1.61000000000000,11.2574,6000.9374,8.3908,7.9383,0.4525,7.9105,1.6378,1.6283,0.0095,-2.5509,6000.9374,NA,NA,NA
MegaProject.exe,13848,0x1F4D621B830,DXGI,1,0,0,Composed: Flip,6014.4310,NA,5.55530000000000,6.95900000000000,0.48690000000000,1.53990000000000,12.6611,6009.3282,5.5897,5.1028,0.4869,5.0831,1.5596,1.5526,0.0070,1.4318,6009.3282,NA,NA,NA
MegaProject.exe,13848,0x1F4D621B830,DXGI,1,0,0,Composed: Flip,6022.5710,NA,8.14000000000000,6.94100000000000,0.47510000000000,1.62270000000000,11.4621,6014.9179,8.1282,7.6531,0.4751,7.6322,1.6436,1.6393,0.0043,-1.3513,6014.9179,NA,NA,NA
MegaProject.exe,13848,0x1F4D621B830,DXGI,1,0,0,Composed: Flip,6028.6884,NA,6.11740000000000,6.93930000000000,0.40710000000000,1.50690000000000,12.2840,6023.0461,6.0494,5.6423,0.4071,5.6158,1.5334,1.5287,0.0047,1.1889,6023.0461,NA,NA,NA
MegaProject.exe,13848,0x1F4D621B830,DXGI,1,0,0,Composed: Flip,6035.6516,NA,6.96320000000000,6.95850000000000,0.31310000000000,1.61800000000000,12.2793,6029.0955,6.8692,6.5561,0.3131,6.5341,1.6400,1.6327,0.0073,-0.9091,6029.0955,NA,NA,NA
MegaProject.exe,13848,0x1F4D621B830,DXGI,1,0,0,Composed: Flip,6043.2370,NA,7.58540000000000,7.00080000000000,0.38230000000000,1.53630000000000,11.6947,6035.9647,7.6546,7.2723,0.3823,7.2447,1.5639,1.5551,0.0088,-0.1316,6035.9647,NA,NA,NA
MegaProject.exe,13848,0x1F4D621B830,DXGI,1,0,0,Composed: Flip,6049.1701,NA,5.93310000000000,6.95360000000000,0.26520000000000,1.71540000000000,12.7152,6043.6193,5.8160,5.5508,0.2652,5.5303,1.7359,1.7284,0.0075,0.7010,6043.6193,NA,NA,NA
MegaProject.exe,13848,0x1F4D621B830,DXGI,1,0,0,Composed: Flip,6056.0989,NA,6.92880000000000,6.93690000000000,0.41790000000000,1.81660000000000,12.7233,6049.4353,7.0815,6.6636,0.4179,6.6354,1.8448,1.8230,0.0218,-1.1209,6049.4353,NA,NA,NA
MegaProject.exe,13848,0x1F4D621B830,DXGI,1,0,0,Composed: Flip,6064.6124,NA,8.51350000000000,6.94720000000000,0.50640000000000,1.80800000000000,11.1570,6056.5168,8.6020,8.0956,0.5064,8.0701,1.8335,1.8233,0.0102,0.1343,6056.5168,NA,NA,NA
MegaProject.exe,13848,0x1F4D621B830,DXGI,1,0,0,Composed: Flip,6070.4444,NA,5.83200000000000,6.95100000000000,0.41980000000000,1.83250000000000,12.2760,6065.1188,5.7454,5.3256,0.4198,5.3022,1.8559,1.8487,0.0072,1.6510,6065.1188,NA,NA,NA
MegaProject.exe,13848,0x1F4D621B830,DXGI,1,0,0,Composed: Flip,6078.0970,NA,7.65260000000000,6.94160000000000,0.39920000000000,1.81020000000000,11.5650,6070.8642,7.6320,7.2328,0.3992,7.2106,1.8324,1.8233,0.0091,-1.1962,6070.8642,NA,NA,NA
MegaProject.exe,13848,0x1F4D621B830,DXGI,1,0,0,Composed: Flip,6083.9159,NA,5.81890000000000,6.93760000000000,0.31270000000000,1.80970000000000,12.6837,6078.4962,5.7324,5.4197,0.3127,5.3995,1.8299,1.8211,0.0088,0.6944,6078.4962,NA,NA,NA
MegaProject.exe,13848,0x1F4D621B830,DXGI,1,0,0,Composed: Flip,6091.4308,NA,7.51490000000000,6.95400000000000,0.52210000000000,1.93390000000000,12.1228,6084.2286,7.7243,7.2022,0.5221,7.1705,1.9656,1.9524,0.0132,-1.2216,6084.2286,NA,NA,NA
MegaProject.exe,13848,0x1F4D621B830,DXGI,1,0,0,Composed: Flip,6099.1023,NA,7.67150000000000,6.96070000000000,0.42660000000000,1.85090000000000,11.4120,6091.9529,7.5760,7.1494,0.4266,7.1265,1.8738,1.8641,0.0097,0.7636,6091.9529,NA,NA,NA
MegaProject.exe,13848,0x1F4D621B830,DXGI,1,0,0,Composed: Flip,6105.3234,NA,6.22110000000000,6.94350000000000,0.45250000000000,1.97410000000000,12.1344,6099.5289,6.2470,5.7945,0.4525,5.7631,2.0055,1.9927,0.0128,0.6325,6099.5289,NA,NA,NA
MegaProject.exe,13848,0x1F4D621B830,DXGI,1,0,0,Composed: Flip,6113.0469,NA,7.72350000000000,6.93970000000000,0.36680000000000,1.84150000000000,11.3506,6105.7759,7.6378,7.2710,0.3668,7.2505,1.8620,1.8508,0.0112,-0.6927,6105.7759,NA,NA,NA
MegaProject.exe,13848,0x1F4D621B830,DXGI,1,0,0,Composed: Flip,6118.9693,NA,5.92240000000000,6.94210000000000,0.41970000000000,1.79900000000000,12.3703,6113.4137,5.9753,5.5556,0.4197,5.5287,1.8259,1.8183,0.0076,0.6957,6113.4137,NA,NA,NA
MegaProject.exe,13848,0x1F4D621B830,DXGI,1,0,0,Composed: Flip,6126.0193,NA,7.05000000000000,6.88010000000000,0.44420000000000,1.73410000000000,12.2004,6119.3890,7.0745,6.6303,0.4442,6.6076,1.7568,1.7489,0.0079,-0.9048,6119.3890,NA,NA,NA
MegaProject.exe,13848,0x1F4D621B830,DXGI,1,0,0,Composed: Flip,6133.7357,NA,7.71640000000000,6.99150000000000,0.49540000000000,1.89070000000000,11.4755,6126.4635,7.7676,7.2722,0.4954,7.2490,1.9139,1.9035,0.0104,0.0830,6126.4635,NA,NA,NA
MegaProject.exe,13848,0x1F4D621B830,DXGI,1,0,0,Composed: Flip,6139.8774,NA,6.14170000000000,6.89530000000000,0.41550000000000,1.85700000000000,12.2291,6134.2311,6.0618,5.6463,0.4155,5.6211,1.8822,1.8761,0.0061,0.8723,6134.2311,NA,NA,NA
MegaProject.exe,13848,0x1F4D621B830,DXGI,1,0,0,Composed: Flip,6147.6597,NA,7.78230000000000,7.02890000000000,0.46090000000000,1.91950000000000,11.4757,6140.2929,7.8277,7.3668,0.4609,7.3443,1.9420,1.9320,0.0100,-0.9671,6140.2929,NA,NA,NA
MegaProject.exe,13848,0x1F4D621B830,DXGI,1,0,0,Composed: Flip,6153.4830,NA,5.82330000000000,6.87940000000000,0.36480000000000,1.90700000000000,12.5318,6148.1206,5.7272,5.3624,0.3648,5.3401,1.9293,1.9199,0.0094,0.9483,6148.1206,NA,NA,NA
MegaProject.exe,13848,0x1F4D621B830,DXGI,1,0,0,Composed: Flip,6160.5639,NA,7.08090000000000,6.99480000000000,0.35300000000000,1.82610000000000,12.4457,6153.8478,7.0691,6.7161,0.3530,6.6944,1.8478,1.8417,0.0061,-1.2676,6153.8478,NA,NA,NA
MegaProject.exe,13848,0x1F4D621B830,DXGI,1,0,0,Composed: Flip,6168.5852,NA,8.02130000000000,6.93900000000000,0.38470000000000,1.89030000000000,11.3634,6160.9169,8.0530,7.6683,0.3847,7.6366,1.9220,1.9138,0.0082,0.1301,6160.9169,NA,NA,NA
MegaProject.exe,13848,0x1F4D621B830,DXGI,1,0,0,Composed: Flip,6174.4125,NA,5.82730000000000,6.94410000000000,0.34740000000000,1.72090000000000,12.4802,6168.9699,5.7900,5.4426,0.3474,5.4205,1.7430,1.7334,0.0096,1.1089,6168.9699,NA,NA,NA
MegaProject.exe,13848,0x1F4D621B830,DXGI,1,0,0,Composed: Flip,6181.4720,NA,7.05950000000000,6.93950000000000,0.38260000000000,1.76270000000000,12.3602,6174.7599,7.0947,6.7121,0.3826,6.6898,1.7850,1.7749,0.0101,-1.1495,6174.7599,NA,NA,NA
MegaProject.exe,13848,0x1F4D621B830,DXGI,1,0,0,Composed: Flip,6189.2801,NA,7.80810000000000,6.94630000000000,0.32960000000000,1.84840000000000,11.4984,6181.8546,7.7551,7.4255,0.3296,7.4025,1.8714,1.8624,0.0090,0.1484,6181.8546,NA,NA,NA
MegaProject.exe,13848,0x1F4D621B830,DXGI,1,0,0,Composed: Flip,6195.5301,NA,6.25000000000000,6.95200000000000,0.45350000000000,1.76310000000000,12.2004,6189.6097,6.3739,5.9204,0.4535,5.8964,1.7871,1.7788,0.0083,0.8031,6189.6097,NA,NA,NA
MegaProject.exe,13848,0x1F4D621B830,DXGI,1,0,0,Composed: Flip,6203.4918,NA,7.96170000000000,6.93270000000000,0.36800000000000,1.76050000000000,11.1714,6195.9836,7.8762,7.5082,0.3680,7.4796,1.7891,1.7807,0.0084,-0.5588,6195.9836,NA,NA,NA
MegaProject.exe,13848,0x1F4D621B830,DXGI,1,0,0,Composed: Flip,6209.2089,NA,5.71710000000000,6.88780000000000,0.40390000000000,1.79550000000000,12.3421,6203.8598,5.7530,5.3491,0.4039,5.3285,1.8161,1.8049,0.0112,0.9884,6203.8598,NA,NA,NA
MegaProject.exe,13848,0x1F4D621B830,DXGI,1,0,0,Composed: Flip,6216.1175,NA,6.90860000000000,6.93420000000000,0.30860000000000,1.82140000000000,12.3677,6209.6128,6.8133,6.5047,0.3086,6.4786,1.8475,1.8351,0.0124,-1.1812,6209.6128,NA,NA,NA
MegaProject.exe,13848,0x1F4D621B830,DXGI,1,0,0,Composed: Flip,6224.2348,NA,8.11730000000000,6.93310000000000,0.44390000000000,1.61540000000000,11.1835,6216.4261,8.2526,7.8087,0.4439,7.7856,1.6385,1.6318,0.0067,-0.1198,6216.4261,NA,NA,NA
MegaProject.exe,13848,0x1F4D621B830,DXGI,1,0,0,Composed: Flip,6230.1015,NA,5.86670000000000,6.97460000000000,0.42660000000000,1.63350000000000,12.2914,6224.6787,5.8494,5.4228,0.4266,5.3952,1.6611,1.6510,0.0101,1.2780,6224.6787,NA,NA,NA
MegaProject.exe,13848,0x1F4D621B830,DXGI,1,0,0,Composed: Flip,6238.0574,NA,7.95590000000000,6.91380000000000,0.44370000000000,1.58460000000000,11.2493,6230.5281,7.9730,7.5293,0.4437,7.5062,1.6077,1.6009,0.0068,-1.0644,6230.5281,NA,NA,NA
MegaProject.exe,13848,0x1F4D621B830,DXGI,1,0,0,Composed: Flip,6243.7069,NA,5.64950000000000,6.94480000000000,0.28550000000000,1.55510000000000,12.5446,6238.5011,5.4913,5.2058,0.2855,5.1850,1.5759,1.5693,0.0066,1.0282,6238.5011,NA,NA,NA
MegaProject.exe,13848,0x1F4D621B830,DXGI,1,0,0,Composed: Flip,6250.8427,NA,7.13580000000000,6.98790000000000,0.49630000000000,1.66650000000000,12.3967,6243.9924,7.3466,6.8503,0.4963,6.8288,1.6880,1.6649,0.0231,-1.4966,6243.9924,NA,NA,NA
MegaProject.exe,13848,0x1F4D621B830,DXGI,1,0,0,Composed: Flip,6258.3469,NA,7.50420000000000,6.93440000000000,0.28300000000000,1.55720000000000,11.8269,6251.3390,7.2909,7.0079,0.2830,6.9885,1.5766,1.5701,0.0065,0.4122,6251.3390,NA,NA,NA
MegaProject.exe,13848,0x1F4D621B830,DXGI,1,0,0,Composed: Flip,6264.4505,NA,6.10360000000000,6.94560000000000,0.27530000000000,1.60290000000000,12.6689,6258.6299,6.0959,5.8206,0.2753,5.7948,1.6287,1.6199,0.0088,0.3453,6258.6299,NA,NA,NA
MegaProject.exe,13848,0x1F4D621B830,DXGI,1,0,0,Composed: Flip,6272.1357,NA,7.68520000000000,6.92500000000000,0.32630000000000,1.52260000000000,11.9087,6264.7258,7.7362,7.4099,0.3263,7.3917,1.5408,1.5339,0.0069,-0.8291,6264.7258,NA,NA,NA
MegaProject.exe,13848,0x1F4D621B830,DXGI,1,0,0,Composed: Flip,6278.4002,NA,6.26450000000000,7.03420000000000,0.34920000000000,1.56240000000000,12.6784,6272.4620,6.2874,5.9382,0.3492,5.9056,1.5950,1.5854,0.0096,0.7020,6272.4620,NA,NA,NA
MegaProject.exe,13848,0x1F4D621B830,DXGI,1,0,0,Composed: Flip,6285.1351,NA,6.73490000000000,6.94630000000000,0.32600000000000,1.77720000000000,12.8898,6278.7494,6.7117,6.3857,0.3260,6.3653,1.7976,1.7877,0.0099,-0.6589,6278.7494,NA,NA,NA
MegaProject.exe,13848,0x1F4D621B830,DXGI,1,0,0,Composed: Flip,6293.2674,NA,8.13230000000000,6.92350000000000,0.25310000000000,1.78120000000000,11.6810,6285.4611,8.0594,7.8063,0.2531,7.7870,1.8005,1.7875,0.0130,-0.2118,6285.4611,NA,NA,NA
MegaProject.exe,13848,0x1F4D621B830,DXGI,1,0,0,Composed: Flip,6299.3099,NA,6.04250000000000,6.96540000000000,0.25090000000000,1.82110000000000,12.6039,6293.5205,6.0403,5.7894,0.2509,5.7704,1.8401,1.8308,0.0093,1.0940,6293.5205,NA,NA,NA
MegaProject.exe,13848,0x1F4D621B830,DXGI,1,0,0,Composed: Flip,6306.0746,NA,6.76470000000000,6.96520000000000,0.24800000000000,1.75350000000000,12.8044,6299.5608,6.7618,6.5138,0.2480,6.4938,1.7735,1.7629,0.0106,-0.9249,6299.5608,NA,NA,NA
MegaProject.exe,13848,0x1F4D621B830,DXGI,1,0,0,Composed: Flip,6314.5850,NA,8.51040000000000,6.86750000000000,0.37560000000000,1.77720000000000,11.1615,6306.3226,8.6380,8.2624,0.3756,8.2088,1.8308,1.8184,0.0124,-0.1057,6306.3226,NA,NA,NA
MegaProject.exe,13848,0x1F4D621B830,DXGI,1,0,0,Composed: Flip,6320.0474,NA,5.46240000000000,7.00470000000000,0.31800000000000,1.77480000000000,12.7038,6314.9606,5.4048,5.0868,0.3180,5.0666,1.7950,1.7841,0.0109,1.6333,6314.9606,NA,NA,NA
MegaProject.exe,13848,0x1F4D621B830,DXGI,1,0,0,Composed: Flip,6327.8737,NA,7.82630000000000,6.93580000000000,0.34310000000000,1.90520000000000,11.8133,6320.3654,7.8514,7.5083,0.3431,7.4834,1.9301,1.9162,0.0139,-1.5310,6320.3654,NA,NA,NA
MegaProject.exe,13848,0x1F4D621B830,DXGI,1,0,0,Composed: Flip,6333.9920,NA,6.11830000000000,6.95720000000000,0.25590000000000,1.82200000000000,12.6522,6328.2168,6.0311,5.7752,0.2559,5.7553,1.8419,1.8318,0.0101,0.8942,6328.2168,NA,NA,NA
MegaProject.exe,13848,0x1F4D621B830,DXGI,1,0,0,Composed: Flip,6340.8784,NA,6.88640000000000,6.94630000000000,0.32980000000000,1.81420000000000,12.7121,6334.2479,6.9603,6.6305,0.3298,6.6125,1.8322,1.8193,0.0129,-0.9152,6334.2479,NA,NA,NA
MegaProject.exe,13848,0x1F4D621B830,DXGI,1,0,0,Composed: Flip,6348.5786,NA,7.70020000000000,6.94070000000000,0.33500000000000,1.74280000000000,11.9526,6341.2082,7.7054,7.3704,0.3350,7.3512,1.7620,1.7521,0.0099,0.0196,6341.2082,NA,NA,NA
MegaProject.exe,13848,0x1F4D621B830,DXGI,1,0,0,Composed: Flip,6354.8868,NA,6.30820000000000,6.95520000000000,0.26230000000000,1.86910000000000,12.5996,6348.9136,6.2355,5.9732,0.2623,5.9552,1.8871,1.8772,0.0099,0.7502,6348.9136,NA,NA,NA
MegaProject.exe,13848,0x1F4D621B830,DXGI,1,0,0,Composed: Flip,6362.9623,NA,8.07550000000000,6.93590000000000,0.41130000000000,1.86790000000000,11.4600,6355.1491,8.2245,7.8132,0.4113,7.7929,1.8882,1.8772,0.0110,-0.7004,6355.1491,NA,NA,NA
MegaProject.exe,13848,0x1F4D621B830,DXGI,1,0,0,Composed: Flip,6368.6318,NA,5.66950000000000,6.94950000000000,0.31540000000000,1.70160000000000,12.7400,6363.3736,5.5736,5.2582,0.3154,5.2386,1.7212,1.7124,0.0088,1.2750,6363.3736,NA,NA,NA
MegaProject.exe,13848,0x1F4D621B830,DXGI,1,0,0,Composed: Flip,6375.6814,NA,7.04960000000000,6.93240000000000,0.33220000000000,1.85420000000000,12.6228,6368.9472,7.0664,6.7342,0.3322,6.7077,1.8807,1.8671,0.0136,-1.3588,6368.9472,NA,NA,NA
MegaProject.exe,13848,0x1F4D621B830,DXGI,1,0,0,Composed: Flip,6383.2952,NA,7.61380000000000,6.93560000000000,0.41860000000000,1.67740000000000,11.9446,6376.0136,7.7002,7.2816,0.4186,7.2633,1.6957,1.6860,0.0097,0.1308,6376.0136,NA,NA,NA
MegaProject.exe,13848,0x1F4D621B830,DXGI,1,0,0,Composed: Flip,6389.6902,NA,6.39500000000000,6.96490000000000,0.37780000000000,1.77860000000000,12.5145,6383.7138,6.3542,5.9764,0.3778,5.8678,1.8872,1.8730,0.0142,0.7353,6383.7138,NA,NA,NA
MegaProject.exe,13848,0x1F4D621B830,DXGI,1,0,0,Composed: Flip,6397.5509,NA,7.86070000000000,6.94100000000000,0.39460000000000,1.85740000000000,11.5948,6390.0680,7.8775,7.4829,0.3946,7.4613,1.8790,1.8685,0.0105,-0.5868,6390.0680,NA,NA,NA
MegaProject.exe,13848,0x1F4D621B830,DXGI,1,0,0,Composed: Flip,6403.2714,NA,5.72050000000000,6.94570000000000,0.36260000000000,1.72070000000000,12.8200,6397.9455,5.6885,5.3259,0.3626,5.3069,1.7397,1.7285,0.0112,0.9318,6397.9455,NA,NA,NA
MegaProject.exe,13848,0x1F4D621B830,DXGI,1,0,0,Composed: Flip,6410.2622,NA,6.99080000000000,6.85730000000000,0.29110000000000,1.78740000000000,12.6865,6403.6340,6.9193,6.6282,0.2911,6.6100,1.8056,1.7948,0.0108,-1.1688,6403.6340,NA,NA,NA
MegaProject.exe,13848,0x1F4D621B830,DXGI,1,0,0,Composed: Flip,6417.9693,NA,7.70710000000000,6.95890000000000,0.37890000000000,1.74240000000000,11.9383,6410.5533,7.7949,7.4160,0.3789,7.3965,1.7619,1.7425,0.0194,-0.0396,6410.5533,NA,NA,NA
MegaProject.exe,13848,0x1F4D621B830,DXGI,1,0,0,Composed: Flip,6424.2338,NA,6.26450000000000,6.94150000000000,0.37820000000000,1.63410000000000,12.6153,6418.3482,6.2638,5.8856,0.3782,5.8604,1.6593,1.6483,0.0110,0.8534,6418.3482,NA,NA,NA
MegaProject.exe,13848,0x1F4D621B830,DXGI,1,0,0,Composed: Flip,6431.1725,NA,6.93870000000000,6.99630000000000,0.44330000000000,1.50780000000000,12.6729,6424.6120,7.0038,6.5605,0.4433,6.5400,1.5283,1.5206,0.0077,-0.7325,6424.6120,NA,NA,NA
MegaProject.exe,13848,0x1F4D621B830,DXGI,1,0,0,Composed: Flip,6438.8116,NA,7.63910000000000,6.97190000000000,0.30230000000000,1.55440000000000,12.0057,6431.6158,7.4981,7.1958,0.3023,7.1682,1.5820,1.5725,0.0095,0.0319,6431.6158,NA,NA,NA
MegaProject.exe,13848,0x1F4D621B830,DXGI,1,0,0,Composed: Flip,6444.9826,NA,6.17100000000000,6.87250000000000,0.25240000000000,1.85370000000000,12.7072,6439.1139,6.1211,5.8687,0.2524,5.8487,1.8737,1.8627,0.0110,0.6256,6439.1139,NA,NA,NA
MegaProject.exe,13848,0x1F4D621B830,DXGI,1,0,0,Composed: Flip,6452.9217,NA,7.93910000000000,7.02830000000000,0.33330000000000,1.88510000000000,11.7964,6445.2350,8.0200,7.6867,0.3333,7.6600,1.9118,1.8983,0.0135,-0.9072,6445.2350,NA,NA,NA
MegaProject.exe,13848,0x1F4D621B830,DXGI,1,0,0,Composed: Flip,6459.4000,NA,6.47830000000000,6.93950000000000,0.29080000000000,1.81710000000000,12.2576,6453.2550,6.4358,6.1450,0.2908,6.1241,1.8380,1.8306,0.0074,1.0805,6453.2550,NA,NA,NA
MegaProject.exe,13848,0x1F4D621B830,DXGI,1,0,0,Composed: Flip,6466.2906,NA,6.89060000000000,6.94280000000000,0.26580000000000,1.89880000000000,12.3098,6459.6908,6.8656,6.5998,0.2658,6.5781,1.9205,1.9100,0.0105,-0.5070,6459.6908,NA,NA,NA
MegaProject.exe,13848,0x1F4D621B830,DXGI,1,0,0,Composed: Flip,6473.9945,NA,7.70390000000000,6.95670000000000,0.29640000000000,1.80570000000000,11.5626,6466.5564,7.7345,7.4381,0.2964,7.4175,1.8263,1.8172,0.0091,-0.0911,6466.5564,NA,NA,NA
MegaProject.exe,13848,0x1F4D621B830,DXGI,1,0,0,Composed: Flip,6479.9063,NA,5.91180000000000,6.93720000000000,0.24450000000000,1.85300000000000,12.5880,6474.2909,5.8599,5.6154,0.2445,5.5968,1.8716,1.8641,0.0075,0.7973,6474.2909,NA,NA,NA
MegaProject.exe,13848,0x1F4D621B830,DXGI,1,0,0,Composed: Flip,6487.9280,NA,8.02170000000000,6.85200000000000,0.47560000000000,1.95110000000000,11.4183,6480.1508,8.2528,7.7772,0.4756,7.7452,1.9831,1.9678,0.0153,-0.9921,6480.1508,NA,NA,NA
MegaProject.exe,13848,0x1F4D621B830,DXGI,1,0,0,Composed: Flip,6493.9743,NA,6.04630000000000,6.92140000000000,0.47770000000000,1.75340000000000,12.2934,6488.4036,6.0484,5.5707,0.4777,5.5435,1.7806,1.7543,0.0263,1.3314,6488.4036,NA,NA,NA
MegaProject.exe,13848,0x1F4D621B830,DXGI,1,0,0,Composed: Flip,6500.7775,NA,6.80320000000000,6.94950000000000,0.42880000000000,1.72300000000000,12.4397,6494.4520,6.7543,6.3255,0.4288,6.3047,1.7438,1.7257,0.0181,-0.9011,6494.4520,NA,NA,NA
MegaProject.exe,13848,0x1F4D621B830,DXGI,1,0,0,Composed: Flip,6508.3003,NA,7.52280000000000,6.98540000000000,0.30480000000000,1.59200000000000,11.9023,6501.2063,7.3988,7.0940,0.3048,7.0690,1.6170,1.5930,0.0240,-0.2311,6501.2063,NA,NA,NA
MegaProject.exe,13848,0x1F4D621B830,DXGI,1,0,0,Composed: Flip,6514.5839,NA,6.28360000000000,6.94620000000000,0.26620000000000,1.56600000000000,12.5649,6508.6051,6.2450,5.9788,0.2662,5.9574,1.5874,1.5755,0.0119,0.4526,6508.6051,NA,NA,NA
MegaProject.exe,13848,0x1F4D621B830,DXGI,1,0,0,Composed: Flip,6522.0893,NA,7.50540000000000,6.88420000000000,0.27990000000000,1.57200000000000,11.9437,6514.8501,7.5191,7.2392,0.2799,7.1893,1.6219,1.6142,0.0077,-0.6392,6514.8501,NA,NA,NA
MegaProject.exe,13848,0x1F4D621B830,DXGI,1,0,0,Composed: Flip,6528.4167,NA,6.32740000000000,6.99560000000000,0.26290000000000,1.61840000000000,12.6119,6522.3692,6.3104,6.0475,0.2629,6.0232,1.6427,1.6316,0.0111,0.5235,6522.3692,NA,NA,NA
MegaProject.exe,13848,0x1F4D621B830,DXGI,1,0,0,Composed: Flip,6535.3137,NA,6.89700000000000,6.96000000000000,0.24650000000000,1.62330000000000,12.6749,6528.6796,6.8806,6.6341,0.2465,6.6107,1.6467,1.6370,0.0097,-0.6496,6528.6796,NA,NA,NA
MegaProject.exe,13848,0x1F4D621B830,DXGI,1,0,0,Composed: Flip,6542.8526,NA,7.53890000000000,6.98270000000000,0.25920000000000,1.64070000000000,12.1187,6535.5602,7.5516,7.2924,0.2592,7.2558,1.6773,1.6653,0.0120,-0.1021,6535.5602,NA,NA,NA
MegaProject.exe,13848,0x1F4D621B830,DXGI,1,0,0,Composed: Flip,6549.1905,NA,6.33790000000000,6.88610000000000,0.24100000000000,1.81840000000000,12.6669,6543.1118,6.3197,6.0787,0.2410,6.0610,1.8361,1.8270,0.0091,0.6655,6543.1118,NA,NA,NA
MegaProject.exe,13848,0x1F4D621B830,DXGI,1,0,0,Composed: Flip,6556.3034,NA,7.11290000000000,6.96730000000000,0.31300000000000,1.98400000000000,12.5213,6549.4315,7.1849,6.8719,0.3130,6.8421,2.0138,1.9791,0.0347,-0.6476,6549.4315,NA,NA,NA
MegaProject.exe,13848,0x1F4D621B830,DXGI,1,0,0,Composed: Flip,6564.2549,NA,7.95150000000000,6.88060000000000,0.33170000000000,1.53720000000000,11.4504,6556.6164,7.9702,7.6385,0.3317,7.6099,1.5658,1.5568,0.0090,0.3043,6556.6164,NA,NA,NA
MegaProject.exe,13848,0x1F4D621B830,DXGI,1,0,0,Composed: Flip,6569.9726,NA,5.71770000000000,7.06970000000000,0.29870000000000,1.58590000000000,12.8024,6564.5866,5.6847,5.3860,0.2987,5.3671,1.6048,1.6002,0.0046,0.9005,6564.5866,NA,NA,NA
MegaProject.exe,13848,0x1F4D621B830,DXGI,1,0,0,Composed: Flip,6578.0165,NA,8.04390000000000,6.99430000000000,0.33640000000000,1.86940000000000,11.7528,6570.2713,8.0816,7.7452,0.3364,7.6933,1.9213,1.9107,0.0106,-1.3096,6570.2713,NA,NA,NA
MegaProject.exe,13848,0x1F4D621B830,DXGI,1,0,0,Composed: Flip,6583.9546,NA,5.93810000000000,6.94260000000000,0.34120000000000,1.98520000000000,12.7573,6578.3529,5.9429,5.6017,0.3412,5.5748,2.0121,1.9838,0.0283,1.1390,6578.3529,NA,NA,NA
MegaProject.exe,13848,0x1F4D621B830,DXGI,1,0,0,Composed: Flip,6591.0936,NA,7.13900000000000,6.90040000000000,0.31660000000000,1.91050000000000,12.5187,6584.2958,7.1144,6.7978,0.3166,6.7797,1.9286,1.9200,0.0086,-0.9575,6584.2958,NA,NA,NA
MegaProject.exe,13848,0x1F4D621B830,DXGI,1,0,0,Composed: Flip,6599.0070,NA,7.91340000000000,6.95160000000000,0.36440000000000,1.97490000000000,11.5569,6591.4102,7.9612,7.5968,0.3644,7.5704,2.0013,1.9890,0.0123,0.1628,6591.4102,NA,NA,NA
MegaProject.exe,13848,0x1F4D621B830,DXGI,1,0,0,Composed: Flip,6604.7837,NA,5.77670000000000,6.93640000000000,0.32470000000000,1.95470000000000,12.7166,6599.3714,5.7370,5.4123,0.3247,5.3893,1.9777,1.9671,0.0106,1.0248,6599.3714,NA,NA,NA
MegaProject.exe,13848,0x1F4D621B830,DXGI,1,0,0,Composed: Flip,6612.5155,NA,7.73180000000000,6.94270000000000,0.34590000000000,1.68170000000000,11.9275,6605.1084,7.7530,7.4071,0.3459,7.3876,1.7012,1.6917,0.0095,-1.2057,6605.1084,NA,NA,NA
MegaProject.exe,13848,0x1F4D621B830,DXGI,1,0,0,Composed: Flip,6618.7085,NA,6.19300000000000,6.88330000000000,0.29720000000000,1.75470000000000,12.6178,6612.8614,6.1443,5.8471,0.2972,5.8304,1.7714,1.7637,0.0077,0.8697,6612.8614,NA,NA,NA
MegaProject.exe,13848,0x1F4D621B830,DXGI,1,0,0,Composed: Flip,6625.8302,NA,7.12170000000000,7.01280000000000,0.26970000000000,1.81600000000000,12.5089,6619.0057,7.0942,6.8245,0.2697,6.7998,1.8407,1.8271,0.0136,-0.8685,6619.0057,NA,NA,NA
MegaProject.exe,13848,0x1F4D621B830,DXGI,1,0,0,Composed: Flip,6633.6524,NA,7.82220000000000,6.95560000000000,0.42480000000000,1.77610000000000,11.6423,6626.0999,7.9773,7.5525,0.4248,7.5351,1.7935,1.7809,0.0126,0.1386,6626.0999,NA,17.7733,NA
MegaProject.exe,13848,0x1F4D621B830,DXGI,1,0,0,Composed: Flip,6639.6920,NA,6.03960000000000,6.93070000000000,0.35870000000000,1.84070000000000,12.5334,6634.0772,5.9735,5.6148,0.3587,5.5952,1.8603,1.8545,0.0058,1.0466,6634.0772,NA,NA,NA
MegaProject.exe,13848,0x1F4D621B830,DXGI,1,0,0,Composed: Flip,6647.5643,NA,7.87230000000000,6.94690000000000,0.33080000000000,1.84240000000000,11.6080,6640.0507,7.8444,7.5136,0.3308,7.4860,1.8700,1.8568,0.0132,-0.9734,6640.0507,NA,NA,NA
MegaProject.exe,13848,0x1F4D621B830,DXGI,1,0,0,Composed: Flip,6653.4214,NA,5.85710000000000,6.94150000000000,0.27810000000000,1.70500000000000,12.6924,6647.8951,5.8044,5.5263,0.2781,5.5071,1.7242,1.7172,0.0070,0.9029,6647.8951,NA,NA,NA
MegaProject.exe,13848,0x1F4D621B830,DXGI,1,0,0,Composed: Flip,6660.3814,NA,6.96000000000000,6.99750000000000,0.28930000000000,1.87850000000000,12.7299,6653.6995,6.9712,6.6819,0.2893,6.6626,1.8978,1.8904,0.0074,-1.1931,6653.6995,NA,NA,NA
MegaProject.exe,13848,0x1F4D621B830,DXGI,1,0,0,Composed: Flip,6668.7186,NA,8.33720000000000,6.89620000000000,0.47780000000000,1.96780000000000,11.2889,6660.6707,8.5257,8.0479,0.4778,8.0158,1.9999,1.9920,0.0079,0.0750,6660.6707,NA,NA,NA
MegaProject.exe,13848,0x1F4D621B830,DXGI,1,0,0,Composed: Flip,6674.3936,NA,5.67500000000000,6.92440000000000,0.35050000000000,1.71530000000000,12.5383,6669.1964,5.5477,5.1972,0.3505,5.1767,1.7358,1.7278,0.0080,1.6013,6669.1964,NA,NA,NA
MegaProject.exe,13848,0x1F4D621B830,DXGI,1,0,0,Composed: Flip,6681.4984,NA,7.10480000000000,6.96960000000000,0.31690000000000,1.72850000000000,12.4031,6674.7441,7.0712,6.7543,0.3169,6.7345,1.7483,1.7425,0.0058,-1.4219,6674.7441,NA,NA,NA
MegaProject.exe,13848,0x1F4D621B830,DXGI,1,0,0,Composed: Flip,6689.2524,NA,7.75400000000000,6.86080000000000,0.35040000000000,1.80680000000000,11.5099,6681.8153,7.7875,7.4371,0.3504,7.4092,1.8347,1.8265,0.0082,0.2104,6681.8153,NA,NA,NA
MegaProject.exe,13848,0x1F4D621B830,DXGI,1,0,0,Composed: Flip,6695.1328,NA,5.88040000000000,6.96860000000000,0.39640000000000,1.68380000000000,12.5981,6689.6028,5.9264,5.5300,0.3964,5.5104,1.7034,1.6881,0.0153,0.8189,6689.6028,NA,NA,NA
MegaProject.exe,13848,0x1F4D621B830,DXGI,1,0,0,Composed: Flip,6703.4284,NA,8.29560000000000,6.90630000000000,0.39660000000000,1.54540000000000,11.2088,6695.5292,8.2958,7.8992,0.3966,7.8765,1.5681,1.5611,0.0070,-0.9799,6695.5292,NA,NA,NA
MegaProject.exe,13848,0x1F4D621B830,DXGI,1,0,0,Composed: Flip,6708.9736,NA,5.54520000000000,6.97540000000000,0.24590000000000,1.59660000000000,12.6390,6703.8250,5.3945,5.1486,0.2459,5.1258,1.6194,1.6113,0.0081,1.3204,6703.8250,NA,NA,NA
MegaProject.exe,13848,0x1F4D621B830,DXGI,1,0,0,Composed: Flip,6715.9645,NA,6.99090000000000,6.91890000000000,0.28400000000000,1.59940000000000,12.5670,6709.2195,7.0290,6.7450,0.2840,6.7277,1.6167,1.6070,0.0097,-1.5244,6709.2195,NA,NA,NA
MegaProject.exe,13848,0x1F4D621B830,DXGI,1,0,0,Composed: Flip,6723.6867,NA,7.72220000000000,6.90500000000000,0.25390000000000,1.53740000000000,11.7498,6716.2485,7.6921,7.4382,0.2539,7.4174,1.5582,1.5497,0.0085,0.1240,6716.2485,NA,NA,NA
MegaProject.exe,13848,0x1F4D621B830,DXGI,1,0,0,Composed: Flip,6729.8212,NA,6.13450000000000,7.01710000000000,0.25660000000000,1.51910000000000,12.6324,6723.9406,6.1372,5.8806,0.2566,5.8614,1.5383,1.5324,0.0059,0.6750,6723.9406,NA,NA,NA
MegaProject.exe,13848,0x1F4D621B830,DXGI,1,0,0,Composed: Flip,6737.5643,NA,7.74310000000000,6.94530000000000,0.35440000000000,1.54970000000000,11.8346,6730.0778,7.8409,7.4865,0.3544,7.4612,1.5750,1.5664,0.0086,-0.8081,6730.0778,NA,NA,NA
MegaProject.exe,13848,0x1F4D621B830,DXGI,1,0,0,Composed: Flip,6743.8673,NA,6.30300000000000,6.93650000000000,0.29940000000000,1.46140000000000,12.4681,6737.9187,6.2480,5.9486,0.2994,5.9310,1.4790,1.4732,0.0058,0.9044,6737.9187,NA,NA,NA
MegaProject.exe,13848,0x1F4D621B830,DXGI,1,0,0,Composed: Flip,6750.7568,NA,6.88950000000000,6.94160000000000,0.33250000000000,1.55370000000000,12.5202,6744.1667,6.9226,6.5901,0.3325,6.5616,1.5822,1.5769,0.0053,-0.6936,6744.1667,NA,NA,NA
MegaProject.exe,13848,0x1F4D621B830,DXGI,1,0,0,Composed: Flip,6758.5928,NA,7.83600000000000,6.94880000000000,0.46580000000000,1.55300000000000,11.6330,6751.0893,7.9693,7.5035,0.4658,7.4789,1.5776,1.5691,0.0085,-0.0262,6751.0893,NA,NA,NA
MegaProject.exe,13848,0x1F4D621B830,DXGI,1,0,0,Composed: Flip,6764.4936,NA,5.90080000000000,6.94550000000000,0.31660000000000,1.53900000000000,12.6777,6759.0586,5.7516,5.4350,0.3166,5.4162,1.5578,1.5506,0.0072,1.0238,6759.0586,NA,NA,NA
MegaProject.exe,13848,0x1F4D621B830,DXGI,1,0,0,Composed: Flip,6772.6418,NA,8.14820000000000,6.92840000000000,0.39510000000000,1.64230000000000,11.4579,6764.8102,8.2267,7.8316,0.3951,7.8016,1.6723,1.6645,0.0078,-1.1768,6764.8102,NA,NA,NA
MegaProject.exe,13848,0x1F4D621B830,DXGI,1,0,0,Composed: Flip,6778.6578,NA,6.01600000000000,6.96850000000000,0.40270000000000,1.81500000000000,12.4104,6773.0369,6.0236,5.6209,0.4027,5.5991,1.8368,1.8288,0.0080,1.2582,6773.0369,NA,NA,NA
MegaProject.exe,13848,0x1F4D621B830,DXGI,1,0,0,Composed: Flip,6785.7686,NA,7.11080000000000,6.97430000000000,0.32530000000000,1.59450000000000,12.2739,6779.0605,7.0334,6.7081,0.3253,6.6844,1.6182,1.6130,0.0052,-0.9507,6779.0605,NA,NA,NA
MegaProject.exe,13848,0x1F4D621B830,DXGI,1,0,0,Composed: Flip,6793.2315,NA,7.46290000000000,6.85180000000000,0.35480000000000,1.78870000000000,11.6628,6786.0939,7.4924,7.1376,0.3548,7.1190,1.8073,1.7970,0.0103,0.1816,6786.0939,NA,NA,NA
MegaProject.exe,13848,0x1F4D621B830,DXGI,1,0,0,Composed: Flip,6799.2822,NA,6.05070000000000,7.00280000000000,0.37390000000000,1.60700000000000,12.6149,6793.5863,6.0698,5.6959,0.3739,5.6412,1.6617,1.6515,0.0102,0.4896,6793.5863,NA,NA,NA
MegaProject.exe,13848,0x1F4D621B830,DXGI,1,0,0,Composed: Flip,6806.1395,NA,6.85730000000000,6.93660000000000,0.25040000000000,1.59460000000000,12.6942,6799.6561,6.7338,6.4834,0.2504,6.4646,1.6134,1.6072,0.0062,-0.8668,6799.6561,NA,NA,NA
MegaProject.exe,13848,0x1F4D621B830,DXGI,1,0,0,Composed: Flip,6814.2039,NA,8.06440000000000,6.95450000000000,0.37800000000000,1.58410000000000,11.5843,6806.3899,8.1920,7.8140,0.3780,7.7891,1.6090,1.6010,0.0080,-0.2207,6806.3899,NA,NA,NA
MegaProject.exe,13848,0x1F4D621B830,DXGI,1,0,0,Composed: Flip,6820.2104,NA,6.00650000000000,6.93120000000000,0.34870000000000,1.54010000000000,12.5090,6814.5819,5.9772,5.6285,0.3487,5.6045,1.5641,1.5582,0.0059,1.2608,6814.5819,NA,NA,NA
MegaProject.exe,13848,0x1F4D621B830,DXGI,1,0,0,Composed: Flip,6827.9342,NA,7.72380000000000,6.97170000000000,0.38940000000000,1.56110000000000,11.7569,6820.5591,7.7645,7.3751,0.3894,7.3573,1.5789,1.5721,0.0068,-0.9945,6820.5591,NA,NA,NA
MegaProject.exe,13848,0x1F4D621B830,DXGI,1,0,0,Composed: Flip,6833.8179,NA,5.88370000000000,6.90690000000000,0.30170000000000,1.54060000000000,12.7801,6828.3236,5.7960,5.4943,0.3017,5.4778,1.5571,1.5505,0.0066,0.8576,6828.3236,NA,NA,NA
MegaProject.exe,13848,0x1F4D621B830,DXGI,1,0,0,Composed: Flip,6841.0092,NA,7.19130000000000,6.96580000000000,0.28400000000000,1.52710000000000,12.5546,6834.1196,7.1736,6.8896,0.2840,6.8637,1.5530,1.5475,0.0055,-1.1698,6834.1196,NA,NA,NA
MegaProject.exe,13848,0x1F4D621B830,DXGI,1,0,0,Composed: Flip,6848.6873,NA,7.67810000000000,6.94780000000000,0.31910000000000,1.62510000000000,11.8243,6841.2932,7.7132,7.3941,0.3191,7.3720,1.6472,1.6409,0.0063,0.2258,6841.2932,NA,NA,NA
MegaProject.exe,13848,0x1F4D621B830,DXGI,1,0,0,Composed: Flip,6855.0394,NA,6.35210000000000,7.01380000000000,0.39700000000000,1.64580000000000,12.4860,6849.0064,6.4300,6.0330,0.3970,6.0057,1.6731,1.6630,0.0101,0.6994,6849.0064,NA,NA,NA
MegaProject.exe,13848,0x1F4D621B830,DXGI,1,0,0,Composed: Flip,6862.7216,NA,7.68220000000000,6.86670000000000,0.39250000000000,1.77060000000000,11.6705,6855.4364,7.6777,7.2852,0.3925,7.2592,1.7966,1.7891,0.0075,-0.4367,6855.4364,NA,NA,NA
MegaProject.exe,13848,0x1F4D621B830,DXGI,1,0,0,Composed: Flip,6868.9374,NA,6.21580000000000,6.90190000000000,0.33820000000000,1.83460000000000,12.3566,6863.1141,6.1615,5.8233,0.3382,5.8064,1.8515,1.8451,0.0064,0.7758,6863.1141,NA,NA,NA
MegaProject.exe,13848,0x1F4D621B830,DXGI,1,0,0,Composed: Flip,6875.9098,NA,6.97240000000000,6.99410000000000,0.43770000000000,1.81430000000000,12.3783,6869.2756,7.0719,6.6342,0.4377,6.6056,1.8429,1.8208,0.0221,-0.8326,6869.2756,NA,NA,NA
MegaProject.exe,13848,0x1F4D621B830,DXGI,1,0,0,Composed: Flip,6883.6837,NA,7.77390000000000,6.88810000000000,0.33150000000000,1.49650000000000,11.4925,6876.3475,7.6677,7.3362,0.3315,7.3163,1.5164,1.5091,0.0073,0.1838,6876.3475,NA,NA,NA
MegaProject.exe,13848,0x1F4D621B830,DXGI,1,0,0,Composed: Flip,6889.5541,NA,5.87040000000000,7.01670000000000,0.27390000000000,1.47790000000000,12.6388,6884.0152,5.8128,5.5389,0.2739,5.5170,1.4998,1.4955,0.0043,0.6510,6884.0152,NA,NA,NA
MegaProject.exe,13848,0x1F4D621B830,DXGI,1,0,0,Composed: Flip,6897.1689,NA,7.61480000000000,6.93330000000000,0.29800000000000,1.57880000000000,11.9573,6889.8280,7.6389,7.3409,0.2980,7.3229,1.5968,1.5888,0.0080,-1.1205,6889.8280,NA,NA,NA
MegaProject.exe,13848,0x1F4D621B830,DXGI,1,0,0,Composed: Flip,6903.3429,NA,6.17400000000000,6.94480000000000,0.29080000000000,1.59460000000000,12.7281,6897.4669,6.1668,5.8760,0.2908,5.8529,1.6177,1.6089,0.0088,0.6941,6897.4669,NA,NA,NA
MegaProject.exe,13848,0x1F4D621B830,DXGI,1,0,0,Composed: Flip,6910.3795,NA,7.03660000000000,6.94680000000000,0.30980000000000,1.54340000000000,12.6383,6903.6337,7.0556,6.7458,0.3098,6.7275,1.5617,1.5579,0.0038,-0.7800,6903.6337,NA,NA,NA
MegaProject.exe,13848,0x1F4D621B830,DXGI,1,0,0,Composed: Flip,6917.8286,NA,7.44910000000000,6.92970000000000,0.31880000000000,1.60250000000000,12.1189,6910.6893,7.4581,7.1393,0.3188,7.1190,1.6228,1.6170,0.0058,0.1259,6910.6893,NA,NA,NA
MegaProject.exe,13848,0x1F4D621B830,DXGI,1,0,0,Composed: Flip,6924.2378,NA,6.40920000000000,6.91760000000000,0.32400000000000,1.46150000000000,12.6273,6918.1474,6.4144,6.0904,0.3240,6.0419,1.5100,1.5031,0.0069,0.5405,6918.1474,NA,NA,NA
MegaProject.exe,13848,0x1F4D621B830,DXGI,1,0,0,Composed: Flip,6934.6535,NA,10.41570000000000,6.94270000000000,0.45330000000000,1.57570000000000,9.1543,6924.5618,10.5450,10.0917,0.4533,10.0608,1.6066,1.5951,0.0115,-0.5283,6924.5618,NA,NA,NA
MegaProject.exe,13848,0x1F4D621B830,DXGI,1,0,0,Composed: Flip,6938.5974,NA,3.94390000000000,6.96880000000000,0.86990000000000,1.54910000000000,12.1792,6935.1068,4.3605,3.4906,0.8699,3.4614,1.5783,1.5677,0.0106,3.5762,6935.1068,NA,NA,NA
MegaProject.exe,13848,0x1F4D621B830,DXGI,1,0,0,Composed: Flip,6945.5939,NA,6.99650000000000,6.95070000000000,0.37410000000000,1.57130000000000,12.1334,6939.4673,6.5007,6.1266,0.3741,6.0865,1.6114,1.5980,0.0134,-2.5902,6939.4673,NA,30.1285,NA
MegaProject.exe,13848,0x1F4D621B830,DXGI,1,0,0,Composed: Flip,6953.1042,NA,7.51030000000000,6.94300000000000,0.36270000000000,1.53930000000000,11.5661,6945.9680,7.4989,7.1362,0.3627,7.1040,1.5715,1.5623,0.0092,-0.4423,6945.9680,NA,NA,NA
MegaProject.exe,13848,0x1F4D621B830,DXGI,1,0,0,Composed: Flip,6958.9708,NA,5.86660000000000,6.94740000000000,0.32360000000000,1.59910000000000,12.6469,6953.4669,5.8275,5.5039,0.3236,5.4819,1.6211,1.6098,0.0113,0.5515,6953.4669,NA,NA,NA
MegaProject.exe,13848,0x1F4D621B830,DXGI,1,0,0,Composed: Flip,6966.1978,NA,7.22700000000000,20.79690000000000,0.39260000000000,1.52850000000000,26.2168,6959.2944,7.2960,6.9034,0.3926,6.8609,1.5710,1.5616,0.0094,-14.9694,6959.2944,NA,NA,NA
MegaProject.exe,13848,0x1F4D621B830,DXGI,1,0,0,Composed: Flip,6973.7834,NA,7.58560000000000,NA,0.35340000000000,1.59260000000000,NA,6966.5904,7.5464,7.1930,0.3534,7.1587,1.6269,1.6119,0.0150,NA,NA,NA,NA,NA
MegaProject.exe,13848,0x1F4D621B830,DXGI,1,0,0,Composed: Flip,6979.9598,NA,6.17640000000000,NA,0.33150000000000,1.54410000000000,NA,6974.1368,6.1545,5.8230,0.3315,5.8018,1.5653,1.5571,0.0082,NA,NA,NA,NA,NA
MegaProject.exe,13848,0x1F4D621B830,DXGI,1,0,0,Composed: Flip,6988.0116,NA,8.05180000000000,13.94090000000000,0.34040000000000,1.53350000000000,18.3439,6980.2913,8.0607,7.7203,0.3404,7.6980,1.5558,1.5495,0.0063,7.0560,6980.2913,NA,NA,NA
MegaProject.exe,13848,0x1F4D621B830,DXGI,1,0,0,Composed: Flip,6993.4441,NA,5.43250000000000,NA,0.25730000000000,1.57010000000000,NA,6988.3520,5.3494,5.0921,0.2573,5.0691,1.5931,1.5620,0.0311,NA,NA,NA,NA,NA
MegaProject.exe,13848,0x1F4D621B830,DXGI,1,0,0,Composed: Flip,7000.5909,NA,7.14680000000000,13.96680000000000,0.26500000000000,1.60590000000000,19.7314,6993.7014,7.1545,6.8895,0.2650,6.8703,1.6251,1.6176,0.0075,-0.5567,6993.7014,NA,NA,NA
MegaProject.exe,13848,0x1F4D621B830,DXGI,1,0,0,Composed: Flip,7008.2333,NA,7.64240000000000,NA,0.32530000000000,1.90690000000000,NA,7000.8559,7.7027,7.3774,0.3253,7.3545,1.9298,1.9183,0.0115,NA,NA,NA,NA,NA
MegaProject.exe,13848,0x1F4D621B830,DXGI,1,0,0,Composed: Flip,7014.6731,NA,6.43980000000000,6.94680000000000,0.32790000000000,1.85860000000000,12.5960,7008.5586,6.4424,6.1145,0.3279,6.0892,1.8839,1.8728,0.0111,7.9104,7008.5586,NA,NA,NA
MegaProject.exe,13848,0x1F4D621B830,DXGI,1,0,0,Composed: Flip,7021.5773,NA,6.90420000000000,6.92300000000000,0.28610000000000,1.94500000000000,12.6148,7015.0010,6.8624,6.5763,0.2861,6.5564,1.9649,1.9521,0.0128,-0.4806,7015.0010,NA,NA,NA
MegaProject.exe,13848,0x1F4D621B830,DXGI,1,0,0,Composed: Flip,7029.4547,NA,7.87740000000000,6.95300000000000,0.42220000000000,1.83840000000000,11.6904,7021.8634,8.0135,7.5913,0.4222,7.5686,1.8611,1.8498,0.0113,-0.0906,7021.8634,NA,NA,NA
MegaProject.exe,13848,0x1F4D621B830,DXGI,1,0,0,Composed: Flip,7035.5734,NA,6.11870000000000,7.00290000000000,0.33370000000000,1.87530000000000,12.5746,7029.8769,6.0302,5.6965,0.3337,5.6691,1.9027,1.8949,0.0078,1.0106,7029.8769,NA,NA,NA
MegaProject.exe,13848,0x1F4D621B830,DXGI,1,0,0,Composed: Flip,7043.5055,NA,7.93210000000000,6.87250000000000,0.50800000000000,1.91460000000000,11.5150,7035.9071,8.1064,7.5984,0.5080,7.5698,1.9432,1.9357,0.0075,-0.8423,7035.9071,NA,NA,NA
MegaProject.exe,13848,0x1F4D621B830,DXGI,1,0,0,Composed: Flip,7049.5597,NA,6.05420000000000,6.96650000000000,0.44410000000000,1.78990000000000,12.4273,7044.0135,5.9903,5.5462,0.4441,5.5270,1.8091,1.8014,0.0077,1.1399,7044.0135,NA,NA,NA
MegaProject.exe,13848,0x1F4D621B830,DXGI,1,0,0,Composed: Flip,7056.1567,NA,6.59700000000000,13.90070000000000,0.33100000000000,1.85000000000000,19.7310,7050.0038,6.4839,6.1529,0.3310,6.1283,1.8746,1.8666,0.0080,-7.9104,7050.0038,NA,NA,NA
MegaProject.exe,13848,0x1F4D621B830,DXGI,1,0,0,Composed: Flip,7064.3161,NA,8.15940000000000,NA,0.46130000000000,1.68400000000000,NA,7056.4877,8.2897,7.8284,0.4613,7.8000,1.7124,1.6802,0.0322,NA,NA,NA,NA,NA
MegaProject.exe,13848,0x1F4D621B830,DXGI,1,0,0,Composed: Flip,7070.3359,NA,6.01980000000000,6.84020000000000,0.32470000000000,1.81940000000000,12.3920,7064.7774,5.8832,5.5585,0.3247,5.5388,1.8391,1.8283,0.0108,7.9334,7064.7774,NA,NA,NA
MegaProject.exe,13848,0x1F4D621B830,DXGI,1,0,0,Composed: Flip,7078.6192,NA,8.28330000000000,6.96650000000000,0.52530000000000,1.78150000000000,11.0752,7070.6606,8.4839,7.9586,0.5253,7.9241,1.8160,1.7918,0.0242,-1.0833,7070.6606,NA,NA,NA
MegaProject.exe,13848,0x1F4D621B830,DXGI,1,0,0,Composed: Flip,7084.6250,NA,6.00580000000000,13.89600000000000,0.54240000000000,2.17250000000000,18.9654,7079.1445,6.0229,5.4805,0.5424,5.4549,2.1981,2.1927,0.0054,-5.4121,7079.1445,NA,NA,NA
MegaProject.exe,13848,0x1F4D621B830,DXGI,1,0,0,Composed: Flip,7091.1137,NA,6.48870000000000,NA,0.32410000000000,1.52110000000000,NA,7085.1674,6.2704,5.9463,0.3241,5.9265,1.5409,1.5357,0.0052,NA,NA,NA,NA,NA
MegaProject.exe,13848,0x1F4D621B830,DXGI,1,0,0,Composed: Flip,7098.9368,NA,7.82310000000000,6.94460000000000,0.37120000000000,2.17570000000000,11.5982,7091.4378,7.8702,7.4990,0.3712,7.4693,2.2054,2.2043,0.0011,5.3487,7091.4378,NA,NA,NA
MegaProject.exe,13848,0x1F4D621B830,DXGI,1,0,0,Composed: Flip,7104.9963,NA,6.05950000000000,6.94800000000000,0.48680000000000,1.57150000000000,12.4867,7099.3080,6.1751,5.6883,0.4868,5.6676,1.5922,1.5874,0.0048,0.9222,7099.3080,NA,NA,NA
MegaProject.exe,13848,0x1F4D621B830,DXGI,1,0,0,Composed: Flip,7112.5390,NA,7.54270000000000,6.94570000000000,0.38590000000000,1.50410000000000,11.8897,7105.4831,7.4418,7.0559,0.3859,7.0341,1.5259,1.5185,0.0074,-0.7706,7105.4831,NA,NA,NA
MegaProject.exe,13848,0x1F4D621B830,DXGI,1,0,0,Composed: Flip,7118.6872,NA,6.14820000000000,6.93960000000000,0.41070000000000,1.54570000000000,12.6811,7112.9249,6.1730,5.7623,0.4107,5.7452,1.5628,1.5583,0.0045,0.5022,7112.9249,NA,NA,NA
MegaProject.exe,13848,0x1F4D621B830,DXGI,1,0,0,Composed: Flip,7125.7231,NA,7.03590000000000,6.90450000000000,0.31930000000000,1.70460000000000,12.5497,7119.0979,6.9445,6.6252,0.3193,6.5988,1.7310,1.7237,0.0073,-0.7315,7119.0979,NA,NA,NA
MegaProject.exe,13848,0x1F4D621B830,DXGI,1,0,0,Composed: Flip,7133.2955,NA,7.57240000000000,6.93650000000000,0.38350000000000,1.65380000000000,11.9138,7126.0424,7.6366,7.2531,0.3835,7.2336,1.6733,1.6636,0.0097,0.0080,7126.0424,NA,NA,NA
MegaProject.exe,13848,0x1F4D621B830,DXGI,1,0,0,Composed: Flip,7139.8083,NA,6.51280000000000,6.99690000000000,0.32170000000000,1.51570000000000,12.3979,7133.6790,6.4510,6.1293,0.3217,6.1055,1.5395,1.5333,0.0062,0.6397,7133.6790,NA,NA,NA
MegaProject.exe,13848,0x1F4D621B830,DXGI,1,0,0,Composed: Flip,7146.2923,NA,6.48400000000000,6.94620000000000,0.41050000000000,1.62890000000000,12.8601,7140.1300,6.5728,6.1623,0.4105,6.1372,1.6540,1.6456,0.0084,-0.4952,7140.1300,NA,NA,NA
MegaProject.exe,13848,0x1F4D621B830,DXGI,1,0,0,Composed: Flip,7154.5704,NA,8.27810000000000,6.94380000000000,0.47720000000000,1.61560000000000,11.5258,7146.7028,8.3448,7.8676,0.4772,7.8399,1.6433,1.6351,0.0082,-0.3710,7146.7028,NA,NA,NA
MegaProject.exe,13848,0x1F4D621B830,DXGI,1,0,0,Composed: Flip,7160.3119,NA,5.74150000000000,6.94870000000000,0.37980000000000,1.57860000000000,12.7330,7155.0476,5.6441,5.2643,0.3798,5.2455,1.5974,1.5927,0.0047,1.3961,7155.0476,NA,NA,NA
MegaProject.exe,13848,0x1F4D621B830,DXGI,1,0,0,Composed: Flip,7168.0452,NA,7.73330000000000,7.06190000000000,0.37890000000000,1.71010000000000,12.0616,7160.6917,7.7324,7.3535,0.3789,7.3273,1.7363,1.7291,0.0072,-1.4178,7160.6917,NA,NA,NA
MegaProject.exe,13848,0x1F4D621B830,DXGI,1,0,0,Composed: Flip,7174.4079,NA,6.36270000000000,6.89370000000000,0.32950000000000,1.59100000000000,12.5926,7168.4241,6.3133,5.9838,0.3295,5.9603,1.6145,1.6062,0.0083,0.8387,7168.4241,NA,NA,NA
MegaProject.exe,13848,0x1F4D621B830,DXGI,1,0,0,Composed: Flip,7181.6732,NA,7.26530000000000,6.99350000000000,0.36990000000000,1.84740000000000,12.3208,7174.7374,7.3057,6.9358,0.3699,6.9146,1.8686,1.8610,0.0076,-0.6802,7174.7374,NA,NA,NA
MegaProject.exe,13848,0x1F4D621B830,DXGI,1,0,0,Composed: Flip,7189.9363,NA,8.26310000000000,6.94830000000000,0.43450000000000,1.93470000000000,11.0060,7182.0431,8.3277,7.8932,0.4345,7.8570,1.9709,1.9603,0.0106,0.3574,7182.0431,NA,NA,NA
MegaProject.exe,13848,0x1F4D621B830,DXGI,1,0,0,Composed: Flip,7195.7150,NA,5.77870000000000,6.90010000000000,0.41240000000000,1.90980000000000,12.1274,7190.3708,5.7566,5.3442,0.4124,5.3201,1.9339,1.9259,0.0080,1.4276,7190.3708,NA,NA,NA
MegaProject.exe,13848,0x1F4D621B830,DXGI,1,0,0,Composed: Flip,7203.3113,NA,7.59630000000000,6.91820000000000,0.38040000000000,1.77240000000000,11.4493,7196.1274,7.5643,7.1839,0.3804,7.1634,1.7929,1.7808,0.0121,-1.1616,7196.1274,NA,NA,NA
MegaProject.exe,13848,0x1F4D621B830,DXGI,1,0,0,Composed: Flip,7209.2176,NA,5.90630000000000,7.01160000000000,0.41210000000000,1.90250000000000,12.5546,7203.6917,5.9380,5.5259,0.4121,5.5058,1.9226,1.9149,0.0077,0.5527,7203.6917,NA,NA,NA
MegaProject.exe,13848,0x1F4D621B830,DXGI,1,0,0,Composed: Flip,7216.2293,NA,7.01170000000000,6.83640000000000,0.41290000000000,1.90740000000000,12.3793,7209.6297,7.0125,6.5996,0.4129,6.5726,1.9344,1.9266,0.0078,-0.8984,7209.6297,NA,NA,NA
MegaProject.exe,13848,0x1F4D621B830,DXGI,1,0,0,Composed: Flip,7223.9784,NA,7.74910000000000,6.94050000000000,0.35590000000000,1.86930000000000,11.5707,7216.6422,7.6921,7.3362,0.3559,7.3105,1.8950,1.8826,0.0124,0.0720,7216.6422,NA,NA,NA
MegaProject.exe,13848,0x1F4D621B830,DXGI,1,0,0,Composed: Flip,7229.8910,NA,5.91260000000000,6.94540000000000,0.32530000000000,1.72510000000000,12.6035,7224.3343,5.8820,5.5567,0.3253,5.5363,1.7455,1.7379,0.0076,0.7467,7224.3343,NA,NA,NA
MegaProject.exe,13848,0x1F4D621B830,DXGI,1,0,0,Composed: Flip,7238.0589,NA,8.16790000000000,7.05420000000000,0.39580000000000,1.78670000000000,11.4898,7230.2163,8.2384,7.8426,0.3958,7.8153,1.8140,1.8070,0.0070,-1.1722,7230.2163,NA,NA,NA
MegaProject.exe,13848,0x1F4D621B830,DXGI,1,0,0,Composed: Flip,7244.0505,NA,5.99160000000000,6.90840000000000,0.32590000000000,1.86630000000000,12.4066,7238.4547,5.9217,5.5958,0.3259,5.5668,1.8953,1.8835,0.0118,1.3300,7238.4547,NA,NA,NA
MegaProject.exe,13848,0x1F4D621B830,DXGI,1,0,0,Composed: Flip,7250.9966,NA,6.94610000000000,6.83300000000000,0.40980000000000,1.85870000000000,12.2935,7244.3764,7.0300,6.6202,0.4098,6.6003,1.8786,1.8713,0.0073,-0.9113,7244.3764,NA,NA,NA
MegaProject.exe,13848,0x1F4D621B830,DXGI,1,0,0,Composed: Flip,7259.0988,NA,8.10220000000000,6.98530000000000,0.59450000000000,1.79330000000000,11.1766,7251.4064,8.2869,7.6924,0.5945,7.6540,1.8317,1.8063,0.0254,0.0447,7251.4064,NA,NA,NA
MegaProject.exe,13848,0x1F4D621B830,DXGI,1,0,0,Composed: Flip,7264.6592,NA,5.56040000000000,7.01440000000000,0.45000000000000,1.55200000000000,12.6306,7259.6933,5.4159,4.9659,0.4500,4.9373,1.5806,1.5730,0.0076,1.2725,7259.6933,NA,NA,NA
MegaProject.exe,13848,0x1F4D621B830,DXGI,1,0,0,Composed: Flip,7271.5316,NA,6.87240000000000,6.85660000000000,0.36160000000000,1.74480000000000,12.6148,7265.1092,6.7840,6.4224,0.3616,6.4027,1.7645,1.7567,0.0078,-1.4407,7265.1092,NA,NA,NA
MegaProject.exe,13848,0x1F4D621B830,DXGI,1,0,0,Composed: Flip,7279.5050,NA,7.97340000000000,7.04200000000000,0.39690000000000,1.84240000000000,11.6834,7271.8932,8.0087,7.6118,0.3969,7.5852,1.8690,1.8560,0.0130,-0.2580,7271.8932,NA,NA,NA
MegaProject.exe,13848,0x1F4D621B830,DXGI,1,0,0,Composed: Flip,7285.5788,NA,6.07380000000000,6.93720000000000,0.31930000000000,1.88370000000000,12.5468,7279.9019,5.9962,5.6769,0.3193,5.6507,1.9099,1.8963,0.0136,1.0715,7279.9019,NA,NA,NA
MegaProject.exe,13848,0x1F4D621B830,DXGI,1,0,0,Composed: Flip,7293.6602,NA,8.08140000000000,6.82110000000000,0.31990000000000,1.83420000000000,11.2865,7285.8981,8.0820,7.7621,0.3199,7.7409,1.8554,1.8380,0.0174,-0.8249,7285.8981,NA,NA,NA
MegaProject.exe,13848,0x1F4D621B830,DXGI,1,0,0,Composed: Flip,7299.5713,NA,5.91110000000000,7.00060000000000,0.41330000000000,1.68520000000000,12.3760,7293.9801,6.0045,5.5912,0.4133,5.5688,1.7076,1.6984,0.0092,1.0814,7293.9801,NA,NA,NA
MegaProject.exe,13848,0x1F4D621B830,DXGI,1,0,0,Composed: Flip,7306.3697,NA,6.79840000000000,13.88410000000000,0.40140000000000,1.62970000000000,19.4617,7299.9846,6.7865,6.3851,0.4014,6.3635,1.6513,1.6455,0.0058,-7.8796,7299.9846,NA,NA,NA
MegaProject.exe,13848,0x1F4D621B830,DXGI,1,0,0,Composed: Flip,7314.2567,NA,7.88700000000000,NA,0.43860000000000,1.60880000000000,NA,7306.7711,7.9242,7.4856,0.4386,7.4596,1.6348,1.6209,0.0139,NA,NA,NA,NA,NA
MegaProject.exe,13848,0x1F4D621B830,DXGI,1,0,0,Composed: Flip,7320.2827,NA,6.02600000000000,7.04170000000000,0.31160000000000,1.50650000000000,12.5904,7314.6953,5.8990,5.5874,0.3116,5.5630,1.5309,1.5239,0.0070,7.6690,7314.6953,NA,NA,NA
MegaProject.exe,13848,0x1F4D621B830,DXGI,1,0,0,Composed: Flip,7328.0491,NA,7.76640000000000,6.91080000000000,0.37310000000000,1.56970000000000,11.7348,7320.5943,7.8279,7.4548,0.3731,7.4224,1.6021,1.5889,0.0132,-1.0118,7320.5943,NA,NA,NA
MegaProject.exe,13848,0x1F4D621B830,DXGI,1,0,0,Composed: Flip,7334.0294,NA,5.98030000000000,6.96030000000000,0.32510000000000,1.87410000000000,12.7148,7328.4222,5.9323,5.6072,0.3251,5.5692,1.9121,1.9011,0.0110,0.8676,7328.4222,NA,NA,NA
MegaProject.exe,13848,0x1F4D621B830,DXGI,1,0,0,Composed: Flip,7340.9855,NA,6.95610000000000,6.94380000000000,0.27130000000000,1.86970000000000,12.7025,7334.3545,6.9023,6.6310,0.2713,6.6110,1.8897,1.8796,0.0101,-1.0115,7334.3545,NA,NA,NA
MegaProject.exe,13848,0x1F4D621B830,DXGI,1,0,0,Composed: Flip,7349.0648,NA,8.07930000000000,6.94570000000000,0.32300000000000,1.89400000000000,11.5689,7341.2568,8.1310,7.8080,0.3230,7.7809,1.9211,1.9063,0.0148,-0.0434,7341.2568,NA,NA,NA
MegaProject.exe,13848,0x1F4D621B830,DXGI,1,0,0,Composed: Flip,7355.0719,NA,6.00710000000000,6.94380000000000,0.30370000000000,1.93730000000000,12.5056,7349.3878,5.9878,5.6841,0.3037,5.6602,1.9612,1.9470,0.0142,1.1872,7349.3878,NA,NA,NA
MegaProject.exe,13848,0x1F4D621B830,DXGI,1,0,0,Composed: Flip,7362.8578,NA,7.78590000000000,6.97170000000000,0.32130000000000,1.86370000000000,11.6914,7355.3756,7.8035,7.4822,0.3213,7.4614,1.8845,1.8720,0.0125,-0.9839,7355.3756,NA,NA,NA
MegaProject.exe,13848,0x1F4D621B830,DXGI,1,0,0,Composed: Flip,7368.7818,NA,5.92400000000000,6.91110000000000,0.30810000000000,1.82710000000000,12.6785,7363.1791,5.9108,5.6027,0.3081,5.5826,1.8472,1.8394,0.0078,0.8924,7363.1791,NA,NA,NA
MegaProject.exe,13848,0x1F4D621B830,DXGI,1,0,0,Composed: Flip,7375.9513,NA,7.16950000000000,6.96250000000000,0.37590000000000,1.93580000000000,12.4715,7369.0899,7.2373,6.8614,0.3759,6.8347,1.9625,1.9548,0.0077,-1.0517,7369.0899,NA,NA,NA
MegaProject.exe,13848,0x1F4D621B830,DXGI,1,0,0,Composed: Flip,7383.6484,NA,7.69710000000000,6.91250000000000,0.26730000000000,1.92040000000000,11.6869,7376.3272,7.5885,7.3212,0.2673,7.3002,1.9414,1.9297,0.0117,0.3248,7376.3272,NA,NA,NA
MegaProject.exe,13848,0x1F4D621B830,DXGI,1,0,0,Composed: Flip,7389.7313,NA,6.08290000000000,6.88770000000000,0.40860000000000,1.77220000000000,12.4917,7383.9157,6.2242,5.8156,0.4086,5.7937,1.7941,1.7848,0.0093,0.7008,7383.9157,NA,NA,NA
MegaProject.exe,13848,0x1F4D621B830,DXGI,1,0,0,Composed: Flip,7396.6833,NA,6.95200000000000,6.95510000000000,0.45120000000000,1.84420000000000,12.4948,7390.1399,6.9946,6.5434,0.4512,6.5161,1.8715,1.8577,0.0138,-0.7309,7390.1399,NA,NA,NA
MegaProject.exe,13848,0x1F4D621B830,DXGI,1,0,0,Composed: Flip,7404.8934,NA,8.21010000000000,6.94120000000000,0.34290000000000,1.58680000000000,11.2259,7397.1345,8.1018,7.7589,0.3429,7.7386,1.6071,1.5932,0.0139,0.0534,7397.1345,NA,NA,NA
MegaProject.exe,13848,0x1F4D621B830,DXGI,1,0,0,Composed: Flip,7410.4636,NA,5.57020000000000,6.95020000000000,0.30450000000000,1.61300000000000,12.6059,7405.2363,5.5318,5.2273,0.3045,5.2074,1.6329,1.6266,0.0063,1.1516,7405.2363,NA,NA,NA
MegaProject.exe,13848,0x1F4D621B830,DXGI,1,0,0,Composed: Flip,7418.3837,NA,7.92010000000000,7.00760000000000,0.32660000000000,1.57040000000000,11.6934,7410.7681,7.9422,7.6156,0.3266,7.5885,1.5975,1.5850,0.0125,-1.4758,7410.7681,NA,NA,NA
MegaProject.exe,13848,0x1F4D621B830,DXGI,1,0,0,Composed: Flip,7424.1926,NA,5.80890000000000,6.92900000000000,0.27870000000000,1.62430000000000,12.8135,7418.7103,5.7610,5.4823,0.2787,5.4632,1.6434,1.6340,0.0094,1.0132,7418.7103,NA,NA,NA
MegaProject.exe,13848,0x1F4D621B830,DXGI,1,0,0,Composed: Flip,7431.5028,NA,7.31020000000000,6.87170000000000,0.42480000000000,1.81410000000000,12.3750,7424.4713,7.4563,7.0315,0.4248,7.0095,1.8361,1.8268,0.0093,-1.1107,7424.4713,NA,NA,NA
MegaProject.exe,13848,0x1F4D621B830,DXGI,1,0,0,Composed: Flip,7439.7762,NA,8.27340000000000,7.03570000000000,0.34600000000000,1.85690000000000,11.1373,7431.9276,8.1946,7.8486,0.3460,7.8232,1.8823,1.8745,0.0078,0.4206,7431.9276,NA,NA,NA
MegaProject.exe,13848,0x1F4D621B830,DXGI,1,0,0,Composed: Flip,7445.0864,NA,5.31020000000000,6.99800000000000,0.37320000000000,1.82870000000000,12.8251,7440.1222,5.3374,4.9642,0.3732,4.9381,1.8548,1.8425,0.0123,1.1966,7440.1222,NA,NA,NA
MegaProject.exe,13848,0x1F4D621B830,DXGI,1,0,0,Composed: Flip,7453.2744,NA,8.18800000000000,6.82380000000000,0.47880000000000,1.84560000000000,11.4609,7445.4596,8.2936,7.8148,0.4788,7.7940,1.8664,1.8588,0.0076,-1.4864,7445.4596,NA,NA,NA
MegaProject.exe,13848,0x1F4D621B830,DXGI,1,0,0,Composed: Flip,7459.3596,NA,6.08520000000000,7.07070000000000,0.39080000000000,1.80760000000000,12.4464,7453.7532,5.9972,5.6064,0.3908,5.5830,1.8310,1.8214,0.0096,1.2229,7453.7532,NA,NA,NA
MegaProject.exe,13848,0x1F4D621B830,DXGI,1,0,0,Composed: Flip,7466.2281,NA,6.86850000000000,6.93460000000000,0.37300000000000,1.85780000000000,12.5125,7459.7504,6.8507,6.4777,0.3730,6.4514,1.8841,1.8769,0.0072,-0.9374,7459.7504,NA,NA,NA
MegaProject.exe,13848,0x1F4D621B830,DXGI,1,0,0,Composed: Flip,7474.0463,NA,7.81820000000000,6.93160000000000,0.37630000000000,1.84350000000000,11.6259,7466.6011,7.8215,7.4452,0.3763,7.4179,1.8708,1.8582,0.0126,-0.0809,7466.6011,NA,NA,NA
MegaProject.exe,13848,0x1F4D621B830,DXGI,1,0,0,Composed: Flip,7480.1491,NA,6.10280000000000,6.93890000000000,0.35240000000000,1.80010000000000,12.4620,7474.4226,6.0789,5.7265,0.3524,5.6796,1.8470,1.8395,0.0075,0.8826,7474.4226,NA,NA,NA
MegaProject.exe,13848,0x1F4D621B830,DXGI,1,0,0,Composed: Flip,7488.2984,NA,8.14930000000000,6.96770000000000,0.39030000000000,1.92650000000000,11.2804,7480.5015,8.1872,7.7969,0.3903,7.7689,1.9545,1.9467,0.0078,-0.8888,7480.5015,NA,NA,NA
MegaProject.exe,13848,0x1F4D621B830,DXGI,1,0,0,Composed: Flip,7494.0498,NA,5.75140000000000,6.91070000000000,0.35270000000000,1.83220000000000,12.4397,7488.6887,5.7138,5.3611,0.3527,5.3384,1.8549,1.8444,0.0105,1.2765,7488.6887,NA,NA,NA
MegaProject.exe,13848,0x1F4D621B830,DXGI,1,0,0,Composed: Flip,7501.0924,NA,7.04260000000000,6.83250000000000,0.34850000000000,1.85320000000000,12.2296,7494.4025,7.0384,6.6899,0.3485,6.6687,1.8744,1.8669,0.0075,-1.1187,7494.4025,NA,NA,NA
MegaProject.exe,13848,0x1F4D621B830,DXGI,1,0,0,Composed: Flip,7508.7259,NA,7.63350000000000,6.97170000000000,0.58390000000000,1.83120000000000,11.5678,7501.4409,7.8689,7.2850,0.5839,7.2494,1.8668,1.8531,0.0137,0.0667,7501.4409,NA,NA,NA
MegaProject.exe,13848,0x1F4D621B830,DXGI,1,0,0,Composed: Flip,7515.0822,NA,6.35630000000000,6.95030000000000,0.46570000000000,1.64430000000000,12.1618,7509.3098,6.2381,5.7724,0.4657,5.7493,1.6674,1.6624,0.0050,0.9186,7509.3098,NA,NA,NA
MegaProject.exe,13848,0x1F4D621B830,DXGI,1,0,0,Composed: Flip,7521.6458,NA,6.56360000000000,6.88360000000000,0.41720000000000,1.55370000000000,12.4818,7515.5479,6.5151,6.0979,0.4172,6.0765,1.5751,1.5695,0.0056,-0.6455,7515.5479,NA,NA,NA
MegaProject.exe,13848,0x1F4D621B830,DXGI,1,0,0,Composed: Flip,7529.0873,NA,7.44150000000000,7.08430000000000,0.44500000000000,1.57410000000000,12.1246,7522.0630,7.4693,7.0243,0.4450,6.9966,1.6018,1.5972,0.0046,-0.5692,7522.0630,NA,NA,NA
MegaProject.exe,13848,0x1F4D621B830,DXGI,1,0,0,Composed: Flip,7535.4883,NA,6.40100000000000,6.93490000000000,0.27970000000000,1.63100000000000,12.6585,7529.5323,6.2357,5.9560,0.2797,5.9299,1.6571,1.6451,0.0120,0.5344,7529.5323,NA,NA,NA
MegaProject.exe,13848,0x1F4D621B830,DXGI,1,0,0,Composed: Flip,7543.5915,NA,8.10320000000000,6.92220000000000,0.51550000000000,1.92240000000000,11.4775,7535.7680,8.3390,7.8235,0.5155,7.8024,1.9435,1.9305,0.0130,-0.6865,7535.7680,NA,NA,NA
MegaProject.exe,13848,0x1F4D621B830,DXGI,1,0,0,Composed: Flip,7549.7301,NA,6.13860000000000,6.96510000000000,0.42200000000000,1.84470000000000,12.3040,7544.1070,6.0451,5.6231,0.4220,5.6033,1.8645,1.8568,0.0077,1.3739,7544.1070,NA,NA,NA
MegaProject.exe,13848,0x1F4D621B830,DXGI,1,0,0,Composed: Flip,7556.4575,NA,6.72740000000000,6.94460000000000,0.42820000000000,1.82840000000000,12.5212,7550.1521,6.7336,6.3054,0.4282,6.2804,1.8534,1.8461,0.0073,-0.8995,7550.1521,NA,NA,NA
MegaProject.exe,13848,0x1F4D621B830,DXGI,1,0,0,Composed: Flip,7564.1480,NA,7.69050000000000,7.00700000000000,0.33340000000000,1.97850000000000,11.8377,7556.8857,7.5957,7.2623,0.3334,7.2365,2.0043,1.9901,0.0142,-0.2734,7556.8857,NA,NA,NA
MegaProject.exe,13848,0x1F4D621B830,DXGI,1,0,0,Composed: Flip,7570.5858,NA,6.43780000000000,6.92890000000000,0.43050000000000,1.83330000000000,12.3288,7564.4814,6.5349,6.1044,0.4305,6.0839,1.8538,1.8436,0.0102,0.6668,7564.4814,NA,NA,NA
MegaProject.exe,13848,0x1F4D621B830,DXGI,1,0,0,Composed: Flip,7578.8413,NA,8.25550000000000,6.90710000000000,0.41050000000000,1.95270000000000,10.9804,7571.0163,8.2355,7.8250,0.4105,7.7978,1.9799,1.9730,0.0069,-0.3722,7571.0163,NA,NA,NA
MegaProject.exe,13848,0x1F4D621B830,DXGI,1,0,0,Composed: Flip,7584.4002,NA,5.55890000000000,6.99270000000000,0.33870000000000,1.88980000000000,12.4142,7579.2518,5.4871,5.1484,0.3387,5.1249,1.9133,1.9013,0.0120,1.2428,7579.2518,NA,NA,NA
MegaProject.exe,13848,0x1F4D621B830,DXGI,1,0,0,Composed: Flip,7591.3038,NA,6.90360000000000,6.89170000000000,0.31780000000000,1.87150000000000,12.4023,7584.7389,6.8827,6.5649,0.3178,6.5452,1.8912,1.8816,0.0096,-1.4046,7584.7389,NA,NA,NA
MegaProject.exe,13848,0x1F4D621B830,DXGI,1,0,0,Composed: Flip,7599.5555,NA,8.25170000000000,6.94500000000000,0.44270000000000,1.92530000000000,11.0956,7591.6216,8.3766,7.9339,0.4427,7.9049,1.9543,1.9464,0.0079,-0.0623,7591.6216,NA,NA,NA
MegaProject.exe,13848,0x1F4D621B830,DXGI,1,0,0,Composed: Flip,7604.9301,NA,5.37460000000000,6.89820000000000,0.39110000000000,1.87550000000000,12.6192,7599.9982,5.3230,4.9319,0.3911,4.9054,1.9020,1.8941,0.0079,1.4784,7599.9982,NA,NA,NA
MegaProject.exe,13848,0x1F4D621B830,DXGI,1,0,0,Composed: Flip,7613.0189,NA,8.08880000000000,7.01730000000000,0.32170000000000,1.74680000000000,11.5477,7605.3212,8.0194,7.6977,0.3217,7.6777,1.7668,1.7583,0.0085,-1.6943,7605.3212,NA,NA,NA
MegaProject.exe,13848,0x1F4D621B830,DXGI,1,0,0,Composed: Flip,7619.0789,NA,6.06000000000000,6.91420000000000,0.47520000000000,1.77020000000000,12.4019,7613.3406,6.2135,5.7383,0.4752,5.7161,1.7924,1.7827,0.0097,1.1052,7613.3406,NA,NA,NA
MegaProject.exe,13848,0x1F4D621B830,DXGI,1,0,0,Composed: Flip,7626.2086,NA,7.12970000000000,6.95800000000000,0.48270000000000,1.83880000000000,12.2302,7619.5541,7.1372,6.6545,0.4827,6.6333,1.8600,1.8512,0.0088,-0.7445,7619.5541,NA,NA,NA
MegaProject.exe,13848,0x1F4D621B830,DXGI,1,0,0,Composed: Flip,7633.9445,NA,7.73590000000000,6.92750000000000,0.30520000000000,1.94290000000000,11.4218,7626.6913,7.5584,7.2532,0.3052,7.2274,1.9687,1.9414,0.0273,0.2097,7626.6913,NA,NA,NA
MegaProject.exe,13848,0x1F4D621B830,DXGI,1,0,0,Composed: Flip,7640.0047,NA,6.06020000000000,6.95770000000000,0.26990000000000,1.81410000000000,12.3193,7634.2497,6.0249,5.7550,0.2699,5.7323,1.8368,1.8279,0.0089,0.6007,7634.2497,NA,NA,NA
MegaProject.exe,13848,0x1F4D621B830,DXGI,1,0,0,Composed: Flip,7646.5783,NA,6.57360000000000,6.94390000000000,0.34190000000000,1.82060000000000,12.6896,7640.2746,6.6456,6.3037,0.3419,6.2780,1.8463,1.8366,0.0097,-0.9190,7640.2746,NA,NA,NA
MegaProject.exe,13848,0x1F4D621B830,DXGI,1,0,0,Composed: Flip,7654.5559,NA,7.97760000000000,6.98370000000000,0.46280000000000,1.86380000000000,11.6957,7646.9202,8.0985,7.6357,0.4628,7.6054,1.8941,1.8814,0.0127,-0.3381,7646.9202,NA,NA,NA
MegaProject.exe,13848,0x1F4D621B830,DXGI,1,0,0,Composed: Flip,7660.7952,NA,6.23930000000000,6.90660000000000,0.32690000000000,1.80950000000000,12.3630,7655.0187,6.1034,5.7765,0.3269,5.7559,1.8301,1.8200,0.0101,1.1919,7655.0187,NA,NA,NA
MegaProject.exe,13848,0x1F4D621B830,DXGI,1,0,0,Composed: Flip,7668.5847,NA,7.78950000000000,6.99250000000000,0.38530000000000,1.82750000000000,11.5660,7661.1221,7.8479,7.4626,0.3853,7.4336,1.8565,1.8463,0.0102,-0.8891,7661.1221,NA,NA,NA
MegaProject.exe,13848,0x1F4D621B830,DXGI,1,0,0,Composed: Flip,7674.5078,NA,5.92310000000000,6.93650000000000,0.39830000000000,1.80800000000000,12.5794,7668.9700,5.9361,5.5378,0.3983,5.5101,1.8357,1.8236,0.0121,0.9114,7668.9700,NA,NA,NA
MegaProject.exe,13848,0x1F4D621B830,DXGI,1,0,0,Composed: Flip,7681.7032,NA,7.19540000000000,6.90460000000000,0.45720000000000,1.86660000000000,12.2886,7674.9061,7.2543,6.7971,0.4572,6.7753,1.8884,1.8775,0.0109,-0.9685,7674.9061,NA,NA,NA
MegaProject.exe,13848,0x1F4D621B830,DXGI,1,0,0,Composed: Flip,7689.5266,NA,7.82340000000000,6.94500000000000,0.37540000000000,1.92030000000000,11.4102,7682.1604,7.7416,7.3662,0.3754,7.3454,1.9411,1.9317,0.0094,0.3093,7682.1604,NA,NA,NA
MegaProject.exe,13848,0x1F4D621B830,DXGI,1,0,0,Composed: Flip,7694.9595,NA,5.43290000000000,6.86690000000000,0.41060000000000,1.79270000000000,12.8442,7689.9020,5.4681,5.0575,0.4106,5.0331,1.8171,1.8086,0.0085,0.8747,7689.9020,NA,NA,NA
MegaProject.exe,13848,0x1F4D621B830,DXGI,1,0,0,Composed: Flip,7703.0464,NA,8.08690000000000,6.92980000000000,0.41060000000000,1.82370000000000,11.6871,7695.3701,8.0869,7.6763,0.4106,7.6477,1.8523,1.8418,0.0105,-1.4617,7695.3701,NA,NA,NA
MegaProject.exe,13848,0x1F4D621B830,DXGI,1,0,0,Composed: Flip,7710.0288,NA,6.98240000000000,6.95520000000000,0.42020000000000,2.64370000000000,11.6599,7703.4570,6.9920,6.5718,0.4202,6.5457,2.6698,2.6665,0.0033,1.1317,7703.4570,NA,NA,NA
MegaProject.exe,13848,0x1F4D621B830,DXGI,1,0,0,Composed: Flip,7716.1657,NA,6.13690000000000,6.93960000000000,0.33200000000000,1.56490000000000,12.4626,7710.4490,6.0487,5.7167,0.3320,5.6863,1.5953,1.5844,0.0109,0.0524,7710.4490,NA,NA,NA
MegaProject.exe,13848,0x1F4D621B830,DXGI,1,0,0,Composed: Flip,7723.7968,NA,7.63110000000000,6.96880000000000,0.34030000000000,1.51970000000000,11.8003,7716.4977,7.6394,7.2991,0.3403,7.2695,1.5493,1.5365,0.0128,-0.9201,7716.4977,NA,NA,NA
MegaProject.exe,13848,0x1F4D621B830,DXGI,1,0,0,Composed: Flip,7730.0282,NA,6.23140000000000,6.95390000000000,0.28450000000000,1.60300000000000,12.5228,7724.1371,6.1756,5.8911,0.2845,5.8690,1.6251,1.6166,0.0085,0.6855,7724.1371,NA,NA,NA
MegaProject.exe,13848,0x1F4D621B830,DXGI,1,0,0,Composed: Flip,7737.5231,NA,7.49490000000000,6.93450000000000,0.31310000000000,1.58690000000000,11.9624,7730.3127,7.5235,7.2104,0.3131,7.1875,1.6098,1.6017,0.0081,-0.7589,7730.3127,NA,NA,NA
MegaProject.exe,13848,0x1F4D621B830,DXGI,1,0,0,Composed: Flip,7743.5980,NA,6.07490000000000,6.94530000000000,0.28280000000000,1.53640000000000,12.8328,7737.8362,6.0446,5.7618,0.2828,5.7273,1.5709,1.5667,0.0042,0.5782,7737.8362,NA,NA,NA
MegaProject.exe,13848,0x1F4D621B830,DXGI,1,0,0,Composed: Flip,7750.7982,NA,7.20020000000000,6.93910000000000,0.34920000000000,1.56550000000000,12.5717,7743.8808,7.2666,6.9174,0.3492,6.8928,1.5901,1.5817,0.0084,-0.8945,7743.8808,NA,NA,NA
MegaProject.exe,13848,0x1F4D621B830,DXGI,1,0,0,Composed: Flip,7758.7934,NA,7.99520000000000,6.89040000000000,0.35240000000000,1.60730000000000,11.4669,7751.1474,7.9984,7.6460,0.3524,7.6246,1.6287,1.6204,0.0083,0.3762,7751.1474,NA,NA,NA
MegaProject.exe,13848,0x1F4D621B830,DXGI,1,0,0,Composed: Flip,7764.8888,NA,6.09540000000000,7.00480000000000,0.39030000000000,1.56750000000000,12.3763,7759.1458,6.1333,5.7430,0.3903,5.7205,1.5900,1.5840,0.0060,0.9936,7759.1458,NA,NA,NA
MegaProject.exe,13848,0x1F4D621B830,DXGI,1,0,0,Composed: Flip,7771.3999,NA,6.51110000000000,6.90390000000000,0.35610000000000,1.55850000000000,12.7691,7765.2791,6.4769,6.1208,0.3561,6.0940,1.5853,1.5743,0.0110,-0.7706,7765.2791,NA,NA,NA
MegaProject.exe,13848,0x1F4D621B830,DXGI,1,0,0,Composed: Flip,7779.0959,NA,7.69600000000000,6.94380000000000,0.38360000000000,1.54670000000000,12.0169,7771.7560,7.7235,7.3399,0.3836,7.3175,1.5691,1.5627,0.0064,-0.4669,7771.7560,NA,NA,NA
MegaProject.exe,13848,0x1F4D621B830,DXGI,1,0,0,Composed: Flip,7785.8179,NA,6.72200000000000,6.98980000000000,0.27610000000000,1.54280000000000,12.2847,7779.4795,6.6145,6.3384,0.2761,6.3103,1.5709,1.5627,0.0082,0.7337,7779.4795,NA,NA,NA
MegaProject.exe,13848,0x1F4D621B830,DXGI,1,0,0,Composed: Flip,7793.3727,NA,7.55480000000000,6.88530000000000,0.46410000000000,1.67430000000000,11.6152,7786.0940,7.7428,7.2787,0.4641,7.2489,1.7041,1.6954,0.0087,-0.2708,7786.0940,NA,NA,NA
MegaProject.exe,13848,0x1F4D621B830,DXGI,1,0,0,Composed: Flip,7799.2627,NA,5.89000000000000,6.94640000000000,0.35400000000000,1.56670000000000,12.6716,7793.8368,5.7799,5.4259,0.3540,5.4077,1.5849,1.5792,0.0057,0.7964,7793.8368,NA,NA,NA
MegaProject.exe,13848,0x1F4D621B830,DXGI,1,0,0,Composed: Flip,7806.2337,NA,6.97100000000000,7.00620000000000,0.44780000000000,1.55200000000000,12.7068,7799.6167,7.0648,6.6170,0.4478,6.5931,1.5759,1.5688,0.0071,-1.2263,7799.6167,NA,NA,NA
MegaProject.exe,13848,0x1F4D621B830,DXGI,1,0,0,Composed: Flip,7813.7880,NA,7.55430000000000,6.92270000000000,0.44540000000000,1.54210000000000,12.0752,7806.6815,7.5519,7.1065,0.4454,7.0715,1.5771,1.5672,0.0099,0.1421,7806.6815,NA,NA,NA
MegaProject.exe,13848,0x1F4D621B830,DXGI,1,0,0,Composed: Flip,7820.2464,NA,6.45840000000000,6.96920000000000,0.41860000000000,1.59220000000000,12.5860,7814.2334,6.4316,6.0130,0.4186,5.9933,1.6119,1.6057,0.0062,0.5827,7814.2334,NA,NA,NA
MegaProject.exe,13848,0x1F4D621B830,DXGI,1,0,0,Composed: Flip,7828.2055,NA,7.95910000000000,6.94200000000000,0.36420000000000,1.60750000000000,11.5689,7820.6650,7.9047,7.5405,0.3642,7.5069,1.6411,1.6316,0.0095,-0.5104,7820.6650,NA,NA,NA
MegaProject.exe,13848,0x1F4D621B830,DXGI,1,0,0,Composed: Flip,7833.9053,NA,5.69980000000000,6.89090000000000,0.33260000000000,1.59250000000000,12.7600,7828.5697,5.6682,5.3356,0.3326,5.3110,1.6171,1.6090,0.0081,1.0138,7828.5697,NA,NA,NA
MegaProject.exe,13848,0x1F4D621B830,DXGI,1,0,0,Composed: Flip,7840.9259,NA,7.02060000000000,6.95050000000000,0.29480000000000,1.55170000000000,12.6899,7834.2379,6.9828,6.6880,0.2948,6.6690,1.5707,1.5653,0.0054,-1.2823,7834.2379,NA,NA,NA
MegaProject.exe,13848,0x1F4D621B830,DXGI,1,0,0,Composed: Flip,7849.0858,NA,8.15990000000000,6.94660000000000,0.37390000000000,1.58420000000000,11.4766,7841.2207,8.2390,7.8651,0.3739,7.8395,1.6098,1.6013,0.0085,0.0362,7841.2207,NA,NA,NA
MegaProject.exe,13848,0x1F4D621B830,DXGI,1,0,0,Composed: Flip,7855.4995,NA,6.41370000000000,6.98290000000000,0.50500000000000,2.42240000000000,12.0458,7849.4597,6.5448,6.0398,0.5050,5.9959,2.4663,2.4566,0.0097,1.2561,7849.4597,NA,NA,NA
MegaProject.exe,13848,0x1F4D621B830,DXGI,1,0,0,Composed: Flip,7863.5948,NA,8.09530000000000,6.99780000000000,0.49190000000000,1.56740000000000,10.9483,7856.0045,8.0822,7.5903,0.4919,7.5479,1.6098,1.5953,0.0145,-0.4530,7856.0045,NA,NA,NA
MegaProject.exe,13848,0x1F4D621B830,DXGI,1,0,0,Composed: Flip,7869.0915,NA,5.49670000000000,6.89750000000000,0.37600000000000,1.54870000000000,12.3491,7864.0867,5.3808,5.0048,0.3760,4.9808,1.5727,1.5628,0.0099,1.1847,7864.0867,NA,NA,NA
MegaProject.exe,13848,0x1F4D621B830,DXGI,1,0,0,Composed: Flip,7875.8204,NA,6.72890000000000,6.95410000000000,0.31750000000000,1.56810000000000,12.5743,7869.4675,6.6704,6.3529,0.3175,6.3246,1.5964,1.5822,0.0142,-1.5733,7869.4675,NA,NA,NA
MegaProject.exe,13848,0x1F4D621B830,DXGI,1,0,0,Composed: Flip,7883.3627,NA,7.54230000000000,6.92500000000000,0.36180000000000,1.50430000000000,11.9570,7876.1379,7.5866,7.2248,0.3618,7.1935,1.5356,1.5273,0.0083,-0.2546,7876.1379,NA,NA,NA
MegaProject.exe,13848,0x1F4D621B830,DXGI,1,0,0,Composed: Flip,7889.5538,NA,6.19110000000000,6.95910000000000,0.26870000000000,1.56270000000000,12.7250,7883.7245,6.0980,5.8293,0.2687,5.8105,1.5815,1.5748,0.0067,0.6275,7883.7245,NA,NA,NA
MegaProject.exe,13848,0x1F4D621B830,DXGI,1,0,0,Composed: Flip,7897.4043,NA,7.85050000000000,6.95390000000000,0.28480000000000,1.61890000000000,11.8284,7889.8225,7.8666,7.5818,0.2848,7.5566,1.6441,1.6328,0.0113,-0.8559,7889.8225,NA,NA,NA
MegaProject.exe,13848,0x1F4D621B830,DXGI,1,0,0,Composed: Flip,7903.4662,NA,6.06190000000000,6.94110000000000,0.24210000000000,1.56210000000000,12.7076,7897.6891,6.0192,5.7771,0.2421,5.7616,1.5776,1.5691,0.0085,0.9255,7897.6891,NA,NA,NA
MegaProject.exe,13848,0x1F4D621B830,DXGI,1,0,0,Composed: Flip,7910.4392,NA,6.97300000000000,7.01060000000000,0.29440000000000,1.60460000000000,12.7452,7903.7083,7.0253,6.7309,0.2944,6.7140,1.6215,1.6150,0.0065,-0.9914,7903.7083,NA,NA,NA
MegaProject.exe,13848,0x1F4D621B830,DXGI,1,0,0,Composed: Flip,7918.0553,NA,7.61610000000000,6.94460000000000,0.29730000000000,1.87370000000000,12.0737,7910.7336,7.6190,7.3217,0.2973,7.2909,1.9045,1.8883,0.0162,0.0807,7910.7336,NA,NA,NA
MegaProject.exe,13848,0x1F4D621B830,DXGI,1,0,0,Composed: Flip,7924.5160,NA,6.46070000000000,6.86900000000000,0.36130000000000,1.82400000000000,12.4820,7918.3526,6.5247,6.1634,0.3613,6.1453,1.8421,1.8303,0.0118,0.7500,7918.3526,NA,NA,NA
MegaProject.exe,13848,0x1F4D621B830,DXGI,1,0,0,Composed: Flip,7931.5419,NA,7.02590000000000,7.01300000000000,0.35920000000000,1.75170000000000,12.4691,7924.8773,7.0238,6.6646,0.3592,6.6448,1.7715,1.7638,0.0077,-0.4883,7924.8773,NA,NA,NA
MegaProject.exe,13848,0x1F4D621B830,DXGI,1,0,0,Composed: Flip,7939.1513,NA,7.60940000000000,6.88810000000000,0.36210000000000,1.75980000000000,11.7478,7931.9011,7.6123,7.2502,0.3621,7.2217,1.7883,1.7771,0.0112,0.1357,7931.9011,NA,NA,NA
MegaProject.exe,13848,0x1F4D621B830,DXGI,1,0,0,Composed: Flip,7945.2259,NA,6.07460000000000,7.01070000000000,0.34740000000000,1.74140000000000,12.6839,7939.5134,6.0599,5.7125,0.3474,5.6919,1.7620,1.7464,0.0156,0.6016,7939.5134,NA,NA,NA
MegaProject.exe,13848,0x1F4D621B830,DXGI,1,0,0,Composed: Flip,7953.1713,NA,7.94540000000000,6.93040000000000,0.27520000000000,1.77900000000000,11.6689,7945.5733,7.8732,7.5980,0.2752,7.5716,1.8054,1.7952,0.0102,-0.8705,7945.5733,NA,NA,NA
MegaProject.exe,13848,0x1F4D621B830,DXGI,1,0,0,Composed: Flip,7959.1786,NA,6.00730000000000,6.96200000000000,0.27140000000000,1.88400000000000,12.6236,7953.4465,6.0035,5.7321,0.2714,5.7075,1.9086,1.8946,0.0140,0.9112,7953.4465,NA,NA,NA
MegaProject.exe,13848,0x1F4D621B830,DXGI,1,0,0,Composed: Flip,7966.0590,NA,6.88040000000000,6.94100000000000,0.28010000000000,1.84330000000000,12.6842,7959.4500,6.8891,6.6090,0.2801,6.5899,1.8624,1.8502,0.0122,-0.9375,7959.4500,NA,NA,NA
MegaProject.exe,13848,0x1F4D621B830,DXGI,1,0,0,Composed: Flip,7973.8695,NA,7.81050000000000,6.94730000000000,0.28900000000000,1.84230000000000,11.8210,7966.3391,7.8194,7.5304,0.2890,7.5103,1.8624,1.8510,0.0114,-0.0582,7966.3391,NA,NA,NA
MegaProject.exe,13848,0x1F4D621B830,DXGI,1,0,0,Composed: Flip,7980.0031,NA,6.13360000000000,6.95300000000000,0.43520000000000,1.75000000000000,12.6404,7974.1585,6.2798,5.8446,0.4352,5.8175,1.7771,1.7646,0.0125,0.8664,7974.1585,NA,NA,NA
MegaProject.exe,13848,0x1F4D621B830,DXGI,1,0,0,Composed: Flip,7987.7843,NA,7.78120000000000,6.96210000000000,0.30960000000000,1.85770000000000,11.8213,7980.4383,7.6556,7.3460,0.3096,7.3188,1.8849,1.8698,0.0151,-0.6823,7980.4383,NA,NA,NA
MegaProject.exe,13848,0x1F4D621B830,DXGI,1,0,0,Composed: Flip,7993.8831,NA,6.09880000000000,6.91880000000000,0.29350000000000,1.94840000000000,12.6413,7988.0939,6.0827,5.7892,0.2935,5.7718,1.9658,1.9555,0.0103,0.7368,7988.0939,NA,NA,NA
MegaProject.exe,13848,0x1F4D621B830,DXGI,1,0,0,Composed: Flip,8000.8256,NA,6.94250000000000,6.94300000000000,0.34720000000000,1.76280000000000,12.6418,7994.1766,6.9962,6.6490,0.3472,6.6250,1.7868,1.7749,0.0119,-0.8603,7994.1766,NA,NA,NA
MegaProject.exe,13848,0x1F4D621B830,DXGI,1,0,0,Composed: Flip,8008.4748,NA,7.64920000000000,6.82590000000000,0.28060000000000,1.86890000000000,11.8185,8001.1728,7.5826,7.3020,0.2806,7.2772,1.8937,1.8796,0.0141,0.1703,8001.1728,NA,NA,NA
MegaProject.exe,13848,0x1F4D621B830,DXGI,1,0,0,Composed: Flip,8014.4736,NA,5.99880000000000,6.99850000000000,0.32720000000000,1.75100000000000,12.8182,8008.7554,6.0454,5.7182,0.3272,5.7002,1.7690,1.7565,0.0125,0.5841,8008.7554,NA,NA,NA
MegaProject.exe,13848,0x1F4D621B830,DXGI,1,0,0,Composed: Flip,8022.1582,NA,7.68460000000000,6.92430000000000,0.39100000000000,1.60180000000000,12.0579,8014.8008,7.7484,7.3574,0.3910,7.3308,1.6284,1.6188,0.0096,-0.8789,8014.8008,NA,NA,NA
MegaProject.exe,13848,0x1F4D621B830,DXGI,1,0,0,Composed: Flip,8028.6470,NA,6.48880000000000,6.96630000000000,0.39860000000000,1.63150000000000,12.5354,8022.5492,6.4964,6.0978,0.3986,6.0710,1.6583,1.6496,0.0087,0.7821,8022.5492,NA,NA,NA
MegaProject.exe,13848,0x1F4D621B830,DXGI,1,0,0,Composed: Flip,8035.8876,NA,7.24060000000000,6.94200000000000,0.44920000000000,1.62440000000000,12.2368,8029.0456,7.2912,6.8420,0.4492,6.8205,1.6459,1.6395,0.0064,-0.4456,8029.0456,NA,NA,NA
MegaProject.exe,13848,0x1F4D621B830,DXGI,1,0,0,Composed: Flip,8043.1244,NA,7.23680000000000,6.89730000000000,0.39720000000000,1.52930000000000,11.8973,8036.3368,7.1848,6.7876,0.3972,6.7678,1.5491,1.5425,0.0066,0.3939,8036.3368,NA,NA,NA
MegaProject.exe,13848,0x1F4D621B830,DXGI,1,0,0,Composed: Flip,8049.5754,NA,6.45100000000000,6.99410000000000,0.28950000000000,1.62080000000000,12.4404,8043.5216,6.3433,6.0538,0.2895,6.0269,1.6477,1.6394,0.0083,0.1907,8043.5216,NA,NA,NA
MegaProject.exe,13848,0x1F4D621B830,DXGI,1,0,0,Composed: Flip,8056.5064,NA,6.93100000000000,6.93980000000000,0.41510000000000,5.08110000000000,12.4492,8049.8649,7.0566,6.6415,0.4151,6.6195,5.1031,5.0975,0.0056,-0.5965,8049.8649,NA,NA,NA
MegaProject.exe,13848,0x1F4D621B830,DXGI,1,0,0,Composed: Flip,8064.1653,NA,7.65890000000000,14.00650000000000,0.39000000000000,4.88840000000000,18.7968,8056.9215,7.6338,7.2438,0.3900,7.2198,4.9124,4.9050,0.0074,-6.9499,8056.9215,NA,NA,NA
MegaProject.exe,13848,0x1F4D621B830,DXGI,1,0,0,Composed: Flip,8078.8184,NA,14.65310000000000,13.89170000000000,0.55360000000000,5.13970000000000,18.0354,8064.5553,14.8167,14.2631,0.5536,14.2336,5.1692,5.1614,0.0078,-6.2579,8064.5553,NA,NA,NA
MegaProject.exe,13848,0x1F4D621B830,DXGI,1,0,0,Composed: Flip,8092.1141,NA,13.29570000000000,13.87730000000000,0.38200000000000,5.29530000000000,18.6170,8079.3720,13.1241,12.7421,0.3820,12.7139,5.3235,5.3113,0.0122,0.9394,8079.3720,NA,NA,NA
MegaProject.exe,13848,0x1F4D621B830,DXGI,1,0,0,Composed: Flip,8106.7848,NA,14.67070000000000,13.87790000000000,0.42400000000000,5.17170000000000,17.8242,8092.4961,14.7127,14.2887,0.4240,14.2579,5.2025,5.1946,0.0079,-0.7538,8092.4961,NA,NA,NA
MegaProject.exe,13848,0x1F4D621B830,DXGI,1,0,0,Composed: Flip,8120.8158,NA,14.03100000000000,13.75200000000000,0.50600000000000,5.15610000000000,17.5452,8107.2088,14.1130,13.6070,0.5060,13.5767,5.1864,5.1789,0.0075,0.9607,8107.2088,NA,NA,NA
MegaProject.exe,13848,0x1F4D621B830,DXGI,1,0,0,Composed: Flip,8134.7431,NA,13.92730000000000,13.89270000000000,0.50530000000000,5.01360000000000,17.5106,8121.3218,13.9266,13.4213,0.5053,13.3911,5.0438,5.0183,0.0255,0.2203,8121.3218,NA,NA,NA
MegaProject.exe,13848,0x1F4D621B830,DXGI,1,0,0,Composed: Flip,8148.5092,NA,13.76610000000000,13.94390000000000,0.46440000000000,4.97850000000000,17.6884,8135.2484,13.7252,13.2608,0.4644,13.2327,5.0066,4.9970,0.0096,-0.0173,8135.2484,NA,NA,NA
MegaProject.exe,13848,0x1F4D621B830,DXGI,1,0,0,Composed: Flip,8161.4749,NA,12.96570000000000,13.99450000000000,0.39020000000000,5.07190000000000,18.7172,8148.9736,12.8915,12.5013,0.3902,12.4757,5.0975,5.0869,0.0106,-0.2693,8148.9736,NA,NA,NA
MegaProject.exe,13848,0x1F4D621B830,DXGI,1,0,0,Composed: Flip,8176.2301,NA,14.75520000000000,13.75090000000000,0.43270000000000,5.19330000000000,17.7129,8161.8651,14.7977,14.3650,0.4327,14.3387,5.2196,5.2121,0.0075,-0.8594,8161.8651,NA,NA,NA
MegaProject.exe,13848,0x1F4D621B830,DXGI,1,0,0,Composed: Flip,8189.9779,NA,13.74780000000000,14.03530000000000,0.35140000000000,5.11420000000000,18.0004,8176.6628,13.6665,13.3151,0.3514,13.2831,5.1462,5.1377,0.0085,0.7624,8176.6628,NA,NA,NA
MegaProject.exe,13848,0x1F4D621B830,DXGI,1,0,0,Composed: Flip,8203.8563,NA,13.87840000000000,13.89260000000000,0.43770000000000,5.26770000000000,18.0146,8190.3293,13.9647,13.5270,0.4377,13.5004,5.2943,5.2866,0.0077,-0.2261,8190.3293,NA,NA,NA
MegaProject.exe,13848,0x1F4D621B830,DXGI,1,0,0,Composed: Flip,8216.9021,NA,13.04580000000000,13.78360000000000,0.37810000000000,5.16210000000000,18.7524,8204.2940,12.9862,12.6081,0.3781,12.5497,5.2205,5.2099,0.0106,0.1811,8204.2940,NA,NA,NA
MegaProject.exe,13848,0x1F4D621B830,DXGI,1,0,0,Composed: Flip,8231.9043,NA,15.00220000000000,13.88060000000000,0.44280000000000,5.12490000000000,17.6308,8217.2802,15.0669,14.6241,0.4428,14.5966,5.1524,5.1446,0.0078,-0.8944,8217.2802,NA,NA,NA
MegaProject.exe,13848,0x1F4D621B830,DXGI,1,0,0,Composed: Flip,8245.7342,NA,13.82990000000000,13.87200000000000,0.44450000000000,5.12010000000000,17.6729,8232.3471,13.8316,13.3871,0.4445,13.3600,5.1472,5.1204,0.0268,1.1949,8232.3471,NA,NA,NA
MegaProject.exe,13848,0x1F4D621B830,DXGI,1,0,0,Composed: Flip,8259.3469,NA,13.61270000000000,13.91210000000000,0.39510000000000,5.14400000000000,17.9723,8246.1787,13.5633,13.1682,0.3951,13.1484,5.1638,5.1410,0.0228,-0.0805,8246.1787,NA,NA,NA
MegaProject.exe,13848,0x1F4D621B830,DXGI,1,0,0,Composed: Flip,8273.3361,NA,13.98920000000000,13.88340000000000,0.50010000000000,4.99820000000000,17.8665,8259.7420,14.0942,13.5941,0.5001,13.5676,5.0247,5.0174,0.0073,-0.3201,8259.7420,NA,NA,NA
MegaProject.exe,13848,0x1F4D621B830,DXGI,1,0,0,Composed: Flip,8286.4260,NA,13.08990000000000,13.94470000000000,0.31860000000000,4.89690000000000,18.7213,8273.8362,12.9084,12.5898,0.3186,12.5424,4.9443,4.9358,0.0085,0.1495,8273.8362,NA,NA,NA
MegaProject.exe,13848,0x1F4D621B830,DXGI,1,0,0,Composed: Flip,8301.1962,NA,14.77020000000000,13.95820000000000,0.40390000000000,5.21740000000000,17.9093,8286.7446,14.8555,14.4516,0.4039,14.4242,5.2448,5.2374,0.0074,-1.0498,8286.7446,NA,NA,NA
MegaProject.exe,13848,0x1F4D621B830,DXGI,1,0,0,Composed: Flip,8314.9218,NA,13.72560000000000,13.87910000000000,0.40470000000000,5.34760000000000,18.0628,8301.6001,13.7264,13.3217,0.4047,13.2950,5.3743,5.3412,0.0331,0.9764,8301.6001,NA,NA,NA
MegaProject.exe,13848,0x1F4D621B830,DXGI,1,0,0,Composed: Flip,8329.4049,NA,14.48310000000000,13.76220000000000,0.37700000000000,5.21070000000000,17.3419,8315.3265,14.4554,14.0784,0.3770,14.0539,5.2352,5.2245,0.0107,-0.0358,8315.3265,NA,NA,NA
MegaProject.exe,13848,0x1F4D621B830,DXGI,1,0,0,Composed: Flip,8342.2797,NA,12.87480000000000,13.91310000000000,0.44160000000000,5.00270000000000,18.3802,8329.7819,12.9394,12.4978,0.4416,12.4687,5.0318,5.0058,0.0260,0.5423,8329.7819,NA,NA,NA
MegaProject.exe,13848,0x1F4D621B830,DXGI,1,0,0,Composed: Flip,8356.9434,NA,14.66370000000000,13.86480000000000,0.39360000000000,6.93740000000000,17.5813,8342.7213,14.6157,14.2221,0.3936,14.1972,6.9623,6.9614,0.0009,-0.9254,8342.7213,NA,NA,NA
MegaProject.exe,13848,0x1F4D621B830,DXGI,1,0,0,Composed: Flip,8370.8804,NA,13.93700000000000,14.10120000000000,0.31020000000000,4.87800000000000,17.7455,8357.3370,13.8536,13.5434,0.3102,13.5222,4.8992,4.8959,0.0033,0.5145,8357.3370,NA,NA,NA
MegaProject.exe,13848,0x1F4D621B830,DXGI,1,0,0,Composed: Flip,8384.2459,NA,13.36550000000000,13.81130000000000,0.35220000000000,5.22150000000000,18.1913,8371.1906,13.4075,13.0553,0.3522,13.0281,5.2487,5.2365,0.0122,0.0423,8371.1906,NA,NA,NA
MegaProject.exe,13848,0x1F4D621B830,DXGI,1,0,0,Composed: Flip,8398.7958,NA,14.54990000000000,13.88740000000000,0.34580000000000,5.28420000000000,17.5288,8384.5981,14.5435,14.1977,0.3458,14.1733,5.3086,5.3008,0.0078,-0.4799,8384.5981,NA,NA,NA
MegaProject.exe,13848,0x1F4D621B830,DXGI,1,0,0,Composed: Flip,8411.3166,NA,12.52080000000000,13.90930000000000,0.44760000000000,5.22120000000000,18.9173,8399.1416,12.6226,12.1750,0.4476,12.1453,5.2509,5.2380,0.0129,0.6342,8399.1416,NA,NA,NA
MegaProject.exe,13848,0x1F4D621B830,DXGI,1,0,0,Composed: Flip,8426.3810,NA,15.06440000000000,13.82220000000000,0.42310000000000,5.29490000000000,17.6751,8411.7642,15.0399,14.6168,0.4231,14.5887,5.3230,5.3159,0.0071,-1.1996,8411.7642,NA,NA,NA
MegaProject.exe,13848,0x1F4D621B830,DXGI,1,0,0,Composed: Flip,8440.5018,NA,14.12080000000000,13.83260000000000,0.37380000000000,5.08450000000000,17.3869,8426.8041,14.0715,13.6977,0.3738,13.6711,5.1111,5.0998,0.0113,1.2073,8426.8041,NA,NA,NA
MegaProject.exe,13848,0x1F4D621B830,DXGI,1,0,0,Composed: Flip,8453.9583,NA,13.45650000000000,13.89030000000000,0.33900000000000,4.95920000000000,17.8207,8440.8756,13.4217,13.0827,0.3390,13.0549,4.9870,4.9754,0.0116,0.1812,8440.8756,NA,NA,NA
MegaProject.exe,13848,0x1F4D621B830,DXGI,1,0,0,Composed: Flip,8466.8993,NA,12.94100000000000,14.00430000000000,0.32110000000000,4.95730000000000,18.8840,8454.2973,12.9231,12.6020,0.3211,12.5746,4.9847,4.9790,0.0057,-0.5826,8454.2973,NA,NA,NA
MegaProject.exe,13848,0x1F4D621B830,DXGI,1,0,0,Composed: Flip,8482.0545,NA,15.15520000000000,13.88410000000000,0.43780000000000,5.18710000000000,17.6129,8467.2204,15.2719,14.8341,0.4378,14.8083,5.2129,5.2057,0.0072,-0.9610,8467.2204,NA,NA,NA
MegaProject.exe,13848,0x1F4D621B830,DXGI,1,0,0,Composed: Flip,8495.8139,NA,13.75940000000000,13.89210000000000,0.39240000000000,5.34110000000000,17.7456,8482.4923,13.7140,13.3216,0.3924,13.2952,5.3675,5.3571,0.0104,1.3798,8482.4923,NA,NA,NA
MegaProject.exe,13848,0x1F4D621B830,DXGI,1,0,0,Composed: Flip,8509.4790,NA,13.66510000000000,13.86020000000000,0.40530000000000,5.21130000000000,17.9407,8496.2063,13.6780,13.2727,0.4053,13.2468,5.2372,5.2307,0.0065,-0.1462,8496.2063,NA,NA,NA
MegaProject.exe,13848,0x1F4D621B830,DXGI,1,0,0,Composed: Flip,8523.7539,NA,14.27490000000000,13.92630000000000,0.46580000000000,5.13470000000000,17.5921,8509.8843,14.3354,13.8696,0.4658,13.8385,5.1658,5.1567,0.0091,-0.2483,8509.8843,NA,NA,NA
MegaProject.exe,13848,0x1F4D621B830,DXGI,1,0,0,Composed: Flip,8536.8188,NA,13.06490000000000,13.75630000000000,0.41640000000000,5.21370000000000,18.2835,8524.2197,13.0155,12.5991,0.4164,12.5649,5.2479,5.2399,0.0080,0.5791,8524.2197,NA,NA,NA
MegaProject.exe,13848,0x1F4D621B830,DXGI,1,0,0,Composed: Flip,8551.3594,NA,14.54060000000000,14.02430000000000,0.42530000000000,5.07600000000000,17.7672,8537.2352,14.5495,14.1242,0.4253,14.0966,5.1036,5.0958,0.0078,-1.0088,8537.2352,NA,NA,NA
MegaProject.exe,13848,0x1F4D621B830,DXGI,1,0,0,Composed: Flip,8565.2622,NA,13.90280000000000,13.83290000000000,0.56840000000000,7.63230000000000,17.6973,8551.7847,14.0459,13.4775,0.5684,13.4575,7.6523,7.6439,0.0084,0.7166,8551.7847,NA,NA,NA
MegaProject.exe,13848,0x1F4D621B830,DXGI,1,0,0,Composed: Flip,8578.9174,NA,13.65520000000000,13.90720000000000,0.41250000000000,5.22720000000000,17.9493,8565.8306,13.4993,13.0868,0.4125,13.0608,5.2532,5.2417,0.0115,0.1387,8565.8306,NA,NA,NA
MegaProject.exe,13848,0x1F4D621B830,DXGI,1,0,0,Composed: Flip,8591.9506,NA,13.03320000000000,13.92220000000000,0.43930000000000,5.12880000000000,18.8383,8579.3299,13.0600,12.6207,0.4393,12.5948,5.1547,5.1399,0.0148,-0.4229,8579.3299,NA,NA,NA
MegaProject.exe,13848,0x1F4D621B830,DXGI,1,0,0,Composed: Flip,8606.8513,NA,14.90070000000000,13.82740000000000,0.42050000000000,5.27460000000000,17.7650,8592.3899,14.8819,14.4614,0.4205,14.4319,5.3041,5.2933,0.0108,-0.7674,8592.3899,NA,NA,NA
MegaProject.exe,13848,0x1F4D621B830,DXGI,1,0,0,Composed: Flip,8620.6041,NA,13.75280000000000,13.96110000000000,0.35270000000000,5.27830000000000,17.9733,8607.2718,13.6850,13.3323,0.3527,13.3045,5.3061,5.2964,0.0097,0.9208,8607.2718,NA,NA,NA
MegaProject.exe,13848,0x1F4D621B830,DXGI,1,0,0,Composed: Flip,8634.6137,NA,14.00960000000000,13.75530000000000,0.46470000000000,5.24540000000000,17.7190,8620.9568,14.1216,13.6569,0.4647,13.6291,5.2732,5.2660,0.0072,-0.0703,8620.9568,NA,NA,NA
MegaProject.exe,13848,0x1F4D621B830,DXGI,1,0,0,Composed: Flip,8648.3681,NA,13.75440000000000,13.92800000000000,0.47480000000000,5.02560000000000,17.8926,8635.0784,13.7645,13.2897,0.4748,13.2627,5.0526,5.0264,0.0262,0.1936,8635.0784,NA,NA,NA
MegaProject.exe,13848,0x1F4D621B830,DXGI,1,0,0,Composed: Flip,8661.3172,NA,12.94910000000000,13.87380000000000,0.40960000000000,4.95080000000000,18.8173,8648.8429,12.8839,12.4743,0.4096,12.4495,4.9756,4.9690,0.0066,-0.1093,8648.8429,NA,NA,NA
MegaProject.exe,13848,0x1F4D621B830,DXGI,1,0,0,Composed: Flip,8676.3573,NA,15.04010000000000,13.95520000000000,0.43960000000000,7.29370000000000,17.7324,8661.7268,15.0701,14.6305,0.4396,14.6052,7.3190,7.3123,0.0067,-1.0713,8661.7268,NA,NA,NA
MegaProject.exe,13848,0x1F4D621B830,DXGI,1,0,0,Composed: Flip,8690.4321,NA,14.07480000000000,13.92760000000000,0.36530000000000,5.29370000000000,17.5852,8676.7969,14.0005,13.6352,0.3653,13.6080,5.3209,5.3131,0.0078,1.1425,8676.7969,NA,NA,NA
MegaProject.exe,13848,0x1F4D621B830,DXGI,1,0,0,Composed: Flip,8703.7407,NA,13.30860000000000,13.90100000000000,0.38580000000000,5.24470000000000,18.1776,8690.7974,13.3291,12.9433,0.3858,12.9181,5.2699,5.2622,0.0077,0.0995,8690.7974,NA,NA,NA
MegaProject.exe,13848,0x1F4D621B830,DXGI,1,0,0,Composed: Flip,8717.0017,NA,13.26100000000000,13.89490000000000,0.47560000000000,5.10990000000000,18.8115,8704.1265,13.3508,12.8752,0.4756,12.8540,5.1311,5.1248,0.0063,-0.5658,8704.1265,NA,NA,NA
MegaProject.exe,13848,0x1F4D621B830,DXGI,1,0,0,Composed: Flip,8731.9092,NA,14.90750000000000,13.76120000000000,0.32980000000000,5.38780000000000,17.6652,8717.4773,14.7617,14.4319,0.3298,14.4054,5.4143,5.4079,0.0064,-0.4104,8717.4773,NA,NA,NA
MegaProject.exe,13848,0x1F4D621B830,DXGI,1,0,0,Composed: Flip,8745.6446,NA,13.73540000000000,13.89550000000000,0.40440000000000,5.12700000000000,17.8253,8732.2390,13.8100,13.4056,0.4044,13.3789,5.1537,5.1473,0.0064,0.8662,8732.2390,NA,NA,NA
MegaProject.exe,13848,0x1F4D621B830,DXGI,1,0,0,Composed: Flip,8759.2475,NA,13.60290000000000,13.94500000000000,0.45480000000000,4.97680000000000,18.1674,8746.0490,13.6533,13.1985,0.4548,13.1732,5.0021,4.9933,0.0088,-0.1350,8746.0490,NA,NA,NA
MegaProject.exe,13848,0x1F4D621B830,DXGI,1,0,0,Composed: Flip,8773.2118,NA,13.96430000000000,13.95050000000000,0.36350000000000,7.40070000000000,18.1536,8759.7023,13.8730,13.5095,0.3635,13.4838,7.4264,7.4193,0.0071,-0.2972,8759.7023,NA,NA,NA
MegaProject.exe,13848,0x1F4D621B830,DXGI,1,0,0,Composed: Flip,8787.0483,NA,13.83650000000000,13.84010000000000,0.36130000000000,5.32120000000000,18.1572,8773.5753,13.8343,13.4730,0.3613,13.4458,5.3484,5.3406,0.0078,0.0329,8773.5753,NA,NA,NA
MegaProject.exe,13848,0x1F4D621B830,DXGI,1,0,0,Composed: Flip,8801.3040,NA,14.25570000000000,13.98780000000000,0.35660000000000,5.34670000000000,17.8893,8787.4096,14.2510,13.8944,0.3566,13.8660,5.3751,5.3621,0.0130,-0.1535,8787.4096,NA,NA,NA
MegaProject.exe,13848,0x1F4D621B830,DXGI,1,0,0,Composed: Flip,8814.9524,NA,13.64840000000000,13.84320000000000,0.36670000000000,5.25900000000000,18.0841,8801.6606,13.6585,13.2918,0.3667,13.2693,5.2815,5.2716,0.0099,0.4078,8801.6606,NA,NA,NA
MegaProject.exe,13848,0x1F4D621B830,DXGI,1,0,0,Composed: Flip,8828.8963,NA,13.94390000000000,13.88990000000000,0.39600000000000,5.20520000000000,18.0301,8815.3191,13.9732,13.5772,0.3960,13.5511,5.2313,5.2233,0.0080,-0.2314,8815.3191,NA,NA,NA
MegaProject.exe,13848,0x1F4D621B830,DXGI,1,0,0,Composed: Flip,8842.2472,NA,13.35090000000000,13.89510000000000,0.38340000000000,5.36620000000000,18.5743,8829.2923,13.3383,12.9549,0.3834,12.9302,5.3909,5.3811,0.0098,0.0781,8829.2923,NA,NA,NA
MegaProject.exe,13848,0x1F4D621B830,DXGI,1,0,0,Composed: Flip,8856.9882,NA,14.74100000000000,13.82030000000000,0.39450000000000,5.49020000000000,17.6536,8842.6306,14.7521,14.3576,0.3945,14.3300,5.5178,5.4986,0.0192,-0.4820,8842.6306,NA,NA,NA
MegaProject.exe,13848,0x1F4D621B830,DXGI,1,0,0,Composed: Flip,8870.9245,NA,13.93630000000000,13.95050000000000,0.40600000000000,5.15360000000000,17.6678,8857.3827,13.9478,13.5418,0.4060,13.5221,5.1733,5.1609,0.0124,0.8016,8857.3827,NA,NA,NA
MegaProject.exe,13848,0x1F4D621B830,DXGI,1,0,0,Composed: Flip,8884.5275,NA,13.60300000000000,13.88720000000000,0.35230000000000,5.36690000000000,17.9520,8871.3305,13.5493,13.1970,0.3523,13.1743,5.3896,5.3832,0.0064,0.0606,8871.3305,NA,NA,NA
MegaProject.exe,13848,0x1F4D621B830,DXGI,1,0,0,Composed: Flip,8898.6908,NA,14.16330000000000,13.89000000000000,0.42490000000000,5.25730000000000,17.6787,8884.8798,14.2359,13.8110,0.4249,13.7847,5.2836,5.2724,0.0112,-0.3407,8884.8798,NA,NA,NA
MegaProject.exe,13848,0x1F4D621B830,DXGI,1,0,0,Composed: Flip,8911.5092,NA,12.81840000000000,13.88610000000000,0.37310000000000,5.33980000000000,18.7464,8899.1157,12.7666,12.3935,0.3731,12.3656,5.3677,5.3580,0.0097,0.3498,8899.1157,NA,NA,NA
MegaProject.exe,13848,0x1F4D621B830,DXGI,1,0,0,Composed: Flip,8926.4143,NA,14.90510000000000,13.91450000000000,0.36170000000000,5.25170000000000,17.7558,8911.8823,14.8937,14.5320,0.3617,14.5042,5.2795,5.2721,0.0074,-1.1479,8911.8823,NA,NA,NA
MegaProject.exe,13848,0x1F4D621B830,DXGI,1,0,0,Composed: Flip,8940.4201,NA,14.00580000000000,13.77120000000000,0.37610000000000,5.34920000000000,17.5212,8926.7760,14.0202,13.6441,0.3761,13.6176,5.3757,5.3652,0.0105,1.1225,8926.7760,NA,NA,NA
MegaProject.exe,13848,0x1F4D621B830,DXGI,1,0,0,Composed: Flip,8953.6406,NA,13.22050000000000,13.86290000000000,0.38740000000000,5.36820000000000,18.1636,8940.7962,13.2318,12.8444,0.3874,12.8163,5.3963,5.3850,0.0113,0.1573,8940.7962,NA,NA,NA
MegaProject.exe,13848,0x1F4D621B830,DXGI,1,0,0,Composed: Flip,8967.0443,NA,13.40370000000000,13.91490000000000,0.35680000000000,5.39330000000000,18.6748,8954.0280,13.3731,13.0163,0.3568,12.9904,5.4192,5.3879,0.0313,-0.6831,8954.0280,NA,NA,NA
MegaProject.exe,13848,0x1F4D621B830,DXGI,1,0,0,Composed: Flip,8981.6791,NA,14.63480000000000,13.89220000000000,0.40980000000000,5.05700000000000,17.9322,8967.4011,14.6878,14.2780,0.4098,14.2517,5.0833,5.0739,0.0094,-0.5191,8967.4011,NA,NA,NA
MegaProject.exe,13848,0x1F4D621B830,DXGI,1,0,0,Composed: Flip,8995.8545,NA,14.17540000000000,13.96120000000000,0.40630000000000,7.35530000000000,17.7180,8982.0889,14.1719,13.7656,0.4063,13.7423,7.3786,7.3739,0.0047,0.7266,8982.0889,NA,NA,NA
MegaProject.exe,13848,0x1F4D621B830,DXGI,1,0,0,Composed: Flip,9009.2841,NA,13.42960000000000,13.80900000000000,0.40310000000000,5.48720000000000,18.0974,8996.2608,13.4264,13.0233,0.4031,12.9967,5.5138,5.4978,0.0160,0.3629,8996.2608,NA,NA,NA
MegaProject.exe,13848,0x1F4D621B830,DXGI,1,0,0,Composed: Flip,9023.1140,NA,13.82990000000000,14.00290000000000,0.36660000000000,6.74640000000000,18.2704,9009.6872,13.7934,13.4268,0.3666,13.4069,6.7663,6.7534,0.0129,-0.5765,9009.6872,NA,NA,NA
MegaProject.exe,13848,0x1F4D621B830,DXGI,1,0,0,Composed: Flip,9036.6820,NA,13.56800000000000,13.85390000000000,0.49630000000000,5.62160000000000,18.5563,9023.4806,13.6977,13.2014,0.4963,13.1738,5.6492,5.6385,0.0107,-0.0605,9023.4806,NA,NA,NA
MegaProject.exe,13848,0x1F4D621B830,DXGI,1,0,0,Composed: Flip,9051.2305,NA,14.54850000000000,13.81080000000000,0.43380000000000,5.33520000000000,17.8186,9037.1783,14.4860,14.0522,0.4338,14.0102,5.3772,5.3715,0.0057,-0.1131,9037.1783,NA,NA,NA
MegaProject.exe,13848,0x1F4D621B830,DXGI,1,0,0,Composed: Flip,9065.1992,NA,13.96870000000000,13.89790000000000,0.37140000000000,5.40900000000000,17.7478,9051.6643,13.9063,13.5349,0.3714,13.5063,5.4376,5.4262,0.0114,0.5881,9051.6643,NA,NA,NA
MegaProject.exe,13848,0x1F4D621B830,DXGI,1,0,0,Composed: Flip,9079.0659,NA,13.86670000000000,13.94670000000000,0.44960000000000,5.35930000000000,17.8278,9065.5706,13.9449,13.4953,0.4496,13.4702,5.3844,5.3754,0.0090,-0.0404,9065.5706,NA,NA,NA
MegaProject.exe,13848,0x1F4D621B830,DXGI,1,0,0,Composed: Flip,9092.1177,NA,13.05180000000000,13.87100000000000,0.47630000000000,5.50650000000000,18.6470,9079.5155,13.0785,12.6022,0.4763,12.5745,5.5342,5.5218,0.0124,0.0739,9079.5155,NA,NA,NA
MegaProject.exe,13848,0x1F4D621B830,DXGI,1,0,0,Composed: Flip,9106.9842,NA,14.86650000000000,13.91300000000000,0.36920000000000,7.12390000000000,17.6935,9092.5940,14.7594,14.3902,0.3692,14.3608,7.1533,7.1522,0.0011,-0.8345,9092.5940,NA,NA,NA
MegaProject.exe,13848,0x1F4D621B830,DXGI,1,0,0,Composed: Flip,9121.1117,NA,14.12750000000000,13.94180000000000,0.40360000000000,5.51230000000000,17.5078,9107.3534,14.1619,13.7583,0.4036,13.7388,5.5318,5.5230,0.0088,0.8176,9107.3534,NA,NA,NA
MegaProject.exe,13848,0x1F4D621B830,DXGI,1,0,0,Composed: Flip,9134.4463,NA,13.33460000000000,13.89750000000000,0.66530000000000,5.60330000000000,18.0707,9121.5153,13.5963,12.9310,0.6653,12.9041,5.6302,5.6220,0.0082,0.2644,9121.5153,NA,NA,NA
MegaProject.exe,13848,0x1F4D621B830,DXGI,1,0,0,Composed: Flip,9148.5178,NA,14.07150000000000,13.88980000000000,0.43560000000000,5.52460000000000,17.8890,9135.1116,13.8418,13.4062,0.4356,13.3794,5.5514,5.5385,0.0129,-0.2935,9135.1116,NA,NA,NA
MegaProject.exe,13848,0x1F4D621B830,DXGI,1,0,0,Composed: Flip,9161.5480,NA,13.03020000000000,13.78090000000000,0.37500000000000,5.72250000000000,18.6397,9148.9534,12.9696,12.5946,0.3750,12.5695,5.7476,5.7353,0.0123,0.0609,9148.9534,NA,NA,NA
MegaProject.exe,13848,0x1F4D621B830,DXGI,1,0,0,Composed: Flip,9176.5621,NA,15.01410000000000,13.94580000000000,0.45800000000000,5.27090000000000,17.5714,9161.9230,15.0971,14.6391,0.4580,14.6053,5.3047,5.2788,0.0259,-0.9762,9161.9230,NA,NA,NA
MegaProject.exe,13848,0x1F4D621B830,DXGI,1,0,0,Composed: Flip,9190.2035,NA,13.64140000000000,13.93950000000000,0.40790000000000,5.42030000000000,17.8695,9177.0201,13.5913,13.1834,0.4079,13.1581,5.4456,5.4381,0.0075,1.1576,9177.0201,NA,NA,NA
MegaProject.exe,13848,0x1F4D621B830,DXGI,1,0,0,Composed: Flip,9203.7735,NA,13.57000000000000,13.92290000000000,0.46230000000000,5.61800000000000,18.2224,9190.6114,13.6244,13.1621,0.4623,13.1377,5.6424,5.6348,0.0076,-0.3316,9190.6114,NA,NA,NA
MegaProject.exe,13848,0x1F4D621B830,DXGI,1,0,0,Composed: Flip,9217.4042,NA,13.63070000000000,13.71320000000000,0.38320000000000,5.25040000000000,18.3049,9204.2358,13.5516,13.1684,0.3832,13.1453,5.2735,5.2650,0.0085,-0.0888,9204.2358,NA,NA,NA
MegaProject.exe,13848,0x1F4D621B830,DXGI,1,0,0,Composed: Flip,9231.9852,NA,14.58100000000000,14.03480000000000,0.47790000000000,6.67020000000000,17.7587,9217.7874,14.6757,14.1978,0.4779,14.1673,6.7007,6.6885,0.0122,-0.4832,9217.7874,NA,NA,NA
MegaProject.exe,13848,0x1F4D621B830,DXGI,1,0,0,Composed: Flip,9245.7760,NA,13.79080000000000,13.89530000000000,0.46170000000000,5.61130000000000,17.8632,9232.4631,13.7746,13.3129,0.4617,13.2873,5.6369,5.6284,0.0085,0.7804,9232.4631,NA,NA,NA
MegaProject.exe,13848,0x1F4D621B830,DXGI,1,0,0,Composed: Flip,9259.4625,NA,13.68650000000000,13.84590000000000,0.44010000000000,5.49950000000000,18.0226,9246.2377,13.6649,13.2248,0.4401,13.1994,5.5249,5.5173,0.0076,-0.0713,9246.2377,NA,NA,NA
MegaProject.exe,13848,0x1F4D621B830,DXGI,1,0,0,Composed: Flip,9273.4897,NA,14.02720000000000,13.81820000000000,0.43250000000000,5.28900000000000,17.8136,9259.9026,14.0196,13.5871,0.4325,13.5587,5.3174,5.3060,0.0114,-0.1533,9259.9026,NA,NA,NA
MegaProject.exe,13848,0x1F4D621B830,DXGI,1,0,0,Composed: Flip,9286.7134,NA,13.22370000000000,13.86770000000000,0.44820000000000,5.31780000000000,18.4576,9273.9222,13.2394,12.7912,0.4482,12.7650,5.3440,5.3367,0.0073,0.1519,9273.9222,NA,NA,NA
MegaProject.exe,13848,0x1F4D621B830,DXGI,1,0,0,Composed: Flip,9300.8293,NA,14.11590000000000,13.91540000000000,0.30400000000000,5.38360000000000,18.2571,9287.1616,13.9717,13.6677,0.3040,13.6409,5.4104,5.4027,0.0077,-0.6760,9287.1616,NA,NA,NA
MegaProject.exe,13848,0x1F4D621B830,DXGI,1,0,0,Composed: Flip,9315.0878,NA,14.25850000000000,13.89210000000000,0.34650000000000,7.56100000000000,17.8907,9301.1333,14.3010,13.9545,0.3465,13.9288,7.5867,7.5851,0.0016,0.0796,9301.1333,NA,NA,NA
MegaProject.exe,13848,0x1F4D621B830,DXGI,1,0,0,Composed: Flip,9329.2755,NA,14.18770000000000,14.02260000000000,0.32850000000000,5.24670000000000,17.7256,9315.4343,14.1697,13.8412,0.3285,13.8168,5.2711,5.2633,0.0078,0.2784,9315.4343,NA,NA,NA
MegaProject.exe,13848,0x1F4D621B830,DXGI,1,0,0,Composed: Flip,9342.1086,NA,12.83310000000000,13.82690000000000,0.43720000000000,5.58540000000000,18.7194,9329.6040,12.9418,12.5046,0.4372,12.4792,5.6108,5.5990,0.0118,0.3428,9329.6040,NA,NA,NA
MegaProject.exe,13848,0x1F4D621B830,DXGI,1,0,0,Composed: Flip,9357.1490,NA,15.04040000000000,13.90030000000000,0.54900000000000,5.49130000000000,17.5793,9342.5458,15.1522,14.6032,0.5490,14.5712,5.5233,5.5154,0.0079,-0.9585,9342.5458,NA,NA,NA
MegaProject.exe,13848,0x1F4D621B830,DXGI,1,0,0,Composed: Flip,9370.7162,NA,13.56720000000000,13.77090000000000,0.45250000000000,5.50580000000000,17.7830,9357.6980,13.4707,13.0182,0.4525,12.9929,5.5311,5.5234,0.0077,1.3813,9357.6980,NA,NA,NA
MegaProject.exe,13848,0x1F4D621B830,DXGI,1,0,0,Composed: Flip,9384.7523,NA,14.03610000000000,13.92620000000000,0.39620000000000,5.38850000000000,17.6731,9371.1687,13.9798,13.5836,0.3962,13.5544,5.4177,5.3899,0.0278,-0.4555,9371.1687,NA,NA,NA
MegaProject.exe,13848,0x1F4D621B830,DXGI,1,0,0,Composed: Flip,9398.3624,NA,13.61010000000000,13.98510000000000,0.48170000000000,5.41120000000000,18.0481,9385.1485,13.6956,13.2139,0.4817,13.1898,5.4353,5.4261,0.0092,-0.0053,9385.1485,NA,NA,NA
MegaProject.exe,13848,0x1F4D621B830,DXGI,1,0,0,Composed: Flip,9411.2307,NA,12.86830000000000,13.87570000000000,0.45820000000000,7.42020000000000,19.0555,9398.8441,12.8448,12.3866,0.4582,12.3545,7.4523,7.4461,0.0062,-0.1801,9398.8441,NA,NA,NA
MegaProject.exe,13848,0x1F4D621B830,DXGI,1,0,0,Composed: Flip,9426.2993,NA,15.06860000000000,13.89360000000000,0.40190000000000,7.74680000000000,17.8805,9411.6889,15.0123,14.6104,0.4019,14.5897,7.7675,7.7567,0.0108,-1.0488,9411.6889,NA,NA,NA
MegaProject.exe,13848,0x1F4D621B830,DXGI,1,0,0,Composed: Flip,9440.0268,NA,13.72750000000000,13.91460000000000,0.35960000000000,5.63660000000000,18.0676,9426.7012,13.6852,13.3256,0.3596,13.3056,5.6566,5.6431,0.0135,1.0977,9426.7012,NA,NA,NA
MegaProject.exe,13848,0x1F4D621B830,DXGI,1,0,0,Composed: Flip,9453.6385,NA,13.61170000000000,13.77860000000000,0.45470000000000,5.41660000000000,18.2345,9440.3864,13.7068,13.2521,0.4547,13.2271,5.4416,5.4340,0.0076,-0.0934,9440.3864,NA,NA,NA
MegaProject.exe,13848,0x1F4D621B830,DXGI,1,0,0,Composed: Flip,9467.2231,NA,13.58460000000000,13.96650000000000,0.56400000000000,5.57930000000000,18.6164,9454.0932,13.6939,13.1299,0.5640,13.1026,5.6066,5.5963,0.0103,-0.2597,9454.0932,NA,NA,NA
MegaProject.exe,13848,0x1F4D621B830,DXGI,1,0,0,Composed: Flip,9481.7357,NA,14.51260000000000,13.79430000000000,0.37720000000000,5.38110000000000,17.8981,9467.7871,14.3258,13.9486,0.3772,13.9295,5.4002,5.3916,0.0086,-0.1004,9467.7871,NA,NA,NA
MegaProject.exe,13848,0x1F4D621B830,DXGI,1,0,0,Composed: Flip,9495.6439,NA,13.90820000000000,13.95990000000000,0.35690000000000,4.97140000000000,17.9498,9482.1129,13.8879,13.5310,0.3569,13.5045,4.9979,4.9876,0.0103,0.3659,9482.1129,NA,NA,NA
MegaProject.exe,13848,0x1F4D621B830,DXGI,1,0,0,Composed: Flip,9509.4367,NA,13.79280000000000,13.95800000000000,0.40200000000000,5.39340000000000,18.1150,9496.0008,13.8379,13.4359,0.4020,13.3986,5.4307,5.4221,0.0086,-0.0701,9496.0008,NA,NA,NA
MegaProject.exe,13848,0x1F4D621B830,DXGI,1,0,0,Composed: Flip,9523.6517,NA,14.21500000000000,13.88340000000000,0.46720000000000,7.99510000000000,17.7834,9509.8387,14.2802,13.8130,0.4672,13.7950,8.0131,8.0119,0.0012,-0.0455,9509.8387,NA,NA,NA
MegaProject.exe,13848,0x1F4D621B830,DXGI,1,0,0,Composed: Flip,9536.9059,NA,13.25420000000000,13.85130000000000,0.35570000000000,5.67760000000000,18.3805,9524.1189,13.1427,12.7870,0.3557,12.7600,5.7046,5.6971,0.0075,0.4289,9524.1189,NA,NA,NA
MegaProject.exe,13848,0x1F4D621B830,DXGI,1,0,0,Composed: Flip,9551.5409,NA,14.63500000000000,13.91930000000000,0.47080000000000,5.57660000000000,17.6648,9537.2616,14.7501,14.2793,0.4708,14.2476,5.6083,5.5965,0.0118,-0.7766,9537.2616,NA,NA,NA
MegaProject.exe,13848,0x1F4D621B830,DXGI,1,0,0,Composed: Flip,9566.0048,NA,14.46390000000000,13.90250000000000,0.39340000000000,5.47000000000000,17.1034,9552.0117,14.3865,13.9931,0.3934,13.9638,5.4993,5.4882,0.0111,0.8476,9552.0117,NA,NA,NA
MegaProject.exe,13848,0x1F4D621B830,DXGI,1,0,0,Composed: Flip,9579.1638,NA,13.15900000000000,13.75190000000000,0.45170000000000,5.50310000000000,17.6963,9566.3982,13.2173,12.7656,0.4517,12.7409,5.5278,5.5150,0.0128,0.6346,9566.3982,NA,NA,NA
MegaProject.exe,13848,0x1F4D621B830,DXGI,1,0,0,Composed: Flip,9592.4431,NA,13.27930000000000,13.92310000000000,0.45090000000000,5.36490000000000,18.3401,9579.6155,13.2785,12.8276,0.4509,12.7987,5.3938,5.3727,0.0211,-0.7058,9579.6155,NA,NA,NA
MegaProject.exe,13848,0x1F4D621B830,DXGI,1,0,0,Composed: Flip,9606.4488,NA,14.00570000000000,13.85830000000000,0.45690000000000,5.33540000000000,18.1927,9592.8940,14.0117,13.5548,0.4569,13.5279,5.3623,5.3552,0.0071,-0.5798,9592.8940,NA,NA,NA
MegaProject.exe,13848,0x1F4D621B830,DXGI,1,0,0,Composed: Flip,9620.3335,NA,13.88470000000000,13.92450000000000,0.39690000000000,5.12270000000000,18.2325,9606.9057,13.8247,13.4278,0.3969,13.4030,5.1475,5.1392,0.0083,0.0872,9606.9057,NA,NA,NA
MegaProject.exe,13848,0x1F4D621B830,DXGI,1,0,0,Composed: Flip,9634.9465,NA,14.61300000000000,13.87530000000000,0.30060000000000,5.06050000000000,17.4948,9620.7304,14.5167,14.2161,0.3006,14.1907,5.0859,5.0717,0.0142,-0.0506,9620.7304,NA,NA,NA
MegaProject.exe,13848,0x1F4D621B830,DXGI,1,0,0,Composed: Flip,9648.1854,NA,13.23890000000000,14.00060000000000,0.46080000000000,5.32420000000000,18.2565,9635.2471,13.3991,12.9383,0.4608,12.9116,5.3509,5.3432,0.0077,0.5161,9635.2471,NA,NA,NA
MegaProject.exe,13848,0x1F4D621B830,DXGI,1,0,0,Composed: Flip,9661.9038,NA,13.71840000000000,13.89790000000000,0.42420000000000,6.45610000000000,18.4360,9648.6462,13.6818,13.2576,0.4242,13.2329,6.4808,6.4751,0.0057,-0.4988,9648.6462,NA,NA,NA
MegaProject.exe,13848,0x1F4D621B830,DXGI,1,0,0,Composed: Flip,9676.3671,NA,14.46330000000000,13.83270000000000,0.40270000000000,5.60870000000000,17.8054,9662.3280,14.4418,14.0391,0.4027,14.0138,5.6340,5.6266,0.0074,-0.1509,9662.3280,NA,NA,NA
MegaProject.exe,13848,0x1F4D621B830,DXGI,1,0,0,Composed: Flip,9689.9122,NA,13.54510000000000,13.83720000000000,0.37160000000000,5.28440000000000,18.0975,9676.7698,13.5140,13.1424,0.3716,13.1169,5.3099,5.2710,0.0389,0.6046,9676.7698,NA,NA,NA
MegaProject.exe,13848,0x1F4D621B830,DXGI,1,0,0,Composed: Flip,9703.7138,NA,13.80160000000000,14.00290000000000,0.42490000000000,5.36190000000000,18.2988,9690.2838,13.8549,13.4300,0.4249,13.4052,5.3867,5.3772,0.0095,-0.4889,9690.2838,NA,NA,NA
MegaProject.exe,13848,0x1F4D621B830,DXGI,1,0,0,Composed: Flip,9717.1105,NA,13.39670000000000,13.89580000000000,0.38220000000000,5.43840000000000,18.7979,9704.1387,13.3540,12.9718,0.3822,12.9469,5.4633,5.4378,0.0255,-0.0409,9704.1387,NA,NA,NA
MegaProject.exe,13848,0x1F4D621B830,DXGI,1,0,0,Composed: Flip,9732.0502,NA,14.93970000000000,13.89020000000000,0.36400000000000,7.53000000000000,17.7484,9717.4927,14.9215,14.5575,0.3640,14.5370,7.5505,7.5419,0.0086,-0.5362,9717.4927,NA,NA,NA
MegaProject.exe,13848,0x1F4D621B830,DXGI,1,0,0,Composed: Flip,9745.8201,NA,13.76990000000000,13.89590000000000,0.35450000000000,5.61680000000000,17.8744,9732.4142,13.7604,13.4059,0.3545,13.3775,5.6452,5.6374,0.0078,1.0256,9732.4142,NA,NA,NA
MegaProject.exe,13848,0x1F4D621B830,DXGI,1,0,0,Composed: Flip,9759.5043,NA,13.68420000000000,13.88560000000000,0.40140000000000,5.34790000000000,18.0758,9746.1746,13.7311,13.3297,0.4014,13.3030,5.3746,5.3600,0.0146,-0.1252,9746.1746,NA,NA,NA
MegaProject.exe,13848,0x1F4D621B830,DXGI,1,0,0,Composed: Flip,9773.7912,NA,14.28690000000000,13.88190000000000,0.44130000000000,5.51230000000000,17.6708,9759.9057,14.3268,13.8855,0.4413,13.8454,5.5524,5.5445,0.0079,-0.1508,9759.9057,NA,NA,NA
MegaProject.exe,13848,0x1F4D621B830,DXGI,1,0,0,Composed: Flip,9786.8402,NA,13.04900000000000,13.75670000000000,0.37430000000000,5.64690000000000,18.3785,9774.2325,12.9820,12.6077,0.3743,12.5813,5.6733,5.6659,0.0074,0.5701,9774.2325,NA,NA,NA
MegaProject.exe,13848,0x1F4D621B830,DXGI,1,0,0,Composed: Flip,9801.4700,NA,14.62980000000000,14.02770000000000,0.41200000000000,5.25060000000000,17.7764,9787.2145,14.6675,14.2555,0.4120,14.2224,5.2837,5.2699,0.0138,-1.0457,9787.2145,NA,NA,NA
MegaProject.exe,13848,0x1F4D621B830,DXGI,1,0,0,Composed: Flip,9814.9481,NA,13.47810000000000,13.88660000000000,0.35870000000000,5.72240000000000,18.1849,9801.8820,13.4248,13.0661,0.3587,13.0406,5.7479,5.7375,0.0104,0.7809,9801.8820,NA,NA,NA
MegaProject.exe,13848,0x1F4D621B830,DXGI,1,0,0,Composed: Flip,9829.4242,NA,14.47610000000000,13.88630000000000,0.42820000000000,5.39910000000000,17.5951,9815.3068,14.5456,14.1174,0.4282,14.0926,5.4239,5.4167,0.0072,-0.4615,9815.3068,NA,NA,NA
MegaProject.exe,13848,0x1F4D621B830,DXGI,1,0,0,Composed: Flip,9842.5460,NA,13.12180000000000,13.89070000000000,0.40120000000000,5.32330000000000,18.3640,9829.8524,13.0948,12.6936,0.4012,12.6656,5.3513,5.3244,0.0269,0.6549,9829.8524,NA,NA,NA
MegaProject.exe,13848,0x1F4D621B830,DXGI,1,0,0,Composed: Flip,9856.5631,NA,14.01710000000000,13.81500000000000,0.37510000000000,5.60290000000000,18.1619,9842.9472,13.9910,13.6159,0.3751,13.5888,5.6300,5.6221,0.0079,-0.7202,9842.9472,NA,NA,NA
MegaProject.exe,13848,0x1F4D621B830,DXGI,1,0,0,Composed: Flip,9871.2377,NA,14.67460000000000,13.97290000000000,0.35430000000000,7.20630000000000,17.4602,9856.9382,14.6538,14.2995,0.3543,14.2750,7.2308,7.2186,0.0122,0.0181,9856.9382,NA,NA,NA
MegaProject.exe,13848,0x1F4D621B830,DXGI,1,0,0,Composed: Flip,9884.4220,NA,13.18430000000000,13.76140000000000,0.49380000000000,5.63320000000000,18.0373,9871.5920,13.3238,12.8300,0.4938,12.8046,5.6586,5.6464,0.0122,0.8924,9871.5920,NA,NA,NA
MegaProject.exe,13848,0x1F4D621B830,DXGI,1,0,0,Composed: Flip,9898.7131,NA,14.29110000000000,13.84600000000000,0.46170000000000,5.49500000000000,17.5922,9884.9158,14.2590,13.7973,0.4617,13.7691,5.5232,5.4990,0.0242,-0.5222,9884.9158,NA,NA,NA
MegaProject.exe,13848,0x1F4D621B830,DXGI,1,0,0,Composed: Flip,9911.5959,NA,12.88280000000000,13.94950000000000,0.33050000000000,7.01660000000000,18.6589,9899.1748,12.7516,12.4211,0.3305,12.3953,7.0424,7.0317,0.0107,0.3095,9899.1748,NA,NA,NA
MegaProject.exe,13848,0x1F4D621B830,DXGI,1,0,0,Composed: Flip,9926.1790,NA,14.58310000000000,14.02690000000000,0.41460000000000,5.26160000000000,18.1027,9911.9264,14.6672,14.2526,0.4146,14.2265,5.2877,5.2793,0.0084,-1.2753,9911.9264,NA,NA,NA
MegaProject.exe,13848,0x1F4D621B830,DXGI,1,0,0,Composed: Flip,9940.2414,NA,14.06240000000000,13.82850000000000,0.32480000000000,5.47800000000000,17.8688,9926.5936,13.9726,13.6478,0.3248,13.6212,5.5046,5.4973,0.0073,0.8387,9926.5936,NA,NA,NA
MegaProject.exe,13848,0x1F4D621B830,DXGI,1,0,0,Composed: Flip,9954.4323,NA,14.19090000000000,13.89210000000000,0.48440000000000,5.17970000000000,17.5700,9940.5662,14.3505,13.8661,0.4844,13.8442,5.2016,5.1926,0.0090,0.0805,9940.5662,NA,NA,NA
MegaProject.exe,13848,0x1F4D621B830,DXGI,1,0,0,Composed: Flip,9967.2068,NA,12.77450000000000,13.80230000000000,0.41000000000000,5.51470000000000,18.5978,9954.9167,12.7001,12.2901,0.4100,12.2601,5.5447,5.5332,0.0115,0.5482,9954.9167,NA,NA,NA
MegaProject.exe,13848,0x1F4D621B830,DXGI,1,0,0,Composed: Flip,9982.0615,NA,14.85470000000000,13.90850000000000,0.37220000000000,5.41340000000000,17.6516,9967.6168,14.8169,14.4447,0.3722,14.4176,5.4405,5.4325,0.0080,-1.2084,9967.6168,NA,NA,NA
MegaProject.exe,13848,0x1F4D621B830,DXGI,1,0,0,Composed: Flip,9996.1651,NA,14.10360000000000,13.88530000000000,0.45970000000000,5.49590000000000,17.4333,9982.4337,14.1911,13.7314,0.4597,13.7046,5.5227,5.5094,0.0133,0.9316,9982.4337,NA,NA,NA
MegaProject.exe,13848,0x1F4D621B830,DXGI,1,0,0,Composed: Flip,10009.4409,NA,13.27580000000000,13.84060000000000,0.44540000000000,5.09570000000000,17.9981,9996.6248,13.2615,12.8161,0.4454,12.7879,5.1239,5.1142,0.0097,0.3505,9996.6248,NA,NA,NA
MegaProject.exe,13848,0x1F4D621B830,DXGI,1,0,0,Composed: Flip,10023.2868,NA,13.84590000000000,14.00420000000000,0.47990000000000,5.43440000000000,18.1564,10009.8863,13.8804,13.4005,0.4799,13.3810,5.4539,5.4439,0.0100,-0.7427,10009.8863,NA,NA,NA
MegaProject.exe,13848,0x1F4D621B830,DXGI,1,0,0,Composed: Flip,10036.6868,NA,13.40000000000000,13.87470000000000,0.32950000000000,5.50820000000000,18.6311,10023.7667,13.2496,12.9201,0.3295,12.8908,5.5375,5.5223,0.0152,0.0057,10023.7667,NA,NA,NA
MegaProject.exe,13848,0x1F4D621B830,DXGI,1,0,0,Composed: Flip,10051.6207,NA,14.93390000000000,13.91120000000000,0.41270000000000,7.70750000000000,17.6084,10037.0163,15.0171,14.6044,0.4127,14.5829,7.7290,7.7174,0.0116,-0.6616,10037.0163,NA,NA,NA
MegaProject.exe,13848,0x1F4D621B830,DXGI,1,0,0,Composed: Flip,10065.7896,NA,14.16890000000000,13.93020000000000,0.47040000000000,5.20200000000000,17.3697,10052.0334,14.2266,13.7562,0.4704,13.7344,5.2238,5.2094,0.0144,1.0869,10052.0334,NA,NA,NA
MegaProject.exe,13848,0x1F4D621B830,DXGI,1,0,0,Composed: Flip,10079.4508,NA,13.66120000000000,13.84500000000000,0.46410000000000,5.53530000000000,17.5535,10066.2600,13.6549,13.1908,0.4641,13.1630,5.5631,5.5520,0.0111,0.3816,10066.2600,NA,NA,NA
MegaProject.exe,13848,0x1F4D621B830,DXGI,1,0,0,Composed: Flip,10092.6585,NA,13.20770000000000,13.82940000000000,0.42430000000000,5.75560000000000,18.1752,10079.9149,13.1679,12.7436,0.4243,12.7193,5.7799,5.7674,0.0125,-0.1745,10079.9149,NA,NA,NA
MegaProject.exe,13848,0x1F4D621B830,DXGI,1,0,0,Composed: Flip,10106.8021,NA,14.14360000000000,13.92750000000000,0.34170000000000,5.36630000000000,17.9591,10093.0828,14.0610,13.7193,0.3417,13.6885,5.3971,5.3827,0.0144,-0.7596,10093.0828,NA,NA,NA
MegaProject.exe,13848,0x1F4D621B830,DXGI,1,0,0,Composed: Flip,10120.5222,NA,13.72010000000000,13.91550000000000,0.37220000000000,5.61190000000000,18.1545,10107.1438,13.7506,13.3784,0.3722,13.3508,5.6395,5.6320,0.0075,0.1455,10107.1438,NA,NA,NA
MegaProject.exe,13848,0x1F4D621B830,DXGI,1,0,0,Composed: Flip,10134.3961,NA,13.87390000000000,13.92600000000000,0.51340000000000,5.50970000000000,18.2066,10120.8944,14.0151,13.5017,0.5134,13.4758,5.5356,5.5283,0.0073,-0.1754,10120.8944,NA,NA,NA
MegaProject.exe,13848,0x1F4D621B830,DXGI,1,0,0,Composed: Flip,10148.8586,NA,14.46250000000000,13.78770000000000,0.41620000000000,5.34520000000000,17.5318,10134.9095,14.3653,13.9491,0.4162,13.9240,5.3703,5.3595,0.0108,0.2274,10134.9095,NA,NA,NA
MegaProject.exe,13848,0x1F4D621B830,DXGI,1,0,0,Composed: Flip,10161.9171,NA,13.05850000000000,13.85890000000000,0.46770000000000,5.08630000000000,18.3322,10149.2748,13.1100,12.6423,0.4677,12.6154,5.1132,5.1054,0.0078,0.5064,10149.2748,NA,NA,NA
MegaProject.exe,13848,0x1F4D621B830,DXGI,1,0,0,Composed: Flip,10176.0397,NA,14.12260000000000,13.97110000000000,0.39720000000000,5.41160000000000,18.1807,10162.3848,14.0521,13.6549,0.3972,13.6295,5.4370,5.4274,0.0096,-0.8611,10162.3848,NA,NA,NA
MegaProject.exe,13848,0x1F4D621B830,DXGI,1,0,0,Composed: Flip,10190.0908,NA,14.05110000000000,13.83870000000000,0.35550000000000,5.27200000000000,17.9683,10176.4369,14.0094,13.6539,0.3555,13.6292,5.2967,5.2848,0.0119,0.2134,10176.4369,NA,NA,NA
MegaProject.exe,13848,0x1F4D621B830,DXGI,1,0,0,Composed: Flip,10203.8906,NA,13.79980000000000,13.89010000000000,0.29560000000000,5.42870000000000,18.0586,10190.4463,13.7399,13.4443,0.2956,13.4155,5.4575,5.4446,0.0129,0.1193,10190.4463,NA,NA,NA
MegaProject.exe,13848,0x1F4D621B830,DXGI,1,0,0,Composed: Flip,10217.4218,NA,13.53120000000000,13.83080000000000,0.33440000000000,5.33870000000000,18.3582,10204.1862,13.5700,13.2356,0.3344,13.2103,5.3640,5.3547,0.0093,-0.0909,10204.1862,NA,NA,NA
MegaProject.exe,13848,0x1F4D621B830,DXGI,1,0,0,Composed: Flip,10231.0854,NA,13.66360000000000,14.06070000000000,0.42540000000000,6.97240000000000,18.7553,10217.7562,13.7546,13.3292,0.4254,13.3037,6.9979,6.9891,0.0088,-0.4907,10217.7562,NA,NA,NA
MegaProject.exe,13848,0x1F4D621B830,DXGI,1,0,0,Composed: Flip,10245.7356,NA,14.65020000000000,13.88040000000000,0.45730000000000,5.54100000000000,17.9855,10231.5108,14.6821,14.2248,0.4573,14.1979,5.5679,5.5607,0.0072,-0.1258,10231.5108,NA,NA,NA
MegaProject.exe,13848,0x1F4D621B830,DXGI,1,0,0,Composed: Flip,10259.8021,NA,14.06650000000000,13.90600000000000,0.43780000000000,5.51950000000000,17.8250,10246.1929,14.0470,13.6092,0.4378,13.5829,5.5458,5.5385,0.0073,0.7761,10246.1929,NA,NA,NA
MegaProject.exe,13848,0x1F4D621B830,DXGI,1,0,0,Composed: Flip,10273.8212,NA,14.01910000000000,13.87820000000000,0.42530000000000,5.28160000000000,17.6841,10260.2399,14.0066,13.5813,0.4253,13.5540,5.3089,5.3037,0.0052,0.1688,10260.2399,NA,NA,NA
MegaProject.exe,13848,0x1F4D621B830,DXGI,1,0,0,Composed: Flip,10286.9772,NA,13.15600000000000,13.90250000000000,0.39220000000000,5.59360000000000,18.4306,10274.2465,13.1229,12.7307,0.3922,12.7034,5.6209,5.6138,0.0071,0.1041,10274.2465,NA,NA,NA
MegaProject.exe,13848,0x1F4D621B830,DXGI,1,0,0,Composed: Flip,10301.4046,NA,14.42740000000000,13.76940000000000,0.44220000000000,5.53220000000000,17.7726,10287.3694,14.4774,14.0352,0.4422,14.0089,5.5585,5.5513,0.0072,-0.6465,10287.3694,NA,NA,NA
MegaProject.exe,13848,0x1F4D621B830,DXGI,1,0,0,Composed: Flip,10315.4231,NA,14.01850000000000,14.00330000000000,0.42100000000000,5.10630000000000,17.7574,10301.8468,13.9973,13.5763,0.4210,13.5542,5.1284,5.1131,0.0153,0.4741,10301.8468,NA,NA,NA
MegaProject.exe,13848,0x1F4D621B830,DXGI,1,0,0,Composed: Flip,10329.1617,NA,13.73860000000000,13.90510000000000,0.39360000000000,5.28280000000000,17.9239,10315.8441,13.7112,13.3176,0.3936,13.2927,5.3077,5.3000,0.0077,0.0922,10315.8441,NA,NA,NA
MegaProject.exe,13848,0x1F4D621B830,DXGI,1,0,0,Composed: Flip,10342.1184,NA,12.95670000000000,13.87410000000000,0.43390000000000,5.65240000000000,18.8413,10329.5553,12.9970,12.5631,0.4339,12.5377,5.6778,5.6666,0.0112,-0.1629,10329.5553,NA,NA,NA
MegaProject.exe,13848,0x1F4D621B830,DXGI,1,0,0,Composed: Flip,10356.7595,NA,14.64110000000000,13.84700000000000,0.68450000000000,5.58290000000000,18.0472,10342.5523,14.8917,14.2072,0.6845,14.1825,5.6076,5.5971,0.0105,-0.8500,10342.5523,NA,NA,NA
MegaProject.exe,13848,0x1F4D621B830,DXGI,1,0,0,Composed: Flip,10370.8965,NA,14.13700000000000,13.81540000000000,0.37120000000000,7.54840000000000,17.7256,10357.4440,13.8237,13.4525,0.3712,13.4320,7.5689,7.5587,0.0102,1.0763,10357.4440,NA,NA,NA
MegaProject.exe,13848,0x1F4D621B830,DXGI,1,0,0,Composed: Flip,10384.8130,NA,13.91650000000000,13.97050000000000,0.34310000000000,6.44270000000000,17.7796,10371.2677,13.8884,13.5453,0.3431,13.5181,6.4699,6.4598,0.0101,-0.1468,10371.2677,NA,NA,NA
MegaProject.exe,13848,0x1F4D621B830,DXGI,1,0,0,Composed: Flip,10398.3483,NA,13.53530000000000,13.79460000000000,0.37560000000000,5.52670000000000,18.0389,10385.1561,13.5678,13.1922,0.3756,13.1648,5.5541,5.5437,0.0104,0.0938,10385.1561,NA,NA,NA
MegaProject.exe,13848,0x1F4D621B830,DXGI,1,0,0,Composed: Flip,10411.7473,NA,13.39900000000000,13.91450000000000,0.42090000000000,5.37900000000000,18.5544,10398.7239,13.4443,13.0234,0.4209,12.9946,5.4078,5.3808,0.0270,-0.3467,10398.7239,NA,NA,NA
MegaProject.exe,13848,0x1F4D621B830,DXGI,1,0,0,Composed: Flip,10426.3848,NA,14.63750000000000,13.89740000000000,0.42450000000000,5.30720000000000,17.8143,10412.1682,14.6411,14.2166,0.4245,14.1880,5.3358,5.3273,0.0085,-0.4531,10412.1682,NA,NA,NA
MegaProject.exe,13848,0x1F4D621B830,DXGI,1,0,0,Composed: Flip,10440.1662,NA,13.78140000000000,13.83240000000000,0.42580000000000,5.41890000000000,17.8653,10426.8093,13.7827,13.3569,0.4258,13.3319,5.4439,5.4325,0.0114,0.8087,10426.8093,NA,NA,NA
MegaProject.exe,13848,0x1F4D621B830,DXGI,1,0,0,Composed: Flip,10454.5862,NA,14.42000000000000,13.93680000000000,0.35920000000000,5.42320000000000,17.3821,10440.5920,14.3534,13.9942,0.3592,13.9628,5.4546,5.4231,0.0315,-0.1541,10440.5920,NA,NA,NA
MegaProject.exe,13848,0x1F4D621B830,DXGI,1,0,0,Composed: Flip,10467.2735,NA,12.68730000000000,13.90050000000000,0.42490000000000,4.98350000000000,18.5953,10454.9454,12.7530,12.3281,0.4249,12.3010,5.0106,5.0010,0.0096,0.4529,10454.9454,NA,NA,NA
MegaProject.exe,13848,0x1F4D621B830,DXGI,1,0,0,Composed: Flip,10481.9968,NA,14.72330000000000,13.95480000000000,0.61240000000000,5.20700000000000,17.8268,10467.6984,14.9108,14.2984,0.6124,14.2716,5.2338,5.2240,0.0098,-1.2018,10467.6984,NA,NA,NA
MegaProject.exe,13848,0x1F4D621B830,DXGI,1,0,0,Composed: Flip,10496.1063,NA,14.10950000000000,13.80410000000000,0.41290000000000,5.48860000000000,17.5214,10482.6092,13.9100,13.4971,0.4129,13.4691,5.5166,5.5088,0.0078,1.1067,10482.6092,NA,NA,NA
MegaProject.exe,13848,0x1F4D621B830,DXGI,1,0,0,Composed: Flip,10509.8659,NA,13.75960000000000,13.91830000000000,0.48170000000000,5.57290000000000,17.6801,10496.5192,13.8284,13.3467,0.4817,13.3188,5.6008,5.5882,0.0126,-0.0083,10496.5192,NA,NA,NA
MegaProject.exe,13848,0x1F4D621B830,DXGI,1,0,0,Composed: Flip,10523.7762,NA,13.91030000000000,13.94860000000000,0.55480000000000,7.16710000000000,17.7184,10510.3476,13.9834,13.4286,0.5548,13.4000,7.1957,7.1716,0.0241,-0.1202,10510.3476,NA,NA,NA
MegaProject.exe,13848,0x1F4D621B830,DXGI,1,0,0,Composed: Flip,10537.0535,NA,13.27730000000000,13.88870000000000,0.46360000000000,5.45940000000000,18.3298,10524.3310,13.1861,12.7225,0.4636,12.6949,5.4870,5.4754,0.0116,0.0947,10524.3310,NA,NA,NA
MegaProject.exe,13848,0x1F4D621B830,DXGI,1,0,0,Composed: Flip,10551.4247,NA,14.37120000000000,NA,0.47260000000000,5.49590000000000,NA,10537.5171,14.3802,13.9076,0.4726,13.8805,5.5230,5.5104,0.0126,NA,NA,NA,NA,NA
MegaProject.exe,13848,0x1F4D621B830,DXGI,1,0,0,Composed: Flip,10565.8824,NA,14.45770000000000,27.71180000000000,0.51920000000000,5.20030000000000,17.2127,10551.8973,14.5043,13.9851,0.5192,13.9613,5.2241,5.1963,0.0278,-0.1455,10551.8973,NA,NA,NA
MegaProject.exe,13848,0x1F4D621B830,DXGI,1,0,0,Composed: Flip,10579.4080,NA,13.52560000000000,NA,0.44880000000000,7.34590000000000,NA,10566.4016,13.4552,13.0064,0.4488,12.9702,7.3821,7.3775,0.0046,NA,NA,NA,NA,NA
MegaProject.exe,13848,0x1F4D621B830,DXGI,1,0,0,Composed: Flip,10592.7001,NA,13.29210000000000,27.84940000000000,0.48800000000000,5.55100000000000,18.2444,10579.8568,13.3313,12.8433,0.4880,12.8128,5.5815,5.5674,0.0141,0.1101,10579.8568,NA,NA,NA
MegaProject.exe,13848,0x1F4D621B830,DXGI,1,0,0,Composed: Flip,10606.9906,NA,14.29050000000000,13.79460000000000,0.42970000000000,5.50640000000000,17.7485,10593.1881,14.2322,13.8025,0.4297,13.7732,5.5357,5.5236,0.0121,-0.4633,10593.1881,NA,NA,NA
MegaProject.exe,13848,0x1F4D621B830,DXGI,1,0,0,Composed: Flip,10620.8388,NA,13.84820000000000,13.95220000000000,0.47870000000000,5.21390000000000,17.8525,10607.4203,13.8972,13.4185,0.4787,13.3879,5.2445,5.2093,0.0352,0.2800,10607.4203,NA,NA,NA
MegaProject.exe,13848,0x1F4D621B830,DXGI,1,0,0,Composed: Flip,10634.6779,NA,13.83910000000000,13.82650000000000,0.41400000000000,5.40370000000000,17.8399,10621.3175,13.7744,13.3604,0.4140,13.3318,5.4323,5.4244,0.0079,0.0707,10621.3175,NA,NA,NA
MegaProject.exe,13848,0x1F4D621B830,DXGI,1,0,0,Composed: Flip,10648.8733,NA,14.19540000000000,13.91480000000000,0.42780000000000,5.61610000000000,17.5593,10635.0919,14.2092,13.7814,0.4278,13.7534,5.6441,5.6357,0.0084,-0.1404,10635.0919,NA,NA,NA
MegaProject.exe,13848,0x1F4D621B830,DXGI,1,0,0,Composed: Flip,10661.7856,NA,12.91230000000000,13.95610000000000,0.46780000000000,5.39060000000000,18.6031,10649.3011,12.9523,12.4845,0.4678,12.4570,5.4181,5.4039,0.0142,0.2531,10649.3011,NA,NA,NA
MegaProject.exe,13848,0x1F4D621B830,DXGI,1,0,0,Composed: Flip,10676.5532,NA,14.76760000000000,13.89620000000000,0.43740000000000,5.50250000000000,17.7317,10662.2534,14.7372,14.2998,0.4374,14.2726,5.5297,5.5190,0.0107,-0.9439,10662.2534,NA,NA,NA
MegaProject.exe,13848,0x1F4D621B830,DXGI,1,0,0,Composed: Flip,10690.5711,NA,14.01790000000000,13.76190000000000,0.43070000000000,5.52780000000000,17.4757,10676.9906,14.0112,13.5805,0.4307,13.5487,5.5596,5.5331,0.0265,0.9753,10676.9906,NA,NA,NA
MegaProject.exe,13848,0x1F4D621B830,DXGI,1,0,0,Composed: Flip,10704.3001,NA,13.72900000000000,14.01550000000000,0.37710000000000,6.48400000000000,17.7622,10691.0018,13.6754,13.2983,0.3771,13.2692,6.5131,6.5001,0.0130,-0.0043,10691.0018,NA,NA,NA
MegaProject.exe,13848,0x1F4D621B830,DXGI,1,0,0,Composed: Flip,10717.2660,NA,12.96590000000000,13.82310000000000,0.48320000000000,5.44360000000000,18.6194,10704.6772,13.0720,12.5888,0.4832,12.5622,5.4702,5.4591,0.0111,-0.1477,10704.6772,NA,NA,NA
MegaProject.exe,13848,0x1F4D621B830,DXGI,1,0,0,Composed: Flip,10732.3862,NA,15.12020000000000,13.89310000000000,0.47910000000000,5.41430000000000,17.3923,10717.7492,15.1161,14.6370,0.4791,14.6059,5.4454,5.4211,0.0243,-0.8211,10717.7492,NA,NA,NA
MegaProject.exe,13848,0x1F4D621B830,DXGI,1,0,0,Composed: Flip,10745.9467,NA,13.56050000000000,13.96520000000000,0.46060000000000,5.22800000000000,17.7970,10732.8653,13.5420,13.0814,0.4606,13.0533,5.2561,5.2460,0.0101,1.1509,10732.8653,NA,NA,NA
MegaProject.exe,13848,0x1F4D621B830,DXGI,1,0,0,Composed: Flip,10759.7736,NA,13.82690000000000,13.80020000000000,0.39570000000000,5.24080000000000,17.7703,10746.4073,13.7620,13.3663,0.3957,13.3392,5.2679,5.2552,0.0127,-0.2582,10746.4073,NA,NA,NA
MegaProject.exe,13848,0x1F4D621B830,DXGI,1,0,0,Composed: Flip,10773.9580,NA,14.18440000000000,13.98360000000000,0.55180000000000,5.50110000000000,17.5695,10760.1693,14.3405,13.7887,0.5518,13.7620,5.5278,5.4949,0.0329,-0.2216,10760.1693,NA,NA,NA
MegaProject.exe,13848,0x1F4D621B830,DXGI,1,0,0,Composed: Flip,10786.8942,NA,12.93620000000000,13.90360000000000,0.45650000000000,5.33850000000000,18.5369,10774.5098,12.8409,12.3844,0.4565,12.3623,5.3606,5.3525,0.0081,0.4369,10774.5098,NA,NA,NA
MegaProject.exe,13848,0x1F4D621B830,DXGI,1,0,0,Composed: Flip,10801.5027,NA,14.60850000000000,13.86680000000000,0.45790000000000,5.32160000000000,17.7952,10787.3507,14.6099,14.1520,0.4579,14.1247,5.3489,5.3367,0.0122,-1.0259,10787.3507,NA,NA,NA
MegaProject.exe,13848,0x1F4D621B830,DXGI,1,0,0,Composed: Flip,10815.4241,NA,13.92140000000000,13.79720000000000,0.43380000000000,5.18730000000000,17.6710,10801.9606,13.8973,13.4635,0.4338,13.4257,5.2251,5.2161,0.0090,0.8127,10801.9606,NA,NA,NA
MegaProject.exe,13848,0x1F4D621B830,DXGI,1,0,0,Composed: Flip,10829.3971,NA,13.97300000000000,13.91580000000000,0.52300000000000,5.14130000000000,17.6138,10815.8579,14.0622,13.5392,0.5230,13.5096,5.1709,5.1614,0.0095,-0.0185,10815.8579,NA,NA,NA
MegaProject.exe,13848,0x1F4D621B830,DXGI,1,0,0,Composed: Flip,10842.2336,NA,12.83650000000000,13.95450000000000,0.45610000000000,5.06920000000000,18.7318,10829.9201,12.7696,12.3135,0.4561,12.2865,5.0962,5.0867,0.0095,0.1077,10829.9201,NA,NA,NA
MegaProject.exe,13848,0x1F4D621B830,DXGI,1,0,0,Composed: Flip,10857.2300,NA,14.99640000000000,13.89960000000000,0.53860000000000,5.50580000000000,17.6350,10842.6897,15.0789,14.5403,0.5386,14.5056,5.5405,5.5322,0.0083,-1.1300,10842.6897,NA,NA,NA
MegaProject.exe,13848,0x1F4D621B830,DXGI,1,0,0,Composed: Flip,10871.1289,NA,13.89890000000000,13.88940000000000,0.43260000000000,5.54430000000000,17.6255,10857.7686,13.7929,13.3603,0.4326,13.3333,5.5713,5.5585,0.0128,1.1895,10857.7686,NA,NA,NA
MegaProject.exe,13848,0x1F4D621B830,DXGI,1,0,0,Composed: Flip,10884.7099,NA,13.58100000000000,13.89520000000000,0.48620000000000,6.39820000000000,17.9397,10871.5615,13.6346,13.1484,0.4862,13.1164,6.4302,6.3962,0.0340,-0.1023,10871.5615,NA,NA,NA
MegaProject.exe,13848,0x1F4D621B830,DXGI,1,0,0,Composed: Flip,10898.5331,NA,13.82320000000000,13.88100000000000,0.42410000000000,7.77870000000000,17.9975,10885.1961,13.7611,13.3370,0.4241,13.3161,7.7996,7.7911,0.0085,-0.2464,10885.1961,NA,NA,NA
MegaProject.exe,13848,0x1F4D621B830,DXGI,1,0,0,Composed: Flip,10911.9801,NA,13.44700000000000,13.89750000000000,0.47980000000000,5.36190000000000,18.4480,10898.9572,13.5027,13.0229,0.4798,12.9949,5.3899,5.3753,0.0146,-0.1364,10898.9572,NA,NA,NA
MegaProject.exe,13848,0x1F4D621B830,DXGI,1,0,0,Composed: Flip,10926.8489,NA,14.86880000000000,13.79840000000000,0.40940000000000,5.51950000000000,17.3776,10912.4599,14.7984,14.3890,0.4094,14.3624,5.5461,5.5344,0.0117,-0.2957,10912.4599,NA,NA,NA
MegaProject.exe,13848,0x1F4D621B830,DXGI,1,0,0,Composed: Flip,10940.3925,NA,13.54360000000000,13.90070000000000,0.48420000000000,5.45610000000000,17.7347,10927.2583,13.6184,13.1342,0.4842,13.1044,5.4859,5.4539,0.0320,0.8977,10927.2583,NA,NA,NA
MegaProject.exe,13848,0x1F4D621B830,DXGI,1,0,0,Composed: Flip,10954.0775,NA,13.68500000000000,13.88870000000000,0.51240000000000,5.32160000000000,17.9384,10940.8767,13.7132,13.2008,0.5124,13.1793,5.3431,5.3322,0.0109,-0.2703,10940.8767,NA,NA,NA
MegaProject.exe,13848,0x1F4D621B830,DXGI,1,0,0,Composed: Flip,10967.3053,NA,13.22780000000000,13.96480000000000,0.46760000000000,5.10000000000000,18.6754,10954.5899,13.1830,12.7154,0.4676,12.6861,5.1293,5.1207,0.0086,-0.2516,10954.5899,NA,NA,NA
MegaProject.exe,13848,0x1F4D621B830,DXGI,1,0,0,Composed: Flip,10982.0370,NA,14.73170000000000,13.77460000000000,0.43760000000000,5.43620000000000,17.7183,10967.7729,14.7017,14.2641,0.4376,14.2376,5.4627,5.4548,0.0079,-0.5916,10967.7729,NA,NA,NA
MegaProject.exe,13848,0x1F4D621B830,DXGI,1,0,0,Composed: Flip,10995.9176,NA,13.88060000000000,13.92210000000000,0.40760000000000,7.01780000000000,17.7598,10982.4746,13.8506,13.4430,0.4076,13.4158,7.0450,7.0439,0.0011,0.7796,10982.4746,NA,NA,NA
MegaProject.exe,13848,0x1F4D621B830,DXGI,1,0,0,Composed: Flip,11009.8303,NA,13.91270000000000,13.91200000000000,0.50670000000000,5.30260000000000,17.7591,10996.3252,14.0118,13.5051,0.5067,13.4840,5.3237,5.3026,0.0211,-0.0614,10996.3252,NA,NA,NA
MegaProject.exe,13848,0x1F4D621B830,DXGI,1,0,0,Composed: Flip,11023.6805,NA,13.85020000000000,13.87850000000000,0.47410000000000,7.10660000000000,17.7874,11010.3370,13.8176,13.3435,0.4741,13.3150,7.1351,7.0963,0.0388,0.1333,11010.3370,NA,NA,NA
MegaProject.exe,13848,0x1F4D621B830,DXGI,1,0,0,Composed: Flip,11037.3288,NA,13.64830000000000,13.89700000000000,0.47520000000000,5.37360000000000,18.0361,11024.1546,13.6494,13.1742,0.4752,13.1467,5.4011,5.3690,0.0321,-0.0794,11024.1546,NA,NA,NA
MegaProject.exe,13848,0x1F4D621B830,DXGI,1,0,0,Composed: Flip,11051.7060,NA,14.37720000000000,13.95210000000000,0.42150000000000,5.35590000000000,17.6110,11037.8040,14.3235,13.9020,0.4215,13.8761,5.3818,5.3720,0.0098,-0.3027,11037.8040,NA,NA,NA
MegaProject.exe,13848,0x1F4D621B830,DXGI,1,0,0,Composed: Flip,11065.6189,NA,13.91290000000000,13.89560000000000,0.46070000000000,5.41800000000000,17.5937,11052.1275,13.9521,13.4914,0.4607,13.4621,5.4473,5.4309,0.0164,0.4279,11052.1275,NA,NA,NA
MegaProject.exe,13848,0x1F4D621B830,DXGI,1,0,0,Composed: Flip,11079.2929,NA,13.67400000000000,13.83820000000000,0.48610000000000,5.56130000000000,17.7579,11066.0796,13.6994,13.2133,0.4861,13.1855,5.5891,5.5780,0.0111,0.1139,11066.0796,NA,NA,NA
MegaProject.exe,13848,0x1F4D621B830,DXGI,1,0,0,Composed: Flip,11092.4866,NA,13.19370000000000,13.88170000000000,0.42430000000000,5.11970000000000,18.4459,11079.7790,13.1319,12.7076,0.4243,12.6847,5.1426,5.1328,0.0098,-0.1823,11079.7790,NA,NA,NA
MegaProject.exe,13848,0x1F4D621B830,DXGI,1,0,0,Composed: Flip,11107.1230,NA,14.63640000000000,13.86000000000000,0.34210000000000,7.45570000000000,17.6695,11092.9109,14.5542,14.2121,0.3421,14.1891,7.4787,7.4682,0.0105,-0.7281,11092.9109,NA,NA,NA
MegaProject.exe,13848,0x1F4D621B830,DXGI,1,0,0,Composed: Flip,11120.7561,NA,13.63310000000000,13.97800000000000,0.42830000000000,5.48210000000000,18.0144,11107.4651,13.7193,13.2910,0.4283,13.2695,5.5036,5.4934,0.0102,0.5762,11107.4651,NA,NA,NA
MegaProject.exe,13848,0x1F4D621B830,DXGI,1,0,0,Composed: Flip,11135.1376,NA,14.38150000000000,13.82540000000000,0.65090000000000,5.53150000000000,17.4583,11121.1844,14.6041,13.9532,0.6509,13.9219,5.5628,5.5523,0.0105,-0.1061,11121.1844,NA,NA,NA
MegaProject.exe,13848,0x1F4D621B830,DXGI,1,0,0,Composed: Flip,11148.7687,NA,13.63110000000000,13.83320000000000,0.47020000000000,5.43210000000000,17.6604,11135.7885,13.4504,12.9802,0.4702,12.9484,5.4639,5.4390,0.0249,0.7709,11135.7885,NA,NA,NA
MegaProject.exe,13848,0x1F4D621B830,DXGI,1,0,0,Composed: Flip,11161.8970,NA,13.12830000000000,14.01460000000000,0.43430000000000,5.20200000000000,18.5467,11149.2389,13.0924,12.6581,0.4343,12.6292,5.2309,5.2191,0.0118,-0.5642,11149.2389,NA,NA,NA
MegaProject.exe,13848,0x1F4D621B830,DXGI,1,0,0,Composed: Flip,11176.8138,NA,14.91680000000000,13.76570000000000,0.36040000000000,5.21290000000000,17.3956,11162.3313,14.8429,14.4825,0.3604,14.4542,5.2412,5.2302,0.0110,-0.6733,11162.3313,NA,NA,NA
MegaProject.exe,13848,0x1F4D621B830,DXGI,1,0,0,Composed: Flip,11190.4280,NA,13.61420000000000,13.95510000000000,0.41070000000000,5.32800000000000,17.7365,11177.1742,13.6645,13.2538,0.4107,13.2258,5.3560,5.3456,0.0104,0.8878,11177.1742,NA,NA,NA
MegaProject.exe,13848,0x1F4D621B830,DXGI,1,0,0,Composed: Flip,11204.8688,NA,14.44080000000000,13.88590000000000,0.50430000000000,5.78400000000000,17.1816,11190.8387,14.5344,14.0301,0.5043,13.9866,5.8275,5.8264,0.0011,-0.2214,11190.8387,NA,NA,NA
MegaProject.exe,13848,0x1F4D621B830,DXGI,1,0,0,Composed: Flip,11217.6744,NA,12.80560000000000,13.95630000000000,0.45330000000000,5.36320000000000,18.3323,11205.3731,12.7546,12.3013,0.4533,12.2801,5.3844,5.3605,0.0239,0.5781,11205.3731,NA,NA,NA
MegaProject.exe,13848,0x1F4D621B830,DXGI,1,0,0,Composed: Flip,11232.3021,NA,14.62770000000000,13.88930000000000,0.44580000000000,5.42820000000000,17.5939,11218.1277,14.6202,14.1744,0.4458,14.1461,5.4565,5.4422,0.0143,-1.1347,11218.1277,NA,NA,NA
MegaProject.exe,13848,0x1F4D621B830,DXGI,1,0,0,Composed: Flip,11245.7565,NA,13.45440000000000,13.82750000000000,0.59300000000000,5.50970000000000,17.9670,11232.7479,13.6016,13.0086,0.5930,12.9753,5.5430,5.5351,0.0079,0.7927,11232.7479,NA,NA,NA
MegaProject.exe,13848,0x1F4D621B830,DXGI,1,0,0,Composed: Flip,11259.9189,NA,14.16240000000000,13.87830000000000,0.47440000000000,5.17020000000000,17.6829,11246.3495,14.0438,13.5694,0.4744,13.5379,5.2017,5.1725,0.0292,-0.2767,11246.3495,NA,NA,NA
MegaProject.exe,13848,0x1F4D621B830,DXGI,1,0,0,Composed: Flip,11273.5852,NA,13.66630000000000,13.89430000000000,0.46610000000000,5.22330000000000,17.9109,11260.3933,13.6580,13.1919,0.4661,13.1595,5.2557,5.2442,0.0115,0.1495,11260.3933,NA,NA,NA
MegaProject.exe,13848,0x1F4D621B830,DXGI,1,0,0,Composed: Flip,11287.1690,NA,13.58380000000000,13.95240000000000,0.41720000000000,5.33290000000000,18.2795,11274.0513,13.5349,13.1177,0.4172,13.0901,5.3605,5.3505,0.0100,-0.2944,11274.0513,NA,NA,NA
MegaProject.exe,13848,0x1F4D621B830,DXGI,1,0,0,Composed: Flip,11301.6312,NA,14.46220000000000,13.83790000000000,0.44440000000000,5.37810000000000,17.6552,11287.5862,14.4894,14.0450,0.4444,14.0169,5.4062,5.3936,0.0126,-0.3030,11287.5862,NA,NA,NA
MegaProject.exe,13848,0x1F4D621B830,DXGI,1,0,0,Composed: Flip,11315.7178,NA,14.08660000000000,13.94710000000000,0.48300000000000,7.49490000000000,17.5157,11302.0756,14.1252,13.6422,0.4830,13.6197,7.5174,7.5004,0.0170,0.5423,11302.0756,NA,NA,NA
MegaProject.exe,13848,0x1F4D621B830,DXGI,1,0,0,Composed: Flip,11329.3462,NA,13.62840000000000,13.89160000000000,0.46750000000000,5.30190000000000,17.7789,11316.2008,13.6129,13.1454,0.4675,13.1190,5.3283,5.3190,0.0093,0.2336,11316.2008,NA,NA,NA
MegaProject.exe,13848,0x1F4D621B830,DXGI,1,0,0,Composed: Flip,11342.6484,NA,13.30220000000000,13.82750000000000,0.45480000000000,5.57830000000000,18.3042,11329.8137,13.2895,12.8347,0.4548,12.8084,5.6046,5.5921,0.0125,-0.2146,11329.8137,NA,NA,NA
MegaProject.exe,13848,0x1F4D621B830,DXGI,1,0,0,Composed: Flip,11357.1533,NA,14.50490000000000,13.88380000000000,0.49050000000000,5.24450000000000,17.6831,11343.1032,14.5406,14.0501,0.4905,14.0212,5.2734,5.2422,0.0312,-0.5943,11343.1032,NA,NA,NA
MegaProject.exe,13848,0x1F4D621B830,DXGI,1,0,0,Composed: Flip,11371.0446,NA,13.89130000000000,13.95960000000000,0.46870000000000,5.33460000000000,17.7514,11357.6438,13.8695,13.4008,0.4687,13.3688,5.3666,5.3555,0.0111,0.5810,11357.6438,NA,NA,NA
MegaProject.exe,13848,0x1F4D621B830,DXGI,1,0,0,Composed: Flip,11384.8849,NA,13.84030000000000,13.82360000000000,0.54660000000000,5.43500000000000,17.7347,11371.5133,13.9182,13.3716,0.5466,13.3429,5.4637,5.4544,0.0093,0.0459,11371.5133,NA,NA,NA
MegaProject.exe,13848,0x1F4D621B830,DXGI,1,0,0,Composed: Flip,11399.0259,NA,14.14100000000000,13.95200000000000,0.44670000000000,5.45720000000000,17.5457,11385.4315,14.0411,13.5944,0.4467,13.5531,5.4985,5.4665,0.0320,-0.0338,11385.4315,NA,NA,NA
MegaProject.exe,13848,0x1F4D621B830,DXGI,1,0,0,Composed: Flip,11411.7869,NA,12.76100000000000,13.82960000000000,0.40550000000000,5.33540000000000,18.6143,11399.4726,12.7198,12.3143,0.4055,12.2900,5.3597,5.3466,0.0131,0.2115,11399.4726,NA,NA,NA
MegaProject.exe,13848,0x1F4D621B830,DXGI,1,0,0,Composed: Flip,11426.6756,NA,14.88870000000000,13.84980000000000,0.44570000000000,7.50110000000000,17.5754,11412.1924,14.9289,14.4832,0.4457,14.4617,7.5226,7.5173,0.0053,-1.1300,11412.1924,NA,NA,NA
MegaProject.exe,13848,0x1F4D621B830,DXGI,1,0,0,Composed: Flip,11440.4194,NA,13.74380000000000,13.99960000000000,0.48520000000000,5.49550000000000,17.8312,11427.1213,13.7833,13.2981,0.4852,13.2703,5.5233,5.5018,0.0215,0.9293,11427.1213,NA,NA,NA
MegaProject.exe,13848,0x1F4D621B830,DXGI,1,0,0,Composed: Flip,11454.1617,NA,13.74230000000000,13.81630000000000,0.51130000000000,5.23760000000000,17.9052,11440.9046,13.7684,13.2571,0.5113,13.2245,5.2702,5.2607,0.0095,-0.0330,11440.9046,NA,NA,NA
MegaProject.exe,13848,0x1F4D621B830,DXGI,1,0,0,Composed: Flip,11467.4690,NA,13.30730000000000,13.88880000000000,0.58870000000000,5.47890000000000,18.4867,11454.6730,13.3847,12.7960,0.5887,12.7665,5.5084,5.4780,0.0304,-0.1204,11454.6730,NA,NA,NA
MegaProject.exe,13848,0x1F4D621B830,DXGI,1,0,0,Composed: Flip,11482.2100,NA,14.74100000000000,13.92880000000000,0.47090000000000,5.35070000000000,17.6745,11468.0577,14.6232,14.1523,0.4709,14.1229,5.3801,5.3711,0.0090,-0.5441,11468.0577,NA,NA,NA
MegaProject.exe,13848,0x1F4D621B830,DXGI,1,0,0,Composed: Flip,11496.1798,NA,13.96980000000000,13.86940000000000,0.42220000000000,6.08090000000000,17.5741,11482.6809,13.9211,13.4989,0.4222,13.4704,6.1094,6.0965,0.0129,0.7538,11482.6809,NA,NA,NA
MegaProject.exe,13848,0x1F4D621B830,DXGI,1,0,0,Composed: Flip,11509.7439,NA,13.56410000000000,13.95280000000000,0.48280000000000,5.33810000000000,17.9628,11496.6020,13.6247,13.1419,0.4828,13.1106,5.3694,5.3593,0.0101,-0.0317,11496.6020,NA,NA,NA
MegaProject.exe,13848,0x1F4D621B830,DXGI,1,0,0,Composed: Flip,11523.8119,NA,14.06800000000000,13.82010000000000,0.48880000000000,5.38970000000000,17.7149,11510.2267,14.0740,13.5852,0.4888,13.5584,5.4165,5.4035,0.0130,-0.1954,11510.2267,NA,NA,NA
MegaProject.exe,13848,0x1F4D621B830,DXGI,1,0,0,Composed: Flip,11536.9205,NA,13.10860000000000,13.84950000000000,0.44640000000000,5.07410000000000,18.4558,11524.3007,13.0662,12.6198,0.4464,12.5964,5.0975,5.0922,0.0053,0.2245,11524.3007,NA,NA,NA
MegaProject.exe,13848,0x1F4D621B830,DXGI,1,0,0,Composed: Flip,11551.7171,NA,14.79660000000000,14.02720000000000,0.50500000000000,5.43340000000000,17.6864,11537.3669,14.8552,14.3502,0.5050,14.3230,5.4606,5.4303,0.0303,-0.9610,11537.3669,NA,NA,NA
MegaProject.exe,13848,0x1F4D621B830,DXGI,1,0,0,Composed: Flip,11565.5143,NA,13.79720000000000,13.85590000000000,0.36030000000000,5.32020000000000,17.7451,11552.2221,13.6525,13.2922,0.3603,13.2632,5.3492,5.3384,0.0108,0.9993,11552.2221,NA,NA,NA
MegaProject.exe,13848,0x1F4D621B830,DXGI,1,0,0,Composed: Flip,11579.2811,NA,13.76680000000000,13.82470000000000,0.47520000000000,5.31120000000000,17.8030,11565.8746,13.8817,13.4065,0.4752,13.3757,5.3420,5.3335,0.0085,-0.1722,11565.8746,NA,NA,NA
MegaProject.exe,13848,0x1F4D621B830,DXGI,1,0,0,Composed: Flip,11592.5784,NA,13.29730000000000,13.99990000000000,0.46120000000000,5.13890000000000,18.5056,11579.7563,13.2833,12.8221,0.4612,12.7920,5.1690,5.1584,0.0106,-0.1182,11579.7563,NA,NA,NA
MegaProject.exe,13848,0x1F4D621B830,DXGI,1,0,0,Composed: Flip,11606.6329,NA,14.05450000000000,13.81990000000000,0.49990000000000,5.72110000000000,18.2710,11593.0396,14.0932,13.5933,0.4999,13.5666,5.7478,5.7355,0.0123,-0.5366,11593.0396,NA,NA,NA
MegaProject.exe,13848,0x1F4D621B830,DXGI,1,0,0,Composed: Flip,11620.7038,NA,14.07090000000000,13.99880000000000,0.34440000000000,5.70200000000000,18.1989,11607.1328,13.9154,13.5710,0.3444,13.5456,5.7274,5.7135,0.0139,0.0944,11607.1328,NA,NA,NA
MegaProject.exe,13848,0x1F4D621B830,DXGI,1,0,0,Composed: Flip,11634.9130,NA,14.20920000000000,13.84450000000000,0.38790000000000,10.24900000000000,17.8342,11621.0482,14.2527,13.8648,0.3879,13.8382,10.2756,10.2746,0.0010,0.0709,11621.0482,NA,NA,NA
MegaProject.exe,13848,0x1F4D621B830,DXGI,1,0,0,Composed: Flip,11648.5975,NA,13.68450000000000,13.90210000000000,0.32210000000000,5.58810000000000,18.0518,11635.3009,13.6187,13.2966,0.3221,13.2735,5.6112,5.5981,0.0131,0.3506,11635.3009,NA,NA,NA
MegaProject.exe,13848,0x1F4D621B830,DXGI,1,0,0,Composed: Flip,11661.7077,NA,13.11020000000000,13.90700000000000,0.34260000000000,5.72290000000000,18.8486,11648.9196,13.1307,12.7881,0.3426,12.7606,5.7504,5.7394,0.0110,-0.2883,11648.9196,NA,NA,NA
MegaProject.exe,13848,0x1F4D621B830,DXGI,1,0,0,Composed: Flip,11676.9237,NA,15.21600000000000,13.83340000000000,0.44850000000000,5.46690000000000,17.4660,11662.0503,15.3219,14.8734,0.4485,14.8475,5.4928,5.4805,0.0123,-0.7027,11662.0503,NA,NA,NA
MegaProject.exe,13848,0x1F4D621B830,DXGI,1,0,0,Composed: Flip,11690.4822,NA,13.55850000000000,13.81320000000000,0.63290000000000,5.63480000000000,17.7207,11677.3722,13.7429,13.1100,0.6329,13.0849,5.6599,5.6472,0.0127,1.5087,11677.3722,NA,NA,NA
MegaProject.exe,13848,0x1F4D621B830,DXGI,1,0,0,Composed: Flip,11704.0475,NA,13.56530000000000,13.90910000000000,0.35600000000000,5.37890000000000,18.0645,11691.1151,13.2884,12.9324,0.3560,12.9061,5.4052,5.3950,0.0102,-0.1662,11691.1151,NA,NA,NA
MegaProject.exe,13848,0x1F4D621B830,DXGI,1,0,0,Composed: Flip,11717.0756,NA,13.02810000000000,13.97880000000000,0.41640000000000,5.04160000000000,19.0152,11704.4035,13.0885,12.6721,0.4164,12.6457,5.0680,5.0608,0.0072,-0.6904,11704.4035,NA,NA,NA
MegaProject.exe,13848,0x1F4D621B830,DXGI,1,0,0,Composed: Flip,11732.2453,NA,15.16970000000000,13.90210000000000,0.38790000000000,5.52260000000000,17.7476,11717.4920,15.1412,14.7533,0.3879,14.7297,5.5462,5.5339,0.0123,-0.8136,11717.4920,NA,NA,NA
MegaProject.exe,13848,0x1F4D621B830,DXGI,1,0,0,Composed: Flip,11746.0177,NA,13.77240000000000,13.84770000000000,0.34610000000000,7.86200000000000,17.8229,11732.6332,13.7306,13.3845,0.3461,13.3621,7.8844,7.8744,0.0100,1.2935,11732.6332,NA,NA,NA
MegaProject.exe,13848,0x1F4D621B830,DXGI,1,0,0,Composed: Flip,11759.4886,NA,13.47090000000000,13.89130000000000,0.37040000000000,5.34050000000000,18.2433,11746.3638,13.4952,13.1248,0.3704,13.0990,5.3663,5.3575,0.0088,-0.1607,11746.3638,NA,NA,NA
MegaProject.exe,13848,0x1F4D621B830,DXGI,1,0,0,Composed: Flip,11773.8769,NA,14.38830000000000,13.92040000000000,0.34520000000000,5.30950000000000,17.7754,11759.8590,14.3631,14.0179,0.3452,13.9919,5.3355,5.3222,0.0133,-0.4252,11759.8590,NA,NA,NA
MegaProject.exe,13848,0x1F4D621B830,DXGI,1,0,0,Composed: Flip,11786.7727,NA,12.89580000000000,13.79870000000000,0.36560000000000,5.67750000000000,18.6783,11774.2221,12.9162,12.5506,0.3656,12.5262,5.7019,5.6910,0.0109,0.5644,11774.2221,NA,NA,NA
MegaProject.exe,13848,0x1F4D621B830,DXGI,1,0,0,Composed: Flip,11801.4746,NA,14.70190000000000,13.98860000000000,0.43780000000000,5.41580000000000,17.9650,11787.1383,14.7741,14.3363,0.4378,14.3052,5.4469,5.4329,0.0140,-1.0724,11787.1383,NA,NA,NA
MegaProject.exe,13848,0x1F4D621B830,DXGI,1,0,0,Composed: Flip,11815.4107,NA,13.93610000000000,13.88040000000000,0.44100000000000,5.46930000000000,17.9093,11801.9124,13.9393,13.4983,0.4410,13.4718,5.4958,5.4838,0.0120,0.8937,11801.9124,NA,NA,NA
MegaProject.exe,13848,0x1F4D621B830,DXGI,1,0,0,Composed: Flip,11829.4867,NA,14.07600000000000,13.89930000000000,0.36100000000000,5.40100000000000,17.7326,11815.8517,13.9960,13.6350,0.3610,13.6076,5.4284,5.4158,0.0126,0.0400,11815.8517,NA,NA,NA
MegaProject.exe,13848,0x1F4D621B830,DXGI,1,0,0,Composed: Flip,11842.4300,NA,12.94330000000000,13.90760000000000,0.41840000000000,7.77460000000000,18.6969,11829.8477,13.0007,12.5823,0.4184,12.5569,7.8000,7.7875,0.0125,0.0884,11829.8477,NA,NA,NA
MegaProject.exe,13848,0x1F4D621B830,DXGI,1,0,0,Composed: Flip,11857.6422,NA,15.21220000000000,13.81670000000000,0.40740000000000,5.59690000000000,17.3014,11842.8484,15.2012,14.7938,0.4074,14.7683,5.6224,5.6120,0.0104,-0.8160,11842.8484,NA,NA,NA
MegaProject.exe,13848,0x1F4D621B830,DXGI,1,0,0,Composed: Flip,11871.0491,NA,13.40690000000000,13.94280000000000,0.35640000000000,5.67580000000000,17.8373,11858.0496,13.3559,12.9995,0.3564,12.9735,5.7018,5.6945,0.0073,1.2584,11858.0496,NA,NA,NA
MegaProject.exe,13848,0x1F4D621B830,DXGI,1,0,0,Composed: Flip,11884.6457,NA,13.59660000000000,13.75490000000000,0.38000000000000,5.66550000000000,17.9956,11871.4055,13.6202,13.2402,0.3800,13.2156,5.6901,5.6773,0.0128,-0.3990,11871.4055,NA,NA,NA
MegaProject.exe,13848,0x1F4D621B830,DXGI,1,0,0,Composed: Flip,11898.8406,NA,14.19490000000000,13.85330000000000,0.41660000000000,5.23260000000000,17.6540,11885.0257,14.2315,13.8149,0.4166,13.7894,5.2581,5.2470,0.0111,-0.2331,11885.0257,NA,NA,NA
MegaProject.exe,13848,0x1F4D621B830,DXGI,1,0,0,Composed: Flip,11911.7141,NA,12.87350000000000,14.06100000000000,0.40790000000000,5.09780000000000,18.8415,11899.2572,12.8648,12.4569,0.4079,12.4317,5.1230,5.1117,0.0113,0.1705,11899.2572,NA,NA,NA
MegaProject.exe,13848,0x1F4D621B830,DXGI,1,0,0,Composed: Flip,11926.4036,NA,14.68950000000000,13.89300000000000,0.41670000000000,5.65420000000000,18.0450,11912.1220,14.6983,14.2816,0.4167,14.2554,5.6804,5.6696,0.0108,-1.0282,11912.1220,NA,NA,NA
MegaProject.exe,13848,0x1F4D621B830,DXGI,1,0,0,Composed: Flip,11939.9953,NA,13.59170000000000,13.83950000000000,0.37130000000000,5.77500000000000,18.2928,11926.8203,13.5463,13.1750,0.3713,13.1489,5.8011,5.7883,0.0128,0.8588,11926.8203,NA,NA,NA
MegaProject.exe,13848,0x1F4D621B830,DXGI,1,0,0,Composed: Flip,11954.6668,NA,14.67150000000000,13.89980000000000,0.35060000000000,10.05770000000000,17.5211,11940.3666,14.6508,14.3002,0.3506,14.2810,10.0769,10.0758,0.0011,-0.3535,11940.3666,NA,NA,NA
MegaProject.exe,13848,0x1F4D621B830,DXGI,1,0,0,Composed: Flip,11967.3032,NA,12.63640000000000,13.88690000000000,0.28900000000000,5.54550000000000,18.7716,11955.0174,12.5748,12.2858,0.2890,12.2658,5.5655,5.5545,0.0110,0.7639,11955.0174,NA,NA,NA
MegaProject.exe,13848,0x1F4D621B830,DXGI,1,0,0,Composed: Flip,11981.8351,NA,14.53190000000000,13.89190000000000,0.54690000000000,5.57730000000000,18.1316,11967.5922,14.7898,14.2429,0.5469,14.2182,5.6020,5.5911,0.0109,-1.3171,11967.5922,NA,NA,NA
MegaProject.exe,13848,0x1F4D621B830,DXGI,1,0,0,Composed: Flip,11996.0983,NA,14.26320000000000,13.80730000000000,0.46810000000000,5.99960000000000,17.6757,11982.3820,14.1844,13.7163,0.4681,13.6899,6.0260,6.0134,0.0126,0.9825,11982.3820,NA,NA,NA
MegaProject.exe,13848,0x1F4D621B830,DXGI,1,0,0,Composed: Flip,12010.3687,NA,14.27040000000000,13.88740000000000,0.51690000000000,5.31300000000000,17.2927,11996.5664,14.3192,13.8023,0.5169,13.7695,5.3458,5.3360,0.0098,0.2970,11996.5664,NA,NA,NA
MegaProject.exe,13848,0x1F4D621B830,DXGI,1,0,0,Composed: Flip,12024.1561,NA,13.78740000000000,13.91670000000000,0.43690000000000,5.44810000000000,17.4220,12010.8856,13.7074,13.2705,0.4369,13.2374,5.4812,5.4667,0.0145,0.4025,12010.8856,NA,NA,NA
MegaProject.exe,13848,0x1F4D621B830,DXGI,1,0,0,Composed: Flip,12036.7333,NA,12.57720000000000,13.89040000000000,0.42790000000000,5.36510000000000,18.7352,12024.5930,12.5682,12.1403,0.4279,12.1076,5.3978,5.3816,0.0162,-0.1830,12024.5930,NA,NA,NA
MegaProject.exe,13848,0x1F4D621B830,DXGI,1,0,0,Composed: Flip,12052.0481,NA,15.31480000000000,13.94740000000000,0.40320000000000,6.85210000000000,17.3678,12037.1612,15.2901,14.8869,0.4032,14.8546,6.8844,6.8828,0.0016,-1.3792,12037.1612,NA,NA,NA
MegaProject.exe,13848,0x1F4D621B830,DXGI,1,0,0,Composed: Flip,12065.4750,NA,13.42690000000000,13.84740000000000,0.80330000000000,7.51430000000000,17.7883,12052.4513,13.8270,13.0237,0.8033,13.0006,7.5374,7.5284,0.0090,1.4427,12052.4513,NA,NA,NA
MegaProject.exe,13848,0x1F4D621B830,DXGI,1,0,0,Composed: Flip,12079.8324,NA,14.35740000000000,13.84690000000000,0.56660000000000,5.27130000000000,17.2778,12066.2783,14.1207,13.5541,0.5666,13.5213,5.3041,5.2935,0.0106,-0.0199,12066.2783,NA,NA,NA
MegaProject.exe,13848,0x1F4D621B830,DXGI,1,0,0,Composed: Flip,12092.3715,NA,12.53910000000000,13.97970000000000,0.42270000000000,4.97230000000000,18.7184,12080.3990,12.3952,11.9725,0.4227,11.9195,5.0253,5.0124,0.0129,0.1410,12080.3990,NA,NA,NA
MegaProject.exe,13848,0x1F4D621B830,DXGI,1,0,0,Composed: Flip,12107.2853,NA,14.91380000000000,13.79930000000000,0.33920000000000,5.55510000000000,17.6039,12092.7942,14.8303,14.4911,0.3392,14.4634,5.5828,5.5678,0.0150,-1.4041,12092.7942,NA,NA,NA
MegaProject.exe,13848,0x1F4D621B830,DXGI,1,0,0,Composed: Flip,12120.6202,NA,13.33490000000000,13.88670000000000,0.35430000000000,5.42930000000000,18.1557,12107.6245,13.3500,12.9957,0.3543,12.9755,5.4495,5.4399,0.0096,0.9436,12107.6245,NA,NA,NA
MegaProject.exe,13848,0x1F4D621B830,DXGI,1,0,0,Composed: Flip,12135.9020,NA,15.28180000000000,13.91730000000000,0.44060000000000,6.29670000000000,16.7912,12120.9745,15.3681,14.9275,0.4406,14.8583,6.3659,6.3292,0.0367,-0.5673,12120.9745,NA,NA,NA
MegaProject.exe,13848,0x1F4D621B830,DXGI,1,0,0,Composed: Flip,12149.2327,NA,13.33070000000000,13.89160000000000,0.47880000000000,5.10520000000000,17.3521,12136.3426,13.3689,12.8901,0.4788,12.8539,5.1414,5.1274,0.0140,1.4765,12136.3426,NA,NA,NA
MegaProject.exe,13848,0x1F4D621B830,DXGI,1,0,0,Composed: Flip,12162.6966,NA,13.46390000000000,14.01150000000000,0.39850000000000,7.42440000000000,17.8997,12149.7115,13.3836,12.9851,0.3985,12.9629,7.4466,7.4347,0.0119,-0.6426,12149.7115,NA,NA,NA
MegaProject.exe,13848,0x1F4D621B830,DXGI,1,0,0,Composed: Flip,12176.7904,NA,14.09380000000000,13.76070000000000,0.51970000000000,5.17730000000000,17.5666,12163.0951,14.2150,13.6953,0.5197,13.6648,5.2078,5.1947,0.0131,-0.3771,12163.0951,NA,NA,NA
MegaProject.exe,13848,0x1F4D621B830,DXGI,1,0,0,Composed: Flip,12190.7911,NA,14.00070000000000,13.98860000000000,0.34850000000000,5.43050000000000,17.5545,12177.3101,13.8295,13.4810,0.3485,13.4568,5.4547,5.4410,0.0137,0.2264,12177.3101,NA,NA,NA
MegaProject.exe,13848,0x1F4D621B830,DXGI,1,0,0,Composed: Flip,12204.5688,NA,13.77770000000000,13.80250000000000,0.46010000000000,5.64270000000000,17.5793,12191.1396,13.8893,13.4292,0.4601,13.4042,5.6677,5.6408,0.0269,0.0270,12191.1396,NA,NA,NA
MegaProject.exe,13848,0x1F4D621B830,DXGI,1,0,0,Composed: Flip,12217.8027,NA,13.23390000000000,13.95140000000000,0.43710000000000,5.39250000000000,18.2968,12205.0289,13.2109,12.7738,0.4371,12.7464,5.4199,5.4110,0.0089,-0.0621,12205.0289,NA,NA,NA
MegaProject.exe,13848,0x1F4D621B830,DXGI,1,0,0,Composed: Flip,12232.6256,NA,14.82290000000000,13.90320000000000,0.52640000000000,5.35650000000000,17.3771,12218.2398,14.9122,14.3858,0.5264,14.3480,5.3943,5.3848,0.0095,-0.6923,12218.2398,NA,NA,NA
MegaProject.exe,13848,0x1F4D621B830,DXGI,1,0,0,Composed: Flip,12246.3800,NA,13.75440000000000,13.76370000000000,0.61780000000000,5.59030000000000,17.3864,12233.1520,13.8458,13.2280,0.6178,13.1934,5.6249,5.6110,0.0139,1.1485,12233.1520,NA,NA,NA
MegaProject.exe,13848,0x1F4D621B830,DXGI,1,0,0,Composed: Flip,12260.2307,NA,13.85070000000000,13.93520000000000,0.43110000000000,7.91780000000000,17.4709,12246.9978,13.6640,13.2329,0.4311,13.2095,7.9412,7.9403,0.0009,-0.0894,12246.9978,NA,NA,NA
MegaProject.exe,13848,0x1F4D621B830,DXGI,1,0,0,Composed: Flip,12274.1120,NA,13.88130000000000,13.89100000000000,0.44660000000000,5.32150000000000,17.4806,12260.6618,13.8968,13.4502,0.4466,13.4235,5.3482,5.3420,0.0062,-0.2270,12260.6618,NA,NA,NA
MegaProject.exe,13848,0x1F4D621B830,DXGI,1,0,0,Composed: Flip,12287.0975,NA,12.98550000000000,13.95780000000000,0.47530000000000,5.37780000000000,18.4529,12274.5586,13.0142,12.5389,0.4753,12.5179,5.3988,5.3891,0.0097,-0.0610,12274.5586,NA,NA,NA
MegaProject.exe,13848,0x1F4D621B830,DXGI,1,0,0,Composed: Flip,12301.4465,NA,14.34900000000000,13.88520000000000,0.44430000000000,5.63270000000000,17.9891,12287.5728,14.3180,13.8737,0.4443,13.8509,5.6555,5.6458,0.0097,-0.8710,12287.5728,NA,NA,NA
MegaProject.exe,13848,0x1F4D621B830,DXGI,1,0,0,Composed: Flip,12315.4949,NA,14.04840000000000,13.83700000000000,0.40160000000000,5.47990000000000,17.7777,12301.8908,14.0057,13.6041,0.4016,13.5767,5.5073,5.4940,0.0133,0.4810,12301.8908,NA,NA,NA
MegaProject.exe,13848,0x1F4D621B830,DXGI,1,0,0,Composed: Flip,12329.3422,NA,13.84730000000000,13.96950000000000,0.39070000000000,5.31130000000000,17.8999,12315.8965,13.8364,13.4457,0.3907,13.4152,5.3418,5.3306,0.0112,0.0362,12315.8965,NA,NA,NA
MegaProject.exe,13848,0x1F4D621B830,DXGI,1,0,0,Composed: Flip,12343.0141,NA,13.67190000000000,13.85990000000000,0.44450000000000,5.13250000000000,18.0879,12329.7329,13.7257,13.2812,0.4445,13.2547,5.1590,5.1327,0.0263,-0.0235,12329.7329,NA,NA,NA
MegaProject.exe,13848,0x1F4D621B830,DXGI,1,0,0,Composed: Flip,12357.3307,NA,14.31660000000000,13.82480000000000,0.59110000000000,5.55740000000000,17.5961,12343.4586,14.4632,13.8721,0.5911,13.8450,5.5845,5.5697,0.0148,-0.0991,12343.4586,NA,NA,NA
MegaProject.exe,13848,0x1F4D621B830,DXGI,1,0,0,Composed: Flip,12371.3904,NA,14.05970000000000,13.98140000000000,0.46580000000000,9.48380000000000,17.5178,12357.9218,13.9344,13.4686,0.4658,13.4449,9.5075,9.5052,0.0023,0.4818,12357.9218,NA,NA,NA
MegaProject.exe,13848,0x1F4D621B830,DXGI,1,0,0,Composed: Flip,12385.3297,NA,13.93930000000000,13.75720000000000,0.53270000000000,5.25880000000000,17.3357,12371.8562,14.0062,13.4735,0.5327,13.4466,5.2857,5.2744,0.0113,0.1772,12371.8562,NA,NA,NA
MegaProject.exe,13848,0x1F4D621B830,DXGI,1,0,0,Composed: Flip,12399.5604,NA,14.23070000000000,13.90530000000000,0.57940000000000,5.35050000000000,17.0103,12385.8624,14.2774,13.6980,0.5794,13.6568,5.3917,5.3811,0.0106,0.1009,12385.8624,NA,NA,NA
MegaProject.exe,13848,0x1F4D621B830,DXGI,1,0,0,Composed: Flip,12411.8766,NA,12.31620000000000,13.93210000000000,0.53310000000000,6.63250000000000,18.6262,12400.1398,12.2699,11.7368,0.5331,11.7130,6.6563,6.6413,0.0150,0.3453,12400.1398,NA,NA,NA
MegaProject.exe,13848,0x1F4D621B830,DXGI,1,0,0,Composed: Flip,12427.0464,NA,15.16980000000000,13.85190000000000,0.46550000000000,5.32850000000000,17.3083,12412.4097,15.1022,14.6367,0.4655,14.6127,5.3525,5.3416,0.0109,-1.5820,12412.4097,NA,NA,NA
MegaProject.exe,13848,0x1F4D621B830,DXGI,1,0,0,Composed: Flip,12440.8784,NA,13.83200000000000,13.98920000000000,0.45730000000000,5.29830000000000,17.4655,12427.5119,13.8238,13.3665,0.4573,13.3425,5.3223,5.3107,0.0116,1.1130,12427.5119,NA,NA,NA
MegaProject.exe,13848,0x1F4D621B830,DXGI,1,0,0,Composed: Flip,12454.8235,NA,13.94510000000000,13.88920000000000,0.50230000000000,5.50820000000000,17.4096,12441.3357,13.9901,13.4878,0.5023,13.4640,5.5320,5.5211,0.0109,-0.0654,12441.3357,NA,NA,NA
MegaProject.exe,13848,0x1F4D621B830,DXGI,1,0,0,Composed: Flip,12467.7483,NA,12.92480000000000,13.81450000000000,0.57330000000000,5.57740000000000,18.2993,12455.3258,12.9958,12.4225,0.5733,12.3985,5.6014,5.5912,0.0102,0.1756,12455.3258,NA,NA,NA
MegaProject.exe,13848,0x1F4D621B830,DXGI,1,0,0,Composed: Flip,12482.9609,NA,15.21260000000000,13.92670000000000,0.45480000000000,5.57810000000000,17.0134,12468.3216,15.0941,14.6393,0.4548,14.6069,5.6105,5.5996,0.0109,-0.9309,12468.3216,NA,NA,NA
MegaProject.exe,13848,0x1F4D621B830,DXGI,1,0,0,Composed: Flip,12496.9093,NA,13.94840000000000,13.81750000000000,0.42560000000000,7.80570000000000,16.8825,12483.4157,13.9192,13.4936,0.4256,13.4663,7.8330,7.8206,0.0124,1.2766,12483.4157,NA,NA,NA
MegaProject.exe,13848,0x1F4D621B830,DXGI,1,0,0,Composed: Flip,12510.3697,NA,13.46040000000000,13.95800000000000,0.35890000000000,5.16540000000000,17.3801,12497.3349,13.3937,13.0348,0.3589,13.0023,5.1979,5.1877,0.0102,-0.0388,12497.3349,NA,NA,NA
MegaProject.exe,13848,0x1F4D621B830,DXGI,1,0,0,Composed: Flip,12524.3509,NA,13.98120000000000,13.86810000000000,0.45080000000000,5.34510000000000,17.2670,12510.7286,14.0731,13.6223,0.4508,13.6000,5.3674,5.3588,0.0086,-0.4744,12510.7286,NA,NA,NA
MegaProject.exe,13848,0x1F4D621B830,DXGI,1,0,0,Composed: Flip,12537.2789,NA,12.92800000000000,13.84020000000000,0.47560000000000,5.36410000000000,18.1792,12524.8017,12.9528,12.4772,0.4756,12.4436,5.3977,5.3893,0.0084,0.2329,12524.8017,NA,NA,NA
MegaProject.exe,13848,0x1F4D621B830,DXGI,1,0,0,Composed: Flip,12552.1725,NA,14.89360000000000,14.01450000000000,0.53270000000000,5.91210000000000,17.3001,12537.7545,14.9507,14.4180,0.5327,14.3822,5.9479,5.9367,0.0112,-1.0617,12537.7545,NA,NA,NA
MegaProject.exe,13848,0x1F4D621B830,DXGI,1,0,0,Composed: Flip,12566.1891,NA,14.01660000000000,13.81170000000000,0.39810000000000,5.50040000000000,17.0952,12552.7052,13.8820,13.4839,0.3981,13.4510,5.5333,5.5186,0.0147,1.1390,12552.7052,NA,NA,NA
MegaProject.exe,13848,0x1F4D621B830,DXGI,1,0,0,Composed: Flip,12580.2441,NA,14.05500000000000,13.98700000000000,0.46620000000000,5.55700000000000,17.0272,12566.5872,14.1231,13.6569,0.4662,13.6118,5.6021,5.5856,0.0165,-0.1050,12566.5872,NA,NA,NA
MegaProject.exe,13848,0x1F4D621B830,DXGI,1,0,0,Composed: Flip,12593.0667,NA,12.82260000000000,13.75440000000000,0.33660000000000,8.28380000000000,17.9590,12580.7103,12.6930,12.3564,0.3366,12.3353,8.3049,8.3014,0.0035,0.3687,12580.7103,NA,NA,NA
MegaProject.exe,13848,0x1F4D621B830,DXGI,1,0,0,Composed: Flip,12607.4465,NA,14.37980000000000,13.88020000000000,0.35520000000000,7.25080000000000,17.4594,12593.4033,14.3984,14.0432,0.3552,14.0206,7.2734,7.2719,0.0015,-1.1872,12593.4033,NA,NA,NA
MegaProject.exe,13848,0x1F4D621B830,DXGI,1,0,0,Composed: Flip,12621.3525,NA,13.90600000000000,14.01720000000000,0.35030000000000,5.30330000000000,17.5706,12607.8017,13.9011,13.5508,0.3503,13.5264,5.3277,5.3163,0.0114,0.3812,12607.8017,NA,NA,NA
MegaProject.exe,13848,0x1F4D621B830,DXGI,1,0,0,Composed: Flip,12635.3614,NA,14.00890000000000,13.79600000000000,0.46980000000000,5.56220000000000,17.3577,12621.7028,14.1284,13.6586,0.4698,13.6348,5.5860,5.5742,0.0118,0.1051,12621.7028,NA,NA,NA
MegaProject.exe,13848,0x1F4D621B830,DXGI,1,0,0,Composed: Flip,12649.8685,NA,14.50710000000000,13.96450000000000,0.48350000000000,5.59170000000000,16.8151,12635.8312,14.5208,14.0373,0.4835,14.0037,5.6253,5.6089,0.0164,0.1639,12635.8312,NA,NA,NA
MegaProject.exe,13848,0x1F4D621B830,DXGI,1,0,0,Composed: Flip,12662.6949,NA,12.82640000000000,13.79930000000000,0.48990000000000,5.55730000000000,17.7880,12650.3520,12.8328,12.3429,0.4899,12.2973,5.6029,5.5877,0.0152,0.7215,12650.3520,NA,NA,NA
MegaProject.exe,13848,0x1F4D621B830,DXGI,1,0,0,Composed: Flip,12677.3905,NA,14.69560000000000,13.94410000000000,0.44380000000000,5.70430000000000,17.0365,12663.1848,14.6495,14.2057,0.4438,14.1768,5.7332,5.7171,0.0161,-1.1113,12663.1848,NA,NA,NA
MegaProject.exe,13848,0x1F4D621B830,DXGI,1,0,0,Composed: Flip,12691.4882,NA,14.09770000000000,13.94510000000000,0.55330000000000,7.78290000000000,16.8839,12677.8343,14.2072,13.6539,0.5533,13.6299,7.8069,7.7971,0.0098,0.7044,12677.8343,NA,NA,NA
MegaProject.exe,13848,0x1F4D621B830,DXGI,1,0,0,Composed: Flip,12704.7826,NA,13.29440000000000,13.81270000000000,0.38200000000000,5.38670000000000,17.4022,12692.0415,13.1231,12.7411,0.3820,12.7121,5.4157,5.4070,0.0087,0.3945,12692.0415,NA,NA,NA
MegaProject.exe,13848,0x1F4D621B830,DXGI,1,0,0,Composed: Flip,12718.2281,NA,13.44550000000000,13.90500000000000,0.44840000000000,5.26310000000000,17.8617,12705.1646,13.5119,13.0635,0.4484,13.0266,5.3000,5.2916,0.0084,-0.7819,12705.1646,NA,NA,NA
MegaProject.exe,13848,0x1F4D621B830,DXGI,1,0,0,Composed: Flip,12732.8344,NA,14.60630000000000,13.95590000000000,0.47350000000000,5.63880000000000,17.2113,12718.6765,14.6314,14.1579,0.4735,14.1251,5.6716,5.6581,0.0135,-0.4440,12718.6765,NA,NA,NA
MegaProject.exe,13848,0x1F4D621B830,DXGI,1,0,0,Composed: Flip,12747.0764,NA,14.24200000000000,13.79180000000000,0.45780000000000,5.62170000000000,16.7611,12733.3079,14.2263,13.7685,0.4578,13.7327,5.6575,5.6455,0.0120,0.8396,12733.3079,NA,NA,NA
MegaProject.exe,13848,0x1F4D621B830,DXGI,1,0,0,Composed: Flip,12760.2923,NA,13.21590000000000,13.96710000000000,0.49070000000000,5.43640000000000,17.5123,12747.5342,13.2488,12.7581,0.4907,12.7280,5.4665,5.4555,0.0110,0.2592,12747.5342,NA,NA,NA
MegaProject.exe,13848,0x1F4D621B830,DXGI,1,0,0,Composed: Flip,12773.8897,NA,13.59740000000000,13.91090000000000,0.49770000000000,5.62930000000000,17.8258,12760.7830,13.6044,13.1067,0.4977,13.0774,5.6586,5.6453,0.0133,-0.6621,12760.7830,NA,NA,NA
MegaProject.exe,13848,0x1F4D621B830,DXGI,1,0,0,Composed: Flip,12787.5280,NA,13.63830000000000,13.86140000000000,0.46620000000000,5.29770000000000,18.0489,12774.3874,13.6068,13.1406,0.4662,13.1080,5.3303,5.3199,0.0104,-0.2570,12774.3874,NA,NA,NA
MegaProject.exe,13848,0x1F4D621B830,DXGI,1,0,0,Composed: Flip,12801.9507,NA,14.42270000000000,13.80000000000000,0.70480000000000,5.46810000000000,17.4262,12787.9942,14.6613,13.9565,0.7048,13.9203,5.5043,5.4948,0.0095,-0.1932,12787.9942,NA,NA,NA
MegaProject.exe,13848,0x1F4D621B830,DXGI,1,0,0,Composed: Flip,12816.4267,NA,14.47600000000000,13.93470000000000,0.39190000000000,7.70380000000000,16.8849,12802.6555,14.1631,13.7712,0.3919,13.7448,7.7302,7.7170,0.0132,0.7266,12802.6555,NA,NA,NA
MegaProject.exe,13848,0x1F4D621B830,DXGI,1,0,0,Composed: Flip,12829.6352,NA,13.20850000000000,13.91580000000000,0.53760000000000,5.37810000000000,17.5922,12816.8186,13.3542,12.8166,0.5376,12.7784,5.4163,5.4064,0.0099,0.2473,12816.8186,NA,NA,NA
MegaProject.exe,13848,0x1F4D621B830,DXGI,1,0,0,Composed: Flip,12842.7398,NA,13.10460000000000,13.86610000000000,0.45990000000000,5.08670000000000,18.3537,12830.1728,13.0269,12.5670,0.4599,12.5377,5.1160,5.1048,0.0112,-0.5119,12830.1728,NA,NA,NA
MegaProject.exe,13848,0x1F4D621B830,DXGI,1,0,0,Composed: Flip,12857.5957,NA,14.85590000000000,13.84420000000000,0.37120000000000,5.38350000000000,17.3420,12843.1997,14.7672,14.3960,0.3712,14.3645,5.4150,5.4030,0.0120,-0.8173,12843.1997,NA,NA,NA
MegaProject.exe,13848,0x1F4D621B830,DXGI,1,0,0,Composed: Flip,12871.8628,NA,14.26710000000000,13.91280000000000,0.44370000000000,5.49780000000000,16.9877,12857.9669,14.3396,13.8959,0.4437,13.8627,5.5310,5.5036,0.0274,0.8544,12857.9669,NA,NA,NA
MegaProject.exe,13848,0x1F4D621B830,DXGI,1,0,0,Composed: Flip,12885.3790,NA,13.51620000000000,13.92310000000000,0.36660000000000,7.07720000000000,17.3946,12872.3065,13.4391,13.0725,0.3666,13.0475,7.1022,7.0886,0.0136,0.4165,12872.3065,NA,NA,NA
MegaProject.exe,13848,0x1F4D621B830,DXGI,1,0,0,Composed: Flip,12899.4595,NA,14.08050000000000,13.85440000000000,0.45700000000000,5.36970000000000,17.1685,12885.7456,14.1709,13.7139,0.4570,13.6902,5.3934,5.3813,0.0121,-0.4153,12885.7456,NA,NA,NA
MegaProject.exe,13848,0x1F4D621B830,DXGI,1,0,0,Composed: Flip,12912.5901,NA,13.13060000000000,13.93090000000000,0.61070000000000,5.47560000000000,17.9688,12899.9165,13.2843,12.6736,0.6107,12.6456,5.5036,5.4837,0.0199,0.2400,12899.9165,NA,NA,NA
MegaProject.exe,13848,0x1F4D621B830,DXGI,1,0,0,Composed: Flip,12926.6985,NA,14.10840000000000,13.95780000000000,0.41990000000000,6.47600000000000,17.8182,12913.2008,13.9176,13.4977,0.4199,13.4637,6.5100,6.4736,0.0364,-0.6735,12913.2008,NA,NA,NA
MegaProject.exe,13848,0x1F4D621B830,DXGI,1,0,0,Composed: Flip,12940.6896,NA,13.99110000000000,13.76660000000000,0.48250000000000,5.62850000000000,17.5937,12927.1184,14.0537,13.5712,0.4825,13.5365,5.6632,5.6453,0.0179,0.1510,12927.1184,NA,NA,NA
MegaProject.exe,13848,0x1F4D621B830,DXGI,1,0,0,Composed: Flip,12955.3958,NA,14.70620000000000,13.92270000000000,0.43930000000000,5.27700000000000,16.8102,12941.1721,14.6630,14.2237,0.4393,14.1874,5.3133,5.3034,0.0099,0.1310,12941.1721,NA,NA,NA
MegaProject.exe,13848,0x1F4D621B830,DXGI,1,0,0,Composed: Flip,12967.5670,NA,12.17120000000000,13.87750000000000,0.38480000000000,4.96670000000000,18.5165,12955.8351,12.1167,11.7319,0.3848,11.7016,4.9970,4.9830,0.0140,0.7855,12955.8351,NA,NA,NA
MegaProject.exe,13848,0x1F4D621B830,DXGI,1,0,0,Composed: Flip,12982.4136,NA,14.84660000000000,27.78830000000000,0.41480000000000,5.30780000000000,31.4582,12967.9518,14.8766,14.4618,0.4148,14.4189,5.3507,5.3344,0.0163,-15.6716,12967.9518,NA,NA,NA
MegaProject.exe,13848,0x1F4D621B830,DXGI,1,0,0,Composed: Flip,12996.3480,NA,13.93440000000000,6.91600000000000,0.43620000000000,5.30760000000000,24.4398,12982.8284,13.9558,13.5196,0.4362,13.4813,5.3459,5.3234,0.0225,7.9606,12982.8284,NA,NA,NA
MegaProject.exe,13848,0x1F4D621B830,DXGI,1,0,0,Composed: Flip,13010.5499,NA,14.20190000000000,14.00700000000000,0.39820000000000,5.33570000000000,24.2449,12996.7842,14.1639,13.7657,0.3982,13.7315,5.3699,5.3569,0.0130,-0.0512,12996.7842,NA,NA,NA
MegaProject.exe,13848,0x1F4D621B830,DXGI,1,0,0,Composed: Flip,13023.5704,NA,13.02050000000000,13.94180000000000,0.52160000000000,7.75880000000000,25.1662,13010.9481,13.1439,12.6223,0.5216,12.5989,7.7822,7.7709,0.0113,0.2221,13010.9481,NA,NA,NA
MegaProject.exe,13848,0x1F4D621B830,DXGI,1,0,0,Composed: Flip,13037.3450,NA,13.77460000000000,13.90380000000000,0.47860000000000,5.49660000000000,25.2954,13024.0920,13.7316,13.2530,0.4786,13.2144,5.5352,5.5253,0.0099,-0.7599,13024.0920,NA,NA,NA
MegaProject.exe,13848,0x1F4D621B830,DXGI,1,0,0,Composed: Flip,13051.8889,NA,14.54390000000000,6.85060000000000,0.54670000000000,5.65050000000000,17.6021,13037.8236,14.6120,14.0653,0.5467,14.0419,5.6739,5.6601,0.0138,6.8810,13037.8236,NA,NA,NA
MegaProject.exe,13848,0x1F4D621B830,DXGI,1,0,0,Composed: Flip,13066.0257,NA,14.13680000000000,20.92430000000000,0.50330000000000,7.22840000000000,24.3896,13052.4356,14.0934,13.5901,0.5033,13.5604,7.2581,7.2460,0.0121,-6.3123,13052.4356,NA,NA,NA
MegaProject.exe,13848,0x1F4D621B830,DXGI,1,0,0,Composed: Flip,13080.0738,NA,14.04810000000000,6.92000000000000,0.48520000000000,5.54870000000000,17.2615,13066.5290,14.0300,13.5448,0.4852,13.5178,5.5757,5.5674,0.0083,7.1734,13066.5290,NA,NA,NA
MegaProject.exe,13848,0x1F4D621B830,DXGI,1,0,0,Composed: Flip,13092.8828,NA,12.80900000000000,20.79820000000000,0.45220000000000,5.72340000000000,25.2507,13080.5590,12.7760,12.3238,0.4522,12.2979,5.7493,5.7389,0.0104,-6.7682,13080.5590,NA,NA,NA
MegaProject.exe,13848,0x1F4D621B830,DXGI,1,0,0,Composed: Flip,13107.0877,NA,14.20490000000000,6.92060000000000,0.50420000000000,5.54250000000000,17.9664,13093.3350,14.2569,13.7527,0.5042,13.7202,5.5750,5.5624,0.0126,5.8554,13093.3350,NA,NA,NA
MegaProject.exe,13848,0x1F4D621B830,DXGI,1,0,0,Composed: Flip,13121.3602,NA,14.27250000000000,20.93300000000000,0.49340000000000,5.47250000000000,24.6269,13107.5919,14.2617,13.7683,0.4934,13.7330,5.5078,5.4947,0.0131,-6.6761,13107.5919,NA,NA,NA
MegaProject.exe,13848,0x1F4D621B830,DXGI,1,0,0,Composed: Flip,13135.8339,NA,14.47370000000000,6.90000000000000,0.53650000000000,5.87310000000000,17.0532,13121.8536,14.5168,13.9803,0.5365,13.9543,5.8991,5.8944,0.0047,7.3617,13121.8536,NA,NA,NA
MegaProject.exe,13848,0x1F4D621B830,DXGI,1,0,0,Composed: Flip,13149.6015,NA,13.76760000000000,20.68630000000000,0.41500000000000,5.24940000000000,23.9719,13136.3704,13.6461,13.2311,0.4150,13.2099,5.2706,5.2607,0.0099,-6.1695,13136.3704,NA,NA,NA
MegaProject.exe,13848,0x1F4D621B830,DXGI,1,0,0,Composed: Flip,13162.4021,NA,12.80060000000000,6.94970000000000,0.46000000000000,5.63880000000000,18.1210,13150.0165,12.8456,12.3856,0.4600,12.3585,5.6659,5.6534,0.0125,6.6964,13150.0165,NA,NA,NA
MegaProject.exe,13848,0x1F4D621B830,DXGI,1,0,0,Composed: Flip,13181.3914,NA,18.98930000000000,13.90090000000000,0.40180000000000,5.31920000000000,13.0326,13162.8621,18.9311,18.5293,0.4018,18.4947,5.3538,5.3400,0.0138,-1.0553,13162.8621,NA,NA,NA
MegaProject.exe,13848,0x1F4D621B830,DXGI,1,0,0,Composed: Flip,13189.8764,NA,8.48500000000000,13.90490000000000,0.44450000000000,5.22720000000000,18.4525,13181.7932,8.5277,8.0832,0.4445,8.0571,5.2533,5.2472,0.0061,5.0262,13181.7932,NA,40.6193,NA
MegaProject.exe,13848,0x1F4D621B830,DXGI,1,0,0,Composed: Flip,13204.0713,NA,14.19490000000000,13.97270000000000,0.51070000000000,5.35710000000000,18.2303,13190.3209,14.2611,13.7504,0.5107,13.7133,5.3942,5.3795,0.0147,-5.4450,13190.3209,NA,NA,NA
MegaProject.exe,13848,0x1F4D621B830,DXGI,1,0,0,Composed: Flip,13217.5220,NA,13.45070000000000,13.93580000000000,0.38750000000000,7.81330000000000,18.7154,13204.5820,13.3275,12.9400,0.3875,12.9071,7.8462,7.8305,0.0157,0.3253,13204.5820,NA,NA,NA
MegaProject.exe,13848,0x1F4D621B830,DXGI,1,0,0,Composed: Flip,13232.1968,NA,14.67480000000000,13.89060000000000,0.42550000000000,5.64180000000000,17.9312,13217.9095,14.7128,14.2873,0.4255,14.2545,5.6746,5.6582,0.0164,-0.5631,13217.9095,NA,NA,NA
MegaProject.exe,13848,0x1F4D621B830,DXGI,1,0,0,Composed: Flip,13246.4365,NA,14.23970000000000,13.87390000000000,0.32290000000000,5.51810000000000,17.5654,13232.6223,14.1371,13.8142,0.3229,13.7923,5.5400,5.5388,0.0012,0.8389,13232.6223,NA,NA,NA
MegaProject.exe,13848,0x1F4D621B830,DXGI,1,0,0,Composed: Flip,13260.1167,NA,13.68020000000000,13.86530000000000,0.39290000000000,5.67150000000000,17.7505,13246.7594,13.7502,13.3573,0.3929,13.3276,5.7012,5.6898,0.0114,0.2718,13246.7594,NA,NA,NA
MegaProject.exe,13848,0x1F4D621B830,DXGI,1,0,0,Composed: Flip,13274.1511,NA,14.03440000000000,13.92450000000000,0.38900000000000,5.35070000000000,17.6406,13260.5096,14.0305,13.6415,0.3890,13.6136,5.3786,5.3651,0.0135,-0.1743,13260.5096,NA,NA,NA
MegaProject.exe,13848,0x1F4D621B830,DXGI,1,0,0,Composed: Flip,13287.3620,NA,13.21090000000000,13.88940000000000,0.46980000000000,5.56840000000000,18.3191,13274.5401,13.2917,12.8219,0.4698,12.7940,5.5963,5.5855,0.0108,0.1411,13274.5401,NA,NA,NA
MegaProject.exe,13848,0x1F4D621B830,DXGI,1,0,0,Composed: Flip,13301.9172,NA,14.55520000000000,13.86050000000000,0.39010000000000,5.69240000000000,17.6244,13287.8318,14.4755,14.0854,0.3901,14.0585,5.7193,5.7120,0.0073,-0.5688,13287.8318,NA,NA,NA
MegaProject.exe,13848,0x1F4D621B830,DXGI,1,0,0,Composed: Flip,13315.7222,NA,13.80500000000000,13.88270000000000,0.46810000000000,5.63830000000000,17.7021,13302.3073,13.8830,13.4149,0.4681,13.3879,5.6653,5.6574,0.0079,0.5928,13302.3073,NA,NA,NA
MegaProject.exe,13848,0x1F4D621B830,DXGI,1,0,0,Composed: Flip,13329.4705,NA,13.74830000000000,13.99220000000000,0.45970000000000,5.66010000000000,17.9460,13316.1903,13.7399,13.2802,0.4597,13.2473,5.6930,5.6628,0.0302,-0.1092,13316.1903,NA,NA,NA
MegaProject.exe,13848,0x1F4D621B830,DXGI,1,0,0,Composed: Flip,13342.8324,NA,13.36190000000000,13.85580000000000,0.44230000000000,5.59740000000000,18.4399,13329.9302,13.3445,12.9022,0.4423,12.8741,5.6255,5.6132,0.0123,-0.1159,13329.9302,NA,NA,NA
MegaProject.exe,13848,0x1F4D621B830,DXGI,1,0,0,Composed: Flip,13357.3736,NA,14.54120000000000,13.81220000000000,0.47290000000000,6.92830000000000,17.7109,13343.2747,14.5718,14.0989,0.4729,14.0699,6.9573,6.9486,0.0087,-0.4677,13343.2747,NA,NA,NA
MegaProject.exe,13848,0x1F4D621B830,DXGI,1,0,0,Composed: Flip,13371.0668,NA,13.69320000000000,13.94320000000000,0.37580000000000,5.62490000000000,17.9609,13357.8465,13.5961,13.2203,0.3758,13.1935,5.6517,5.6404,0.0113,0.6286,13357.8465,NA,NA,NA
MegaProject.exe,13848,0x1F4D621B830,DXGI,1,0,0,Composed: Flip,13385.0838,NA,14.01700000000000,13.89140000000000,0.42650000000000,5.70550000000000,17.8353,13371.4426,14.0677,13.6412,0.4265,13.6119,5.7348,5.7225,0.0123,-0.2953,13371.4426,NA,NA,NA
MegaProject.exe,13848,0x1F4D621B830,DXGI,1,0,0,Composed: Flip,13399.1588,NA,14.07500000000000,13.88810000000000,0.37610000000000,5.57040000000000,17.6484,13385.5103,14.0246,13.6485,0.3761,13.6183,5.6006,5.5877,0.0129,0.1796,13385.5103,NA,NA,NA
MegaProject.exe,13848,0x1F4D621B830,DXGI,1,0,0,Composed: Flip,13412.2124,NA,13.05360000000000,13.77500000000000,0.45550000000000,5.33990000000000,18.3698,13399.5349,13.1330,12.6775,0.4555,12.6497,5.3677,5.3517,0.0160,0.2496,13399.5349,NA,NA,NA
MegaProject.exe,13848,0x1F4D621B830,DXGI,1,0,0,Composed: Flip,13426.6285,NA,14.41610000000000,13.89530000000000,0.39030000000000,5.41590000000000,17.8490,13412.6679,14.3509,13.9606,0.3903,13.9314,5.4451,5.4226,0.0225,-0.7623,13412.6679,NA,NA,NA
MegaProject.exe,13848,0x1F4D621B830,DXGI,1,0,0,Composed: Flip,13440.5529,NA,13.92440000000000,13.89340000000000,0.39810000000000,5.39440000000000,17.8180,13427.0188,13.9322,13.5341,0.3981,13.5080,5.4205,5.4113,0.0092,0.4575,13427.0188,NA,NA,NA
MegaProject.exe,13848,0x1F4D621B830,DXGI,1,0,0,Composed: Flip,13454.8101,NA,14.25720000000000,13.99080000000000,0.38520000000000,5.12980000000000,17.5516,13440.9510,14.2443,13.8591,0.3852,13.8395,5.1494,5.1435,0.0059,-0.0586,13440.9510,NA,NA,NA
MegaProject.exe,13848,0x1F4D621B830,DXGI,1,0,0,Composed: Flip,13467.7633,NA,12.95320000000000,13.83300000000000,0.50490000000000,5.67580000000000,18.4314,13455.1953,13.0729,12.5680,0.5049,12.5402,5.7036,5.6948,0.0088,0.4113,13455.1953,NA,NA,NA
MegaProject.exe,13848,0x1F4D621B830,DXGI,1,0,0,Composed: Flip,13482.5165,NA,14.75320000000000,13.96010000000000,0.38330000000000,5.32100000000000,17.6383,13468.2682,14.6316,14.2483,0.3833,14.2215,5.3478,5.3365,0.0113,-0.8872,13468.2682,NA,NA,NA
MegaProject.exe,13848,0x1F4D621B830,DXGI,1,0,0,Composed: Flip,13496.2962,NA,13.77970000000000,14.00910000000000,0.37580000000000,5.64590000000000,17.8677,13482.8998,13.7722,13.3964,0.3758,13.3714,5.6709,5.6596,0.0113,0.6225,13482.8998,NA,NA,NA
MegaProject.exe,13848,0x1F4D621B830,DXGI,1,0,0,Composed: Flip,13510.2339,NA,13.93770000000000,13.76290000000000,0.36360000000000,5.77850000000000,17.6929,13496.6720,13.9255,13.5619,0.3636,13.5368,5.8036,5.7910,0.0126,0.0093,13496.6720,NA,NA,NA
MegaProject.exe,13848,0x1F4D621B830,DXGI,1,0,0,Composed: Flip,13523.8166,NA,13.58270000000000,13.76310000000000,0.35480000000000,5.84240000000000,17.8733,13510.5975,13.5739,13.2191,0.3548,13.1948,5.8667,5.8312,0.0355,0.1624,13510.5975,NA,NA,NA
MegaProject.exe,13848,0x1F4D621B830,DXGI,1,0,0,Composed: Flip,13537.1744,NA,13.35780000000000,13.91530000000000,0.47540000000000,5.58270000000000,18.4308,13524.1714,13.4784,13.0030,0.4754,12.9750,5.6107,5.5750,0.0357,-0.3414,13524.1714,NA,NA,NA
MegaProject.exe,13848,0x1F4D621B830,DXGI,1,0,0,Composed: Flip,13551.5660,NA,14.39160000000000,13.88730000000000,0.28550000000000,5.13370000000000,17.9265,13537.6498,14.2017,13.9162,0.2855,13.8884,5.1615,5.1503,0.0112,-0.4089,13537.6498,NA,NA,NA
MegaProject.exe,13848,0x1F4D621B830,DXGI,1,0,0,Composed: Flip,13565.6487,NA,14.08270000000000,14.00130000000000,0.28700000000000,5.20730000000000,17.8451,13551.8515,14.0842,13.7972,0.2870,13.7709,5.2336,5.2283,0.0053,0.2004,13551.8515,NA,NA,NA
MegaProject.exe,13848,0x1F4D621B830,DXGI,1,0,0,Composed: Flip,13579.3491,NA,13.70040000000000,13.85500000000000,0.43440000000000,5.68770000000000,17.9997,13565.9357,13.8478,13.4134,0.4344,13.3879,5.7132,5.7008,0.0124,0.2292,13565.9357,NA,NA,NA
MegaProject.exe,13848,0x1F4D621B830,DXGI,1,0,0,Composed: Flip,13592.5748,NA,13.22570000000000,13.92790000000000,0.35170000000000,5.60880000000000,18.7019,13579.7835,13.1430,12.7913,0.3517,12.7652,5.6349,5.6218,0.0131,-0.0801,13579.7835,NA,NA,NA
MegaProject.exe,13848,0x1F4D621B830,DXGI,1,0,0,Composed: Flip,13607.1784,NA,14.60360000000000,13.77600000000000,0.37130000000000,5.53800000000000,17.8743,13592.9265,14.6232,14.2519,0.3713,14.2272,5.5627,5.5509,0.0118,-0.6330,13592.9265,NA,NA,NA
MegaProject.exe,13848,0x1F4D621B830,DXGI,1,0,0,Composed: Flip,13621.7449,NA,14.56650000000000,13.99730000000000,0.50000000000000,5.64270000000000,17.3051,13607.5497,14.6952,14.1952,0.5000,14.1621,5.6758,5.6616,0.0142,0.6259,13607.5497,NA,NA,NA
MegaProject.exe,13848,0x1F4D621B830,DXGI,1,0,0,Composed: Flip,13635.2237,NA,13.47880000000000,13.89940000000000,0.36400000000000,5.68520000000000,17.7257,13622.2449,13.3428,12.9788,0.3640,12.9532,5.7108,5.7026,0.0082,0.7958,13622.2449,NA,NA,NA
MegaProject.exe,13848,0x1F4D621B830,DXGI,1,0,0,Composed: Flip,13648.7925,NA,13.56880000000000,13.88800000000000,0.38910000000000,5.42130000000000,18.0449,13635.5877,13.5939,13.2048,0.3891,13.1784,5.4477,5.4148,0.0329,-0.5452,13635.5877,NA,NA,NA
MegaProject.exe,13848,0x1F4D621B830,DXGI,1,0,0,Composed: Flip,13662.0275,NA,13.23500000000000,13.89690000000000,0.36060000000000,5.60510000000000,18.7068,13649.1816,13.2065,12.8459,0.3606,12.8211,5.6299,5.6197,0.0102,-0.3030,13649.1816,NA,NA,NA
MegaProject.exe,13848,0x1F4D621B830,DXGI,1,0,0,Composed: Flip,13676.9263,NA,14.89880000000000,13.76550000000000,0.37580000000000,5.57990000000000,17.5735,13662.3881,14.9140,14.5382,0.3758,14.5188,5.5993,5.5911,0.0082,-0.5590,13662.3881,NA,NA,NA
MegaProject.exe,13848,0x1F4D621B830,DXGI,1,0,0,Composed: Flip,13690.4193,NA,13.49300000000000,14.00600000000000,0.37390000000000,5.57660000000000,18.0865,13677.3021,13.4911,13.1172,0.3739,13.0881,5.6057,5.5937,0.0120,0.9080,13677.3021,NA,NA,NA
MegaProject.exe,13848,0x1F4D621B830,DXGI,1,0,0,Composed: Flip,13704.2700,NA,13.85070000000000,13.89070000000000,0.33890000000000,5.76380000000000,18.1265,13690.7932,13.8157,13.4768,0.3389,13.4520,5.7886,5.7768,0.0118,-0.3996,13690.7932,NA,NA,NA
MegaProject.exe,13848,0x1F4D621B830,DXGI,1,0,0,Composed: Flip,13718.1092,NA,13.83920000000000,13.79940000000000,0.41880000000000,5.39920000000000,18.0867,13704.6089,13.9191,13.5003,0.4188,13.4734,5.4261,5.4186,0.0075,0.0163,13704.6089,NA,NA,NA
MegaProject.exe,13848,0x1F4D621B830,DXGI,1,0,0,Composed: Flip,13732.3726,NA,14.26340000000000,13.88560000000000,0.36150000000000,6.27200000000000,17.7089,13718.5280,14.2061,13.8446,0.3615,13.7842,6.3324,6.3215,0.0109,0.0335,13718.5280,NA,NA,NA
MegaProject.exe,13848,0x1F4D621B830,DXGI,1,0,0,Composed: Flip,13746.2177,NA,13.84510000000000,13.87560000000000,0.43340000000000,5.46190000000000,17.7394,13732.7341,13.9170,13.4836,0.4334,13.4562,5.4893,5.4755,0.0138,0.3305,13732.7341,NA,NA,NA
MegaProject.exe,13848,0x1F4D621B830,DXGI,1,0,0,Composed: Flip,13759.8587,NA,13.64100000000000,13.90130000000000,0.27530000000000,5.30350000000000,17.9997,13746.6511,13.4829,13.2076,0.2753,13.1800,5.3311,5.3199,0.0112,0.0157,13746.6511,NA,NA,NA
MegaProject.exe,13848,0x1F4D621B830,DXGI,1,0,0,Composed: Flip,13774.0112,NA,14.15250000000000,13.98180000000000,0.35100000000000,6.37830000000000,17.8290,13760.1340,14.2282,13.8772,0.3510,13.8539,6.4016,6.3924,0.0092,-0.4989,13760.1340,NA,NA,NA
MegaProject.exe,13848,0x1F4D621B830,DXGI,1,0,0,Composed: Flip,13787.1225,NA,13.11130000000000,13.90010000000000,0.42950000000000,5.42500000000000,18.6178,13774.3622,13.1898,12.7603,0.4295,12.7386,5.4467,5.4388,0.0079,0.3281,13774.3622,NA,NA,NA
MegaProject.exe,13848,0x1F4D621B830,DXGI,1,0,0,Composed: Flip,13801.7651,NA,14.64260000000000,13.88830000000000,0.54770000000000,5.69910000000000,17.8635,13787.5520,14.7608,14.2131,0.5477,14.1881,5.7241,5.7147,0.0094,-0.6985,13787.5520,NA,NA,NA
MegaProject.exe,13848,0x1F4D621B830,DXGI,1,0,0,Composed: Flip,13815.6958,NA,13.93070000000000,13.88480000000000,0.33480000000000,5.61400000000000,17.8176,13802.3128,13.7178,13.3830,0.3348,13.3601,5.6369,5.6261,0.0108,0.8760,13802.3128,NA,NA,NA
MegaProject.exe,13848,0x1F4D621B830,DXGI,1,0,0,Composed: Flip,13829.4399,NA,13.74410000000000,13.84790000000000,0.34180000000000,5.28020000000000,17.9214,13816.0306,13.7511,13.4093,0.3418,13.3843,5.3052,5.2946,0.0106,-0.1301,13816.0306,NA,NA,NA
MegaProject.exe,13848,0x1F4D621B830,DXGI,1,0,0,Composed: Flip,13842.6543,NA,13.21440000000000,13.94200000000000,0.33070000000000,5.31990000000000,18.6490,13829.7817,13.2033,12.8726,0.3307,12.8455,5.3470,5.3346,0.0124,-0.1909,13829.7817,NA,NA,NA
MegaProject.exe,13848,0x1F4D621B830,DXGI,1,0,0,Composed: Flip,13857.6848,NA,15.03050000000000,13.74350000000000,0.40190000000000,5.56940000000000,17.3620,13842.9850,15.1017,14.6998,0.4019,14.6705,5.5987,5.5909,0.0078,-0.5402,13842.9850,NA,NA,NA
MegaProject.exe,13848,0x1F4D621B830,DXGI,1,0,0,Composed: Flip,13870.8858,NA,13.20100000000000,13.91700000000000,0.43080000000000,7.71260000000000,18.0780,13858.0867,13.2299,12.7991,0.4308,12.7736,7.7381,7.7086,0.0295,1.1847,13858.0867,NA,NA,NA
MegaProject.exe,13848,0x1F4D621B830,DXGI,1,0,0,Composed: Flip,13885.1798,NA,14.29400000000000,14.01120000000000,0.36560000000000,5.38720000000000,17.7952,13871.3166,14.2288,13.8632,0.3656,13.8442,5.4062,5.3995,0.0067,-0.7813,13871.3166,NA,NA,NA
MegaProject.exe,13848,0x1F4D621B830,DXGI,1,0,0,Composed: Flip,13898.5703,NA,13.39050000000000,13.84040000000000,0.31710000000000,5.56220000000000,18.2451,13885.5454,13.3420,13.0249,0.3171,13.0062,5.5809,5.5671,0.0138,0.3884,13885.5454,NA,NA,NA
MegaProject.exe,13848,0x1F4D621B830,DXGI,1,0,0,Composed: Flip,13912.1418,NA,13.57150000000000,13.96180000000000,0.40490000000000,6.74570000000000,18.6354,13898.8874,13.6593,13.2544,0.4049,13.2283,6.7718,6.7614,0.0104,-0.6198,13898.8874,NA,NA,NA
MegaProject.exe,13848,0x1F4D621B830,DXGI,1,0,0,Composed: Flip,13926.7819,NA,14.64010000000000,13.86050000000000,0.44840000000000,5.59290000000000,17.8558,13912.5467,14.6836,14.2352,0.4484,14.2085,5.6196,5.6126,0.0070,-0.2012,13912.5467,NA,NA,NA
MegaProject.exe,13848,0x1F4D621B830,DXGI,1,0,0,Composed: Flip,13940.7777,NA,13.99580000000000,13.76320000000000,0.42800000000000,5.65610000000000,17.6232,13927.2303,13.9754,13.5474,0.4280,13.5281,5.6754,5.6626,0.0128,0.9204,13927.2303,NA,NA,NA
MegaProject.exe,13848,0x1F4D621B830,DXGI,1,0,0,Composed: Flip,13954.8554,NA,14.07770000000000,13.85110000000000,0.46860000000000,5.43150000000000,17.3966,13941.2057,14.1183,13.6497,0.4686,13.6214,5.4598,5.4271,0.0327,0.1243,13941.2057,NA,NA,NA
MegaProject.exe,13848,0x1F4D621B830,DXGI,1,0,0,Composed: Flip,13967.5048,NA,12.64940000000000,13.94970000000000,0.30670000000000,5.26820000000000,18.6969,13955.3240,12.4875,12.1808,0.3067,12.1523,5.2967,5.2883,0.0084,0.1686,13955.3240,NA,NA,NA
MegaProject.exe,13848,0x1F4D621B830,DXGI,1,0,0,Composed: Flip,13982.2695,NA,14.76470000000000,13.93890000000000,0.50200000000000,5.96980000000000,17.8711,13967.8115,14.9600,14.4580,0.5020,14.4269,6.0009,5.9924,0.0085,-1.4514,13967.8115,NA,NA,NA
MegaProject.exe,13848,0x1F4D621B830,DXGI,1,0,0,Composed: Flip,13996.3898,NA,14.12030000000000,13.88600000000000,0.39600000000000,5.38930000000000,17.6368,13982.7715,14.0143,13.6183,0.3960,13.5987,5.4089,5.4002,0.0087,1.0740,13982.7715,NA,NA,NA
MegaProject.exe,13848,0x1F4D621B830,DXGI,1,0,0,Composed: Flip,14010.5287,NA,14.13890000000000,13.92220000000000,0.39560000000000,5.68960000000000,17.4201,13996.7858,14.1385,13.7429,0.3956,13.7198,5.7127,5.6770,0.0357,0.0921,13996.7858,NA,NA,NA
MegaProject.exe,13848,0x1F4D621B830,DXGI,1,0,0,Composed: Flip,14023.7914,NA,13.26270000000000,13.94160000000000,0.46160000000000,5.60860000000000,18.0990,14010.9243,13.3287,12.8671,0.4616,12.8476,5.6281,5.6137,0.0144,0.1969,14010.9243,NA,NA,NA
MegaProject.exe,13848,0x1F4D621B830,DXGI,1,0,0,Composed: Flip,14037.1598,NA,13.36840000000000,13.77910000000000,0.43940000000000,5.75730000000000,18.5097,14024.2530,13.3462,12.9068,0.4394,12.8808,5.7833,5.7716,0.0117,-0.4504,14024.2530,NA,NA,NA
MegaProject.exe,13848,0x1F4D621B830,DXGI,1,0,0,Composed: Flip,14051.9388,NA,14.77900000000000,13.86260000000000,0.41170000000000,5.45240000000000,17.5933,14037.5992,14.7513,14.3396,0.4117,14.3105,5.4815,5.4707,0.0108,-0.5164,14037.5992,NA,NA,NA
MegaProject.exe,13848,0x1F4D621B830,DXGI,1,0,0,Composed: Flip,14066.1147,NA,14.17590000000000,13.87430000000000,0.46510000000000,5.37790000000000,17.2917,14052.3505,14.2293,13.7642,0.4651,13.7369,5.4052,5.3977,0.0075,0.8770,14052.3505,NA,NA,NA
MegaProject.exe,13848,0x1F4D621B830,DXGI,1,0,0,Composed: Flip,14079.7130,NA,13.59830000000000,13.98180000000000,0.48250000000000,5.19220000000000,17.6752,14066.5798,13.6157,13.1332,0.4825,13.1021,5.2233,5.1932,0.0301,0.2475,14066.5798,NA,NA,NA
MegaProject.exe,13848,0x1F4D621B830,DXGI,1,0,0,Composed: Flip,14093.1521,NA,13.43910000000000,13.89570000000000,0.41590000000000,5.37580000000000,18.1318,14080.1955,13.3725,12.9566,0.4159,12.9306,5.4018,5.3934,0.0084,-0.2800,14080.1955,NA,NA,NA
MegaProject.exe,13848,0x1F4D621B830,DXGI,1,0,0,Composed: Flip,14107.1292,NA,13.97710000000000,13.90550000000000,0.36230000000000,5.65080000000000,18.0602,14093.5680,13.9235,13.5612,0.3623,13.5334,5.6786,5.6662,0.0124,-0.5330,14093.5680,NA,NA,NA
MegaProject.exe,13848,0x1F4D621B830,DXGI,1,0,0,Composed: Flip,14121.0213,NA,13.89210000000000,13.91120000000000,0.34040000000000,7.24080000000000,18.0793,14107.4915,13.8702,13.5298,0.3404,13.5059,7.2647,7.2529,0.0118,0.0123,14107.4915,NA,NA,NA
MegaProject.exe,13848,0x1F4D621B830,DXGI,1,0,0,Composed: Flip,14135.0847,NA,14.06340000000000,13.77110000000000,0.49950000000000,5.66030000000000,17.7870,14121.3617,14.2225,13.7230,0.4995,13.6986,5.6847,5.6732,0.0115,0.0991,14121.3617,NA,NA,NA
MegaProject.exe,13848,0x1F4D621B830,DXGI,1,0,0,Composed: Flip,14149.4967,NA,14.41200000000000,13.97840000000000,0.45830000000000,5.70090000000000,17.3534,14135.5842,14.3708,13.9125,0.4583,13.8806,5.7328,5.7248,0.0080,0.2441,14135.5842,NA,NA,NA
MegaProject.exe,13848,0x1F4D621B830,DXGI,1,0,0,Composed: Flip,14162.5129,NA,13.01620000000000,13.81520000000000,0.42640000000000,6.12600000000000,18.1524,14149.9550,12.9843,12.5579,0.4264,12.5321,6.1518,6.1393,0.0125,0.5556,14149.9550,NA,NA,NA
MegaProject.exe,13848,0x1F4D621B830,DXGI,1,0,0,Composed: Flip,14177.3738,NA,14.86090000000000,13.83480000000000,0.41590000000000,5.33140000000000,17.1263,14162.9393,14.8504,14.4345,0.4159,14.4066,5.3593,5.3494,0.0099,-0.8505,14162.9393,NA,NA,NA
MegaProject.exe,13848,0x1F4D621B830,DXGI,1,0,0,Composed: Flip,14190.5133,NA,13.13950000000000,13.94300000000000,0.30030000000000,5.40710000000000,17.9298,14177.7897,13.0239,12.7236,0.3003,12.6973,5.4334,5.4254,0.0080,0.9074,14177.7897,NA,NA,NA
MegaProject.exe,13848,0x1F4D621B830,DXGI,1,0,0,Composed: Flip,14204.4953,NA,13.98200000000000,13.86790000000000,0.38310000000000,5.16050000000000,17.8157,14190.8136,14.0648,13.6817,0.3831,13.6535,5.1887,5.1831,0.0056,-0.8440,14190.8136,NA,NA,NA
MegaProject.exe,13848,0x1F4D621B830,DXGI,1,0,0,Composed: Flip,14217.5747,NA,13.07940000000000,13.91110000000000,0.52970000000000,5.52980000000000,18.6474,14204.8784,13.2260,12.6963,0.5297,12.6657,5.5604,5.5484,0.0120,0.1537,14204.8784,NA,NA,NA
MegaProject.exe,13848,0x1F4D621B830,DXGI,1,0,0,Composed: Flip,14232.4300,NA,14.85530000000000,13.87370000000000,0.48350000000000,5.34090000000000,17.6658,14218.1044,14.8091,14.3256,0.4835,14.2978,5.3687,5.3572,0.0115,-0.6477,14218.1044,NA,NA,NA
MegaProject.exe,13848,0x1F4D621B830,DXGI,1,0,0,Composed: Flip,14246.4381,NA,14.00810000000000,13.86360000000000,0.51040000000000,5.33530000000000,17.5213,14232.9135,14.0350,13.5246,0.5104,13.4953,5.3646,5.3546,0.0100,0.9455,14232.9135,NA,NA,NA
MegaProject.exe,13848,0x1F4D621B830,DXGI,1,0,0,Composed: Flip,14260.0986,NA,13.66050000000000,13.91100000000000,0.62960000000000,5.19030000000000,17.7718,14246.9485,13.7797,13.1501,0.6296,13.1159,5.2245,5.1919,0.0326,0.1240,14246.9485,NA,NA,NA
MegaProject.exe,13848,0x1F4D621B830,DXGI,1,0,0,Composed: Flip,14273.6116,NA,13.51300000000000,13.90340000000000,0.43340000000000,5.41260000000000,18.1622,14260.7282,13.3168,12.8834,0.4334,12.8565,5.4395,5.4086,0.0309,-0.1237,14260.7282,NA,NA,NA
MegaProject.exe,13848,0x1F4D621B830,DXGI,1,0,0,Composed: Flip,14287.2363,NA,13.62470000000000,13.84720000000000,0.33150000000000,5.31830000000000,18.3847,14274.0450,13.5228,13.1913,0.3315,13.1577,5.3519,5.3393,0.0126,-0.5304,14274.0450,NA,NA,NA
MegaProject.exe,13848,0x1F4D621B830,DXGI,1,0,0,Composed: Flip,14301.8101,NA,14.57380000000000,13.94310000000000,0.36690000000000,7.54980000000000,17.7540,14287.5678,14.6092,14.2423,0.3669,14.2099,7.5822,7.5724,0.0098,-0.4203,14287.5678,NA,NA,NA
MegaProject.exe,13848,0x1F4D621B830,DXGI,1,0,0,Composed: Flip,14315.6972,NA,13.88710000000000,13.95100000000000,0.38410000000000,5.05460000000000,17.8179,14302.1770,13.9043,13.5202,0.3841,13.4933,5.0815,5.0753,0.0062,0.6582,14302.1770,NA,NA,NA
MegaProject.exe,13848,0x1F4D621B830,DXGI,1,0,0,Composed: Flip,14328.8636,NA,13.16640000000000,13.88300000000000,0.27940000000000,5.48900000000000,18.5345,14316.0813,13.0617,12.7823,0.2794,12.7577,5.5136,5.4988,0.0148,0.0213,14316.0813,NA,NA,NA
MegaProject.exe,13848,0x1F4D621B830,DXGI,1,0,0,Composed: Flip,14342.4891,NA,13.62550000000000,13.91610000000000,0.40960000000000,5.46350000000000,18.8251,14329.1430,13.7557,13.3461,0.4096,13.3211,5.4885,5.4758,0.0127,-0.8544,14329.1430,NA,NA,NA
MegaProject.exe,13848,0x1F4D621B830,DXGI,1,0,0,Composed: Flip,14357.4305,NA,14.94140000000000,13.85580000000000,0.48650000000000,5.54390000000000,17.7395,14342.8987,15.0183,14.5318,0.4865,14.5061,5.5696,5.5573,0.0123,-0.1001,14342.8987,NA,NA,NA
MegaProject.exe,13848,0x1F4D621B830,DXGI,1,0,0,Composed: Flip,14371.1108,NA,13.68030000000000,13.83170000000000,0.42020000000000,5.62930000000000,17.8909,14357.9170,13.6140,13.1938,0.4202,13.1693,5.6538,5.6236,0.0302,1.1866,14357.9170,NA,NA,NA
MegaProject.exe,13848,0x1F4D621B830,DXGI,1,0,0,Composed: Flip,14385.2412,NA,14.13040000000000,13.85670000000000,0.41780000000000,5.56070000000000,17.6172,14371.5310,14.1280,13.7102,0.4178,13.6823,5.5886,5.5777,0.0109,-0.2427,14371.5310,NA,NA,NA
MegaProject.exe,13848,0x1F4D621B830,DXGI,1,0,0,Composed: Flip,14398.9802,NA,13.73900000000000,13.90900000000000,0.35910000000000,5.09250000000000,17.7872,14385.6590,13.6803,13.3212,0.3591,13.2900,5.1237,5.0931,0.0306,0.2190,14385.6590,NA,NA,NA
MegaProject.exe,13848,0x1F4D621B830,DXGI,1,0,0,Composed: Flip,14412.2126,NA,13.23240000000000,13.91240000000000,0.45070000000000,6.06500000000000,18.4672,14399.3393,13.3240,12.8733,0.4507,12.8509,6.0874,6.0661,0.0213,-0.2321,14399.3393,NA,NA,NA
MegaProject.exe,13848,0x1F4D621B830,DXGI,1,0,0,Composed: Flip,14426.5433,NA,14.33070000000000,13.87790000000000,0.29040000000000,5.10160000000000,18.0144,14412.6633,14.1704,13.8800,0.2904,13.8526,5.1290,5.1237,0.0053,-0.5539,14412.6633,NA,NA,NA
MegaProject.exe,13848,0x1F4D621B830,DXGI,1,0,0,Composed: Flip,14439.8886,NA,13.34530000000000,13.97710000000000,0.26280000000000,5.11490000000000,18.6462,14426.8337,13.3177,13.0549,0.2628,13.0292,5.1406,5.1297,0.0109,0.1933,14426.8337,NA,NA,NA
MegaProject.exe,13848,0x1F4D621B830,DXGI,1,0,0,Composed: Flip,14454.3493,NA,14.46070000000000,13.89960000000000,0.41090000000000,5.62150000000000,18.0851,14440.1514,14.6088,14.1979,0.4109,14.1737,5.6457,5.6333,0.0124,-0.5819,14440.1514,NA,NA,NA
MegaProject.exe,13848,0x1F4D621B830,DXGI,1,0,0,Composed: Flip,14467.8769,NA,13.52760000000000,13.88690000000000,0.41030000000000,5.30710000000000,18.4444,14454.7602,13.5270,13.1167,0.4103,13.0893,5.3345,5.3224,0.0121,0.7219,14454.7602,NA,NA,NA
MegaProject.exe,13848,0x1F4D621B830,DXGI,1,0,0,Composed: Flip,14482.6335,NA,14.75660000000000,13.76740000000000,0.40650000000000,5.78510000000000,17.4552,14468.2872,14.7528,14.3463,0.4065,14.3158,5.8156,5.8027,0.0129,-0.2404,14468.2872,NA,NA,NA
MegaProject.exe,13848,0x1F4D621B830,DXGI,1,0,0,Composed: Flip,14496.8586,NA,14.22510000000000,13.89050000000000,0.47210000000000,5.01080000000000,17.1206,14483.0400,14.2907,13.8186,0.4721,13.7926,5.0368,5.0293,0.0075,0.8623,14483.0400,NA,NA,NA
MegaProject.exe,13848,0x1F4D621B830,DXGI,1,0,0,Composed: Flip,14510.6162,NA,13.75760000000000,13.93260000000000,0.34630000000000,5.32300000000000,17.2956,14497.3307,13.6318,13.2855,0.3463,13.2573,5.3512,5.3399,0.0113,0.3581,14497.3307,NA,NA,NA
MegaProject.exe,13848,0x1F4D621B830,DXGI,1,0,0,Composed: Flip,14523.7268,NA,13.11060000000000,13.88090000000000,0.33850000000000,5.16190000000000,18.0659,14510.9625,13.1028,12.7643,0.3385,12.7415,5.1847,5.1754,0.0093,-0.2491,14510.9625,NA,NA,NA
MegaProject.exe,13848,0x1F4D621B830,DXGI,1,0,0,Composed: Flip,14537.1981,NA,13.47130000000000,13.96910000000000,0.31760000000000,5.24760000000000,18.5637,14524.0653,13.4504,13.1328,0.3176,13.1092,5.2712,5.2598,0.0114,-0.8663,14524.0653,NA,NA,NA
MegaProject.exe,13848,0x1F4D621B830,DXGI,1,0,0,Composed: Flip,14551.6998,NA,14.50170000000000,13.88630000000000,0.33560000000000,5.48640000000000,17.9483,14537.5157,14.5197,14.1841,0.3356,14.1549,5.5156,5.5011,0.0145,-0.4359,14537.5157,NA,NA,NA
MegaProject.exe,13848,0x1F4D621B830,DXGI,1,0,0,Composed: Flip,14566.1918,NA,14.49200000000000,13.81400000000000,0.33940000000000,5.24300000000000,17.2703,14552.0354,14.4958,14.1564,0.3394,14.1318,5.2676,5.2529,0.0147,0.7057,14552.0354,NA,NA,NA
MegaProject.exe,13848,0x1F4D621B830,DXGI,1,0,0,Composed: Flip,14579.6382,NA,13.44640000000000,14.01910000000000,0.75660000000000,5.17080000000000,17.8430,14566.5312,13.8636,13.1070,0.7566,13.0788,5.1990,5.1904,0.0086,0.4767,14566.5312,NA,NA,NA
MegaProject.exe,13848,0x1F4D621B830,DXGI,1,0,0,Composed: Flip,14593.0804,NA,13.44220000000000,13.78750000000000,0.35930000000000,5.04540000000000,18.1883,14580.3948,13.0449,12.6856,0.3593,12.6619,5.0691,5.0590,0.0101,0.0761,14580.3948,NA,NA,NA
MegaProject.exe,13848,0x1F4D621B830,DXGI,1,0,0,Composed: Flip,14607.7865,NA,14.70610000000000,6.91060000000000,1.43390000000000,2.27230000000000,10.3928,14593.4397,15.7807,14.3468,1.4339,14.3165,2.3026,2.2000,0.1026,6.1343,14593.4397,NA,NA,NA
MegaProject.exe,13848,0x1F4D621B830,DXGI,1,0,0,Composed: Flip,14614.1999,NA,6.41340000000000,6.95550000000000,0.43000000000000,1.88660000000000,10.9349,14609.2204,5.4095,4.9795,0.4300,4.9564,1.9097,1.8756,0.0341,8.8252,14609.2204,NA,NA,NA
MegaProject.exe,13848,0x1F4D621B830,DXGI,1,0,0,Composed: Flip,14619.9152,NA,5.71530000000000,6.93580000000000,0.51610000000000,2.14410000000000,12.1554,14614.6299,5.8014,5.2853,0.5161,5.2530,2.1764,2.1648,0.0116,-1.5263,14614.6299,NA,NA,NA
MegaProject.exe,13848,0x1F4D621B830,DXGI,1,0,0,Composed: Flip,14626.7767,NA,6.86150000000000,6.96930000000000,0.43030000000000,1.82100000000000,12.2632,14620.4313,6.7757,6.3454,0.4303,6.3159,1.8505,1.8330,0.0175,-1.1679,14620.4313,NA,NA,NA
MegaProject.exe,13848,0x1F4D621B830,DXGI,1,0,0,Composed: Flip,14634.8094,NA,8.03270000000000,6.94550000000000,0.41450000000000,1.78530000000000,11.1760,14627.2070,8.0169,7.6024,0.4145,7.5687,1.8190,1.8060,0.0130,-0.1698,14627.2070,NA,NA,NA
MegaProject.exe,13848,0x1F4D621B830,DXGI,1,0,0,Composed: Flip,14640.4023,NA,5.59290000000000,6.94790000000000,0.36910000000000,1.78460000000000,12.5310,14635.2239,5.5475,5.1784,0.3691,5.1483,1.8147,1.8022,0.0125,1.0690,14635.2239,NA,NA,NA
MegaProject.exe,13848,0x1F4D621B830,DXGI,1,0,0,Composed: Flip,14647.6899,NA,7.28760000000000,6.94150000000000,0.31260000000000,1.85510000000000,12.1849,14640.7714,7.2311,6.9185,0.3126,6.8976,1.8760,1.8670,0.0090,-1.3940,14640.7714,NA,NA,NA
MegaProject.exe,13848,0x1F4D621B830,DXGI,1,0,0,Composed: Flip,14653.9431,NA,6.25320000000000,7.01940000000000,0.28770000000000,1.82370000000000,12.9511,14648.0025,6.2283,5.9406,0.2877,5.9209,1.8434,1.8362,0.0072,0.2117,14648.0025,NA,NA,NA
MegaProject.exe,13848,0x1F4D621B830,DXGI,1,0,0,Composed: Flip,14661.3120,NA,7.36890000000000,6.88620000000000,0.30630000000000,2.05740000000000,12.4684,14654.2308,7.3875,7.0812,0.3063,7.0530,2.0856,2.0720,0.0136,-0.6579,14654.2308,NA,NA,NA
MegaProject.exe,13848,0x1F4D621B830,DXGI,1,0,0,Composed: Flip,14668.8921,NA,7.58010000000000,6.87490000000000,0.29190000000000,2.05740000000000,11.7632,14661.6183,7.5657,7.2738,0.2919,7.2542,2.0770,2.0619,0.0151,0.5126,14661.6183,NA,NA,NA
MegaProject.exe,13848,0x1F4D621B830,DXGI,1,0,0,Composed: Flip,14674.9454,NA,6.05330000000000,6.94310000000000,0.35520000000000,1.97330000000000,12.6530,14669.1840,6.1166,5.7614,0.3552,5.7417,1.9930,1.9835,0.0095,0.6226,14669.1840,NA,NA,NA
MegaProject.exe,13848,0x1F4D621B830,DXGI,1,0,0,Composed: Flip,14682.7326,NA,7.78720000000000,6.96830000000000,0.34030000000000,1.75520000000000,11.8341,14675.3006,7.7723,7.4320,0.3403,7.4051,1.7821,1.7730,0.0091,-0.8517,14675.3006,NA,NA,NA
MegaProject.exe,13848,0x1F4D621B830,DXGI,1,0,0,Composed: Flip,14688.9419,NA,6.20930000000000,6.95010000000000,0.32720000000000,1.77550000000000,12.5749,14683.0729,6.1962,5.8690,0.3272,5.8497,1.7948,1.7892,0.0056,0.8222,14683.0729,NA,NA,NA
MegaProject.exe,13848,0x1F4D621B830,DXGI,1,0,0,Composed: Flip,14696.1675,NA,7.22560000000000,6.96980000000000,0.51790000000000,1.97660000000000,12.3191,14689.2691,7.4163,6.8984,0.5179,6.8775,1.9975,1.9769,0.0206,-0.7736,14689.2691,NA,NA,NA
MegaProject.exe,13848,0x1F4D621B830,DXGI,1,0,0,Composed: Flip,14703.5456,NA,7.37810000000000,6.95180000000000,0.34360000000000,1.84720000000000,11.8928,14696.6854,7.2038,6.8602,0.3436,6.8331,1.8743,1.8490,0.0253,0.4645,14696.6854,NA,NA,NA
MegaProject.exe,13848,0x1F4D621B830,DXGI,1,0,0,Composed: Flip,14709.5889,NA,6.04330000000000,6.94540000000000,0.27210000000000,1.76930000000000,12.7949,14703.8892,5.9718,5.6997,0.2721,5.6826,1.7864,1.7769,0.0095,0.2584,14703.8892,NA,NA,NA
MegaProject.exe,13848,0x1F4D621B830,DXGI,1,0,0,Composed: Flip,14716.5703,NA,6.98140000000000,6.91890000000000,0.26500000000000,1.84260000000000,12.7324,14709.8610,6.9743,6.7093,0.2650,6.6905,1.8614,1.8526,0.0088,-0.9471,14709.8610,NA,NA,NA
MegaProject.exe,13848,0x1F4D621B830,DXGI,1,0,0,Composed: Flip,14724.7434,NA,8.17310000000000,6.97140000000000,0.32420000000000,1.82050000000000,11.5307,14716.8353,8.2323,7.9081,0.3242,7.8837,1.8449,1.8376,0.0073,0.0029,14716.8353,NA,NA,NA
MegaProject.exe,13848,0x1F4D621B830,DXGI,1,0,0,Composed: Flip,14730.4804,NA,5.73700000000000,6.95060000000000,0.43450000000000,1.81130000000000,12.7443,14725.0676,5.8473,5.4128,0.4345,5.3943,1.8298,1.8203,0.0095,1.2817,14725.0676,NA,NA,NA
MegaProject.exe,13848,0x1F4D621B830,DXGI,1,0,0,Composed: Flip,14738.2968,NA,7.81640000000000,6.93470000000000,0.29850000000000,1.68920000000000,11.8626,14730.9149,7.6804,7.3819,0.2985,7.3617,1.7094,1.7024,0.0070,-1.0874,14730.9149,NA,NA,NA
MegaProject.exe,13848,0x1F4D621B830,DXGI,1,0,0,Composed: Flip,14744.3429,NA,6.04610000000000,6.91010000000000,0.30420000000000,1.81240000000000,12.7266,14738.5953,6.0518,5.7476,0.3042,5.7224,1.8376,1.8293,0.0083,0.7703,14738.5953,NA,17.6629,NA
MegaProject.exe,13848,0x1F4D621B830,DXGI,1,0,0,Composed: Flip,14751.3669,NA,7.02400000000000,6.99620000000000,0.31730000000000,1.78880000000000,12.6988,14744.6471,7.0371,6.7198,0.3173,6.6927,1.8159,1.8035,0.0124,-0.9444,14744.6471,NA,NA,NA
MegaProject.exe,13848,0x1F4D621B830,DXGI,1,0,0,Composed: Flip,14759.8789,NA,8.51200000000000,6.93330000000000,0.51510000000000,1.83200000000000,11.1201,14751.6842,8.7098,8.1947,0.5151,8.1714,1.8553,1.8430,0.0123,0.1038,14751.6842,NA,NA,NA
MegaProject.exe,13848,0x1F4D621B830,DXGI,1,0,0,Composed: Flip,14766.0112,NA,6.13230000000000,6.94770000000000,0.42660000000000,1.73890000000000,11.9355,14760.3940,6.0438,5.6172,0.4266,5.5923,1.7638,1.7540,0.0098,1.7621,14760.3940,NA,NA,NA
MegaProject.exe,13848,0x1F4D621B830,DXGI,1,0,0,Composed: Flip,14773.1468,NA,7.13560000000000,6.99420000000000,0.35530000000000,1.77760000000000,11.7941,14766.4378,7.0643,6.7090,0.3553,6.6832,1.8034,1.7904,0.0130,-0.9504,14766.4378,NA,NA,NA
MegaProject.exe,13848,0x1F4D621B830,DXGI,1,0,0,Composed: Flip,14779.1551,NA,6.00830000000000,6.96310000000000,0.27790000000000,1.86500000000000,12.7489,14773.5021,5.9309,5.6530,0.2779,5.6355,1.8825,1.8751,0.0074,0.1012,14773.5021,NA,NA,NA
MegaProject.exe,13848,0x1F4D621B830,DXGI,1,0,0,Composed: Flip,14786.2647,NA,7.10960000000000,6.98400000000000,0.29070000000000,2.09950000000000,12.6233,14779.4330,7.1224,6.8317,0.2907,6.8043,2.1269,2.0895,0.0374,-1.0531,14779.4330,NA,NA,NA
MegaProject.exe,13848,0x1F4D621B830,DXGI,1,0,0,Composed: Flip,14793.8786,NA,7.61390000000000,6.90770000000000,0.36590000000000,2.03470000000000,11.9171,14786.5554,7.6891,7.3232,0.3659,7.2967,2.0612,2.0495,0.0117,0.2147,14786.5554,NA,NA,NA
MegaProject.exe,13848,0x1F4D621B830,DXGI,1,0,0,Composed: Flip,14800.3880,NA,6.50940000000000,6.96280000000000,0.28050000000000,2.05490000000000,12.3705,14794.2445,6.4240,6.1435,0.2805,6.1250,2.0734,2.0649,0.0085,0.7263,14794.2445,NA,NA,NA
MegaProject.exe,13848,0x1F4D621B830,DXGI,1,0,0,Composed: Flip,14807.8144,NA,7.42640000000000,6.92700000000000,0.39600000000000,1.96420000000000,11.8711,14800.6685,7.5419,7.1459,0.3960,7.1153,1.9948,1.9837,0.0111,-0.5030,14800.6685,NA,NA,NA
MegaProject.exe,13848,0x1F4D621B830,DXGI,1,0,0,Composed: Flip,14814.0188,NA,6.20440000000000,6.94080000000000,0.28370000000000,2.03900000000000,12.6075,14808.2104,6.0921,5.8084,0.2837,5.7842,2.0632,2.0487,0.0145,0.6011,14808.2104,NA,NA,NA
MegaProject.exe,13848,0x1F4D621B830,DXGI,1,0,0,Composed: Flip,14820.9932,NA,6.97440000000000,6.94840000000000,0.36910000000000,1.96860000000000,12.5815,14814.3025,7.0598,6.6907,0.3691,6.6732,1.9861,1.9782,0.0079,-0.8563,14814.3025,NA,NA,NA
MegaProject.exe,13848,0x1F4D621B830,DXGI,1,0,0,Composed: Flip,14828.8802,NA,7.88700000000000,6.95420000000000,0.34510000000000,2.03960000000000,11.6487,14821.3623,7.8630,7.5179,0.3451,7.4985,2.0590,2.0473,0.0117,0.1056,14821.3623,NA,NA,NA
MegaProject.exe,13848,0x1F4D621B830,DXGI,1,0,0,Composed: Flip,14834.6401,NA,5.75990000000000,6.94140000000000,0.39350000000000,2.04310000000000,12.8302,14829.2253,5.8083,5.4148,0.3935,5.3913,2.0666,2.0553,0.0113,0.9216,14829.2253,NA,NA,NA
MegaProject.exe,13848,0x1F4D621B830,DXGI,1,0,0,Composed: Flip,14841.7624,NA,7.12230000000000,6.84750000000000,0.36960000000000,2.04420000000000,12.5554,14835.0336,7.0984,6.7288,0.3696,6.7104,2.0626,2.0541,0.0085,-1.0392,14835.0336,NA,NA,NA
MegaProject.exe,13848,0x1F4D621B830,DXGI,1,0,0,Composed: Flip,14849.5785,NA,7.81610000000000,7.03420000000000,0.49310000000000,2.01960000000000,11.7735,14842.1320,7.9396,7.4465,0.4931,7.4182,2.0479,2.0354,0.0125,0.0642,14842.1320,NA,NA,NA
MegaProject.exe,13848,0x1F4D621B830,DXGI,1,0,0,Composed: Flip,14855.8447,NA,6.26620000000000,6.94320000000000,0.46740000000000,1.97000000000000,12.4505,14850.0716,6.2405,5.7731,0.4674,5.7462,1.9969,1.9838,0.0131,0.9964,14850.0716,NA,NA,NA
MegaProject.exe,13848,0x1F4D621B830,DXGI,1,0,0,Composed: Flip,14863.3919,NA,7.54720000000000,6.93900000000000,0.42730000000000,1.95890000000000,11.8423,14856.3121,7.5071,7.0798,0.4273,7.0599,1.9788,1.9657,0.0131,-0.6985,14856.3121,NA,NA,NA
MegaProject.exe,13848,0x1F4D621B830,DXGI,1,0,0,Composed: Flip,14869.6423,NA,6.25040000000000,6.96000000000000,0.42620000000000,1.93180000000000,12.5519,14863.8192,6.2493,5.8231,0.4262,5.8039,1.9510,1.9434,0.0076,0.5471,14863.8192,NA,NA,NA
MegaProject.exe,13848,0x1F4D621B830,DXGI,1,0,0,Composed: Flip,14876.5931,NA,6.95080000000000,6.93660000000000,0.28680000000000,2.08020000000000,12.5377,14870.0685,6.8114,6.5246,0.2868,6.4984,2.1064,2.0909,0.0155,-0.6873,14870.0685,NA,NA,NA
MegaProject.exe,13848,0x1F4D621B830,DXGI,1,0,0,Composed: Flip,14884.1639,NA,7.57080000000000,6.94330000000000,0.30700000000000,2.12950000000000,11.9102,14876.8799,7.5910,7.2840,0.3070,7.2599,2.1536,2.1142,0.0394,-0.1319,14876.8799,NA,NA,NA
MegaProject.exe,13848,0x1F4D621B830,DXGI,1,0,0,Composed: Flip,14890.4960,NA,6.33210000000000,6.86260000000000,0.40500000000000,2.07480000000000,12.4407,14884.4709,6.4301,6.0251,0.4050,6.0046,2.0953,2.0842,0.0111,0.7284,14884.4709,NA,NA,NA
MegaProject.exe,13848,0x1F4D621B830,DXGI,1,0,0,Composed: Flip,14898.7054,NA,8.20940000000000,6.96570000000000,0.42800000000000,2.12370000000000,11.1970,14890.9010,8.2324,7.8044,0.4280,7.7694,2.1587,2.1453,0.0134,-0.5356,14890.9010,NA,NA,NA
MegaProject.exe,13848,0x1F4D621B830,DXGI,1,0,0,Composed: Flip,14904.3671,NA,5.66170000000000,6.94330000000000,0.39560000000000,1.90750000000000,12.4786,14899.1334,5.6293,5.2337,0.3956,5.2085,1.9327,1.9229,0.0098,1.2891,14899.1334,NA,NA,NA
MegaProject.exe,13848,0x1F4D621B830,DXGI,1,0,0,Composed: Flip,14911.3021,NA,6.93500000000000,7.00660000000000,0.34150000000000,1.80370000000000,12.5502,14904.7627,6.8809,6.5394,0.3415,6.5204,1.8227,1.8164,0.0063,-1.3773,14904.7627,NA,NA,NA
MegaProject.exe,13848,0x1F4D621B830,DXGI,1,0,0,Composed: Flip,14919.0284,NA,7.72630000000000,6.95630000000000,0.34530000000000,2.04840000000000,11.7802,14911.6436,7.7301,7.3848,0.3453,7.3593,2.0739,2.0589,0.0150,-0.0754,14911.6436,NA,NA,NA
MegaProject.exe,13848,0x1F4D621B830,DXGI,1,0,0,Composed: Flip,14925.1907,NA,6.16230000000000,6.92110000000000,0.29550000000000,1.99880000000000,12.5390,14919.3737,6.1125,5.8170,0.2955,5.7940,2.0218,2.0096,0.0122,0.8090,14919.3737,NA,NA,NA
MegaProject.exe,13848,0x1F4D621B830,DXGI,1,0,0,Composed: Flip,14932.7703,NA,7.57960000000000,6.94290000000000,0.27800000000000,1.91410000000000,11.9023,14925.4862,7.5621,7.2841,0.2780,7.2653,1.9329,1.9226,0.0103,-0.8304,14925.4862,NA,NA,NA
MegaProject.exe,13848,0x1F4D621B830,DXGI,1,0,0,Composed: Flip,14939.1284,NA,6.35810000000000,6.89400000000000,0.31900000000000,2.00280000000000,12.4382,14933.0483,6.3991,6.0801,0.3190,6.0554,2.0275,2.0155,0.0120,0.6681,14933.0483,NA,NA,NA
MegaProject.exe,13848,0x1F4D621B830,DXGI,1,0,0,Composed: Flip,14945.9742,NA,6.84580000000000,6.94600000000000,0.28130000000000,1.66370000000000,12.5384,14939.4474,6.8081,6.5268,0.2813,6.5045,1.6860,1.6752,0.0108,-0.5469,14939.4474,NA,NA,NA
MegaProject.exe,13848,0x1F4D621B830,DXGI,1,0,0,Composed: Flip,14953.6007,NA,7.62650000000000,6.94830000000000,0.30980000000000,1.59620000000000,11.8602,14946.2555,7.6550,7.3452,0.3098,7.3262,1.6152,1.6071,0.0081,-0.1402,14946.2555,NA,NA,NA
MegaProject.exe,13848,0x1F4D621B830,DXGI,1,0,0,Composed: Flip,14959.7058,NA,6.10510000000000,6.93730000000000,0.33850000000000,1.62920000000000,12.6924,14953.9105,6.1338,5.7953,0.3385,5.7780,1.6465,1.6421,0.0044,0.7177,14953.9105,NA,NA,NA
MegaProject.exe,13848,0x1F4D621B830,DXGI,1,0,0,Composed: Flip,14966.7718,NA,7.06600000000000,6.94880000000000,0.43330000000000,1.64870000000000,12.5752,14960.0443,7.1608,6.7275,0.4333,6.7032,1.6730,1.6652,0.0078,-0.8150,14960.0443,NA,NA,NA
MegaProject.exe,13848,0x1F4D621B830,DXGI,1,0,0,Composed: Flip,14974.5313,NA,7.75950000000000,6.95010000000000,0.34290000000000,1.69400000000000,11.7658,14967.2051,7.6691,7.3262,0.3429,7.3011,1.7191,1.7104,0.0087,0.2107,14967.2051,NA,NA,NA
MegaProject.exe,13848,0x1F4D621B830,DXGI,1,0,0,Composed: Flip,14980.5962,NA,6.06490000000000,6.94100000000000,0.33570000000000,1.66400000000000,12.6419,14974.8742,6.0577,5.7220,0.3357,5.7026,1.6834,1.6780,0.0054,0.7281,14974.8742,NA,NA,NA
MegaProject.exe,13848,0x1F4D621B830,DXGI,1,0,0,Composed: Flip,14988.3312,NA,7.73500000000000,6.94640000000000,0.42350000000000,1.70950000000000,11.8533,14980.9319,7.8228,7.3993,0.4235,7.3750,1.7338,1.7249,0.0089,-0.8887,14980.9319,NA,NA,NA
MegaProject.exe,13848,0x1F4D621B830,DXGI,1,0,0,Composed: Flip,14994.4731,NA,6.14190000000000,6.92340000000000,0.29850000000000,1.71080000000000,12.6348,14988.7547,6.0169,5.7184,0.2985,5.6940,1.7352,1.7277,0.0075,0.8994,14988.7547,NA,NA,NA
MegaProject.exe,13848,0x1F4D621B830,DXGI,1,0,0,Composed: Flip,15001.3974,NA,6.92430000000000,6.91730000000000,0.34860000000000,1.78950000000000,12.6278,14994.7716,6.9744,6.6258,0.3486,6.6087,1.8066,1.8002,0.0064,-0.9004,14994.7716,NA,NA,NA
MegaProject.exe,13848,0x1F4D621B830,DXGI,1,0,0,Composed: Flip,15009.5920,NA,8.19460000000000,6.95590000000000,0.41820000000000,1.63710000000000,11.3891,15001.7460,8.2642,7.8460,0.4182,7.8262,1.6569,1.6502,0.0067,0.0185,15001.7460,NA,NA,NA
MegaProject.exe,13848,0x1F4D621B830,DXGI,1,0,0,Composed: Flip,15015.6710,NA,6.07900000000000,6.98330000000000,0.43200000000000,1.81730000000000,12.2934,15010.0102,6.0928,5.6608,0.4320,5.6337,1.8444,1.8218,0.0226,1.2809,15010.0102,NA,NA,NA
MegaProject.exe,13848,0x1F4D621B830,DXGI,1,0,0,Composed: Flip,15023.0747,NA,7.40370000000000,6.91290000000000,0.35600000000000,1.72050000000000,11.8026,15016.1030,7.3277,6.9717,0.3560,6.9530,1.7392,1.7344,0.0048,-0.8201,15016.1030,NA,NA,NA
MegaProject.exe,13848,0x1F4D621B830,DXGI,1,0,0,Composed: Flip,15029.0853,NA,6.01060000000000,6.97030000000000,0.33060000000000,1.73740000000000,12.7623,15023.4307,5.9852,5.6546,0.3306,5.6360,1.7560,1.7461,0.0099,0.3574,15023.4307,NA,NA,NA
MegaProject.exe,13848,0x1F4D621B830,DXGI,1,0,0,Composed: Flip,15036.4045,NA,7.31920000000000,6.95340000000000,0.34530000000000,1.67930000000000,12.3965,15029.4159,7.3339,6.9886,0.3453,6.9626,1.7053,1.6982,0.0071,-0.9682,15029.4159,NA,NA,NA
MegaProject.exe,13848,0x1F4D621B830,DXGI,1,0,0,Composed: Flip,15044.2428,NA,7.83830000000000,6.94310000000000,0.40500000000000,2.17470000000000,11.5013,15036.7498,7.8980,7.4930,0.4050,7.4702,2.1975,2.1881,0.0094,0.3908,15036.7498,NA,NA,NA
MegaProject.exe,13848,0x1F4D621B830,DXGI,1,0,0,Composed: Flip,15050.1335,NA,5.89070000000000,6.93180000000000,0.28550000000000,1.63140000000000,12.5424,15044.6478,5.7712,5.4857,0.2855,5.4677,1.6494,1.6442,0.0052,0.9662,15044.6478,NA,NA,NA
MegaProject.exe,13848,0x1F4D621B830,DXGI,1,0,0,Composed: Flip,15057.8094,NA,7.67590000000000,6.95950000000000,0.37620000000000,1.69100000000000,11.8260,15050.4190,7.7666,7.3904,0.3762,7.3650,1.7164,1.7089,0.0075,-1.1883,15050.4190,NA,NA,NA
MegaProject.exe,13848,0x1F4D621B830,DXGI,1,0,0,Composed: Flip,15063.8018,NA,5.99240000000000,7.06730000000000,0.36320000000000,1.67320000000000,12.9009,15058.1856,5.9794,5.6162,0.3632,5.6011,1.6883,1.6785,0.0098,0.6993,15058.1856,NA,NA,NA
MegaProject.exe,13848,0x1F4D621B830,DXGI,1,0,0,Composed: Flip,15071.1854,NA,7.38360000000000,6.94310000000000,0.44490000000000,1.72470000000000,12.4604,15064.1650,7.4653,7.0204,0.4449,6.9991,1.7460,1.7359,0.0101,-0.9637,15064.1650,NA,NA,NA
MegaProject.exe,13848,0x1F4D621B830,DXGI,1,0,0,Composed: Flip,15079.1282,NA,7.94280000000000,6.89910000000000,0.35480000000000,2.02100000000000,11.4167,15071.6303,7.8527,7.4979,0.3548,7.4716,2.0473,2.0350,0.0123,0.5662,15071.6303,NA,NA,NA
MegaProject.exe,13848,0x1F4D621B830,DXGI,1,0,0,Composed: Flip,15085.0982,NA,5.97000000000000,6.93820000000000,0.43170000000000,1.95820000000000,12.3849,15079.4830,6.0469,5.6152,0.4317,5.5904,1.9830,1.9705,0.0125,0.9145,15079.4830,NA,NA,NA
MegaProject.exe,13848,0x1F4D621B830,DXGI,1,0,0,Composed: Flip,15091.8325,NA,6.73430000000000,6.89080000000000,0.31190000000000,1.85670000000000,12.5414,15085.5299,6.6145,6.3026,0.3119,6.2854,1.8739,1.8681,0.0058,-0.8439,15085.5299,NA,NA,NA
MegaProject.exe,13848,0x1F4D621B830,DXGI,1,0,0,Composed: Flip,15099.6300,NA,7.79750000000000,6.91710000000000,0.38760000000000,1.86060000000000,11.6610,15092.1444,7.8732,7.4856,0.3876,7.4286,1.9176,1.9094,0.0082,-0.3026,15092.1444,NA,NA,NA
MegaProject.exe,13848,0x1F4D621B830,DXGI,1,0,0,Composed: Flip,15105.7315,NA,6.10150000000000,6.96210000000000,0.49280000000000,2.07800000000000,12.5216,15100.0176,6.2067,5.7139,0.4928,5.6872,2.1047,2.0919,0.0128,0.9111,15100.0176,NA,NA,NA
MegaProject.exe,13848,0x1F4D621B830,DXGI,1,0,0,Composed: Flip,15113.5418,NA,7.81030000000000,6.88760000000000,0.34800000000000,1.58020000000000,11.5989,15106.2243,7.6655,7.3175,0.3480,7.2971,1.6006,1.5910,0.0096,-0.6809,15106.2243,NA,NA,NA
MegaProject.exe,13848,0x1F4D621B830,DXGI,1,0,0,Composed: Flip,15119.5810,NA,6.03920000000000,6.94730000000000,0.33660000000000,1.64170000000000,12.5070,15113.8898,6.0278,5.6912,0.3366,5.6717,1.6612,1.6547,0.0065,0.7182,15113.8898,NA,NA,NA
MegaProject.exe,13848,0x1F4D621B830,DXGI,1,0,0,Composed: Flip,15126.3846,NA,6.80360000000000,NA,0.32460000000000,1.66060000000000,NA,15119.9176,6.7916,6.4670,0.3246,6.4429,1.6847,1.6743,0.0104,NA,NA,NA,NA,NA
MegaProject.exe,13848,0x1F4D621B830,DXGI,1,0,0,Composed: Flip,15134.2318,NA,7.84720000000000,13.94680000000000,0.44560000000000,1.75170000000000,11.8030,15126.7092,7.9682,7.5226,0.4456,7.4888,1.7855,1.7746,0.0109,-1.1274,15126.7092,NA,17.5637,NA
MegaProject.exe,13848,0x1F4D621B830,DXGI,1,0,0,Composed: Flip,15140.1114,NA,5.87960000000000,6.91990000000000,0.37680000000000,1.61040000000000,12.8433,15134.6774,5.8108,5.4340,0.3768,5.4153,1.6291,1.6233,0.0058,1.0483,15134.6774,NA,NA,NA
MegaProject.exe,13848,0x1F4D621B830,DXGI,1,0,0,Composed: Flip,15148.1001,NA,7.98870000000000,7.01330000000000,0.35410000000000,1.70230000000000,11.8679,15140.4882,7.9660,7.6119,0.3541,7.5825,1.7317,1.7177,0.0140,-1.2025,15140.4882,NA,NA,NA
MegaProject.exe,13848,0x1F4D621B830,DXGI,1,0,0,Hardware Composed: Independent Flip,15154.1508,NA,6.05070000000000,7.00890000000000,0.35750000000000,1.68910000000000,12.8261,15148.4542,6.0541,5.6966,0.3575,5.6731,1.7126,1.7019,0.0107,0.9571,15148.4542,NA,NA,NA
MegaProject.exe,13848,0x1F4D621B830,DXGI,1,0,0,Hardware Composed: Independent Flip,15169.5347,NA,15.38390000000000,6.91440000000000,0.34440000000000,1.93890000000000,4.3566,15154.5083,15.3708,15.0264,0.3444,14.9993,1.9660,1.9505,0.0155,-0.8603,15154.5083,NA,NA,NA
MegaProject.exe,13848,0x1F4D621B830,DXGI,1,0,0,Hardware Composed: Independent Flip,15175.0881,NA,5.55340000000000,6.94650000000000,0.28880000000000,1.97910000000000,5.7497,15169.8791,5.4978,5.2090,0.2888,5.1849,2.0032,1.9868,0.0164,8.4243,15169.8791,NA,NA,NA
MegaProject.exe,13848,0x1F4D621B830,DXGI,1,0,0,Hardware Composed: Independent Flip,15182.6306,NA,7.54250000000000,6.94410000000000,0.27720000000000,1.90840000000000,5.1513,15175.3769,7.5309,7.2537,0.2772,7.2348,1.9273,1.9174,0.0099,-1.4463,15175.3769,NA,9.2337,NA
MegaProject.exe,13848,0x1F4D621B830,DXGI,1,0,0,Hardware Composed: Independent Flip,15189.1782,NA,6.54760000000000,6.92520000000000,0.25600000000000,1.92800000000000,5.5289,15182.9078,6.5264,6.2704,0.2560,6.2463,1.9521,1.9428,0.0093,0.6057,15182.9078,NA,NA,NA
MegaProject.exe,13848,0x1F4D621B830,DXGI,1,0,0,Hardware Composed: Independent Flip,15195.9543,NA,6.77610000000000,6.83850000000000,0.25510000000000,1.97090000000000,5.5913,15189.4342,6.7752,6.5201,0.2551,6.4973,1.9937,1.9802,0.0135,-0.3121,15189.4342,NA,NA,NA
MegaProject.exe,13848,0x1F4D621B830,DXGI,1,0,0,Hardware Composed: Independent Flip,15203.4409,NA,7.48660000000000,7.00010000000000,0.30220000000000,1.62450000000000,5.1048,15196.2094,7.5337,7.2315,0.3022,7.2128,1.6432,1.6333,0.0099,-0.2249,15196.2094,NA,NA,NA
MegaProject.exe,13848,0x1F4D621B830,DXGI,1,0,0,Hardware Composed: Independent Flip,15209.6303,NA,6.18940000000000,6.95120000000000,0.33860000000000,1.61830000000000,5.8666,15203.7431,6.2258,5.8872,0.3386,5.8667,1.6388,1.6340,0.0048,0.5825,15203.7431,NA,NA,NA
MegaProject.exe,13848,0x1F4D621B830,DXGI,1,0,0,Hardware Composed: Independent Flip,15216.6457,NA,7.01540000000000,6.90700000000000,0.31160000000000,1.68080000000000,5.7582,15209.9689,6.9884,6.6768,0.3116,6.6480,1.7096,1.6865,0.0231,-0.6812,15209.9689,NA,NA,NA
MegaProject.exe,13848,0x1F4D621B830,DXGI,1,0,0,Hardware Composed: Independent Flip,15224.1724,NA,7.52670000000000,6.98070000000000,0.31060000000000,1.69290000000000,5.2122,15216.9573,7.5257,7.2151,0.3106,7.1892,1.7188,1.7059,0.0129,0.0077,15216.9573,NA,NA,NA
MegaProject.exe,13848,0x1F4D621B830,DXGI,1,0,0,Hardware Composed: Independent Flip,15230.2200,NA,6.04760000000000,6.93800000000000,0.24450000000000,1.69510000000000,6.1026,15224.4830,5.9815,5.7370,0.2445,5.7197,1.7124,1.7050,0.0074,0.5877,15224.4830,NA,NA,NA
MegaProject.exe,13848,0x1F4D621B830,DXGI,1,0,0,Hardware Composed: Independent Flip,15237.8292,NA,7.60920000000000,6.94010000000000,0.39900000000000,1.64600000000000,5.4335,15230.4645,7.7637,7.3647,0.3990,7.3414,1.6693,1.6599,0.0094,-0.9586,15230.4645,NA,NA,NA
MegaProject.exe,13848,0x1F4D621B830,DXGI,1,0,0,Hardware Composed: Independent Flip,15244.3828,NA,6.55360000000000,7.07190000000000,0.29800000000000,1.98360000000000,5.9518,15238.2282,6.4526,6.1546,0.2980,6.1152,2.0230,2.0109,0.0121,0.6918,15238.2282,NA,NA,NA
MegaProject.exe,13848,0x1F4D621B830,DXGI,1,0,0,Hardware Composed: Independent Flip,15251.4195,NA,7.03670000000000,6.91030000000000,0.27660000000000,2.02620000000000,5.8254,15244.6808,7.0153,6.7387,0.2766,6.7240,2.0409,2.0330,0.0079,-0.4577,15244.6808,NA,NA,NA
MegaProject.exe,13848,0x1F4D621B830,DXGI,1,0,0,Hardware Composed: Independent Flip,15259.4082,NA,7.98870000000000,6.85940000000000,0.44320000000000,2.08570000000000,4.6961,15251.6961,8.1553,7.7121,0.4432,7.6838,2.1140,2.1010,0.0130,0.1559,15251.6961,NA,NA,NA
MegaProject.exe,13848,0x1F4D621B830,DXGI,1,0,0,Hardware Composed: Independent Flip,15265.5159,NA,6.10770000000000,7.01640000000000,0.33200000000000,1.87680000000000,5.6048,15259.8514,5.9965,5.6645,0.3320,5.6447,1.8966,1.8888,0.0078,1.1389,15259.8514,NA,NA,NA
MegaProject.exe,13848,0x1F4D621B830,DXGI,1,0,0,Hardware Composed: Independent Flip,15273.2535,NA,7.73760000000000,6.94580000000000,0.33060000000000,1.87670000000000,4.8130,15265.8479,7.7362,7.4056,0.3306,7.3868,1.8955,1.8823,0.0132,-0.9493,15265.8479,NA,NA,NA
MegaProject.exe,13848,0x1F4D621B830,DXGI,1,0,0,Hardware Composed: Independent Flip,15279.2038,NA,5.95030000000000,6.88230000000000,0.28480000000000,1.88110000000000,5.7450,15273.5841,5.9045,5.6197,0.2848,5.6014,1.8994,1.8912,0.0082,0.8539,15273.5841,NA,NA,NA
MegaProject.exe,13848,0x1F4D621B830,DXGI,1,0,0,Hardware Composed: Independent Flip,15286.0720,NA,6.86820000000000,6.92660000000000,0.41860000000000,1.81450000000000,5.8034,15279.4886,7.0020,6.5834,0.4186,6.5582,1.8397,1.8256,0.0141,-1.0221,15279.4886,NA,NA,NA
MegaProject.exe,13848,0x1F4D621B830,DXGI,1,0,0,Hardware Composed: Independent Flip,15294.3780,NA,8.30600000000000,6.95870000000000,0.42550000000000,1.78570000000000,4.4561,15286.4906,8.3129,7.8874,0.4255,7.8634,1.8097,1.7756,0.0341,0.0433,15286.4906,NA,NA,NA
MegaProject.exe,13848,0x1F4D621B830,DXGI,1,0,0,Hardware Composed: Independent Flip,15299.9127,NA,5.53470000000000,7.05290000000000,0.30840000000000,1.65720000000000,5.9743,15294.8035,5.4176,5.1092,0.3084,5.0922,1.6742,1.6697,0.0045,1.2600,15294.8035,NA,NA,NA
MegaProject.exe,13848,0x1F4D621B830,DXGI,1,0,0,Hardware Composed: Independent Flip,15307.7310,NA,7.81830000000000,6.89970000000000,0.39600000000000,1.94090000000000,5.0557,15300.2211,7.9059,7.5099,0.3960,7.4858,1.9650,1.9523,0.0127,-1.4821,15300.2211,NA,NA,NA
MegaProject.exe,13848,0x1F4D621B830,DXGI,1,0,0,Hardware Composed: Independent Flip,15313.8710,NA,6.14000000000000,7.11400000000000,0.30550000000000,1.99720000000000,6.0297,15308.1270,6.0495,5.7440,0.3055,5.7217,2.0195,2.0072,0.0123,0.7919,15308.1270,NA,NA,NA
MegaProject.exe,13848,0x1F4D621B830,DXGI,1,0,0,Hardware Composed: Independent Flip,15321.0005,NA,7.12950000000000,6.80610000000000,0.24690000000000,1.92910000000000,5.7063,15314.1765,7.0709,6.8240,0.2469,6.8096,1.9435,1.9325,0.0110,-0.7566,15314.1765,NA,NA,NA
MegaProject.exe,13848,0x1F4D621B830,DXGI,1,0,0,Hardware Composed: Independent Flip,15328.9203,NA,7.91980000000000,6.81640000000000,0.48460000000000,1.85470000000000,4.6029,15321.2474,8.1575,7.6729,0.4846,7.6420,1.8856,1.8545,0.0311,0.2545,15321.2474,NA,NA,NA
MegaProject.exe,13848,0x1F4D621B830,DXGI,1,0,0,Hardware Composed: Independent Flip,15334.7059,NA,5.78560000000000,6.94030000000000,0.26860000000000,1.67520000000000,5.7576,15329.4049,5.5696,5.3010,0.2686,5.2827,1.6935,1.6761,0.0174,1.2172,15329.4049,NA,NA,NA
MegaProject.exe,13848,0x1F4D621B830,DXGI,1,0,0,Hardware Composed: Independent Flip,15341.4839,NA,6.77800000000000,6.97500000000000,0.29380000000000,1.66430000000000,5.9546,15334.9745,6.8032,6.5094,0.2938,6.4923,1.6814,1.6770,0.0044,-1.4054,15334.9745,NA,NA,NA
MegaProject.exe,13848,0x1F4D621B830,DXGI,1,0,0,Hardware Composed: Independent Flip,15349.4442,NA,7.96030000000000,6.94790000000000,0.30830000000000,1.68630000000000,4.9422,15341.7777,7.9748,7.6665,0.3083,7.6421,1.7107,1.7008,0.0099,-0.1447,15341.7777,NA,NA,NA
MegaProject.exe,13848,0x1F4D621B830,DXGI,1,0,0,Hardware Composed: Independent Flip,15355.5606,NA,6.11640000000000,6.94330000000000,0.32470000000000,1.61870000000000,5.7691,15349.7525,6.1328,5.8081,0.3247,5.7627,1.6641,1.6552,0.0089,1.0315,15349.7525,NA,NA,NA
MegaProject.exe,13848,0x1F4D621B830,DXGI,1,0,0,Hardware Composed: Independent Flip,15363.1389,NA,7.57830000000000,6.94880000000000,0.33660000000000,1.78900000000000,5.1396,15355.8853,7.5902,7.2536,0.3366,7.2362,1.8064,1.7875,0.0189,-0.8160,15355.8853,NA,NA,NA
MegaProject.exe,13848,0x1F4D621B830,DXGI,1,0,0,Hardware Composed: Independent Flip,15369.3512,NA,6.21230000000000,7.02020000000000,0.34330000000000,2.04890000000000,5.9475,15363.4755,6.2190,5.8757,0.3433,5.8594,2.0652,2.0555,0.0097,0.5700,15363.4755,NA,NA,NA
MegaProject.exe,13848,0x1F4D621B830,DXGI,1,0,0,Hardware Composed: Independent Flip,15376.4137,NA,7.06250000000000,7.00400000000000,0.36960000000000,2.06020000000000,5.8890,15369.6945,7.0888,6.7192,0.3696,6.6989,2.0805,2.0696,0.0109,-0.7850,15369.6945,NA,NA,NA
MegaProject.exe,13848,0x1F4D621B830,DXGI,1,0,0,Hardware Composed: Independent Flip,15384.5643,NA,8.15060000000000,6.93410000000000,0.44550000000000,2.00940000000000,4.6725,15376.7833,8.2265,7.7810,0.4455,7.7568,2.0336,2.0250,0.0086,0.1547,15376.7833,NA,NA,NA
MegaProject.exe,13848,0x1F4D621B830,DXGI,1,0,0,Hardware Composed: Independent Flip,15390.5119,NA,5.94760000000000,6.93910000000000,0.33070000000000,2.12240000000000,5.6640,15385.0098,5.8328,5.5021,0.3307,5.4825,2.1420,2.1336,0.0084,1.2874,15385.0098,NA,NA,NA
MegaProject.exe,13848,0x1F4D621B830,DXGI,1,0,0,Hardware Composed: Independent Flip,15398.3292,NA,7.81730000000000,6.89590000000000,0.31330000000000,2.06740000000000,4.7426,15390.8426,7.7999,7.4866,0.3133,7.4629,2.0911,2.0792,0.0119,-1.0631,15390.8426,NA,NA,NA
MegaProject.exe,13848,0x1F4D621B830,DXGI,1,0,0,Hardware Composed: Independent Flip,15404.3222,NA,5.99300000000000,6.99660000000000,0.31640000000000,1.95630000000000,5.7462,15398.6425,5.9961,5.6797,0.3164,5.6583,1.9777,1.9655,0.0122,0.8033,15398.6425,NA,NA,NA
MegaProject.exe,13848,0x1F4D621B830,DXGI,1,0,0,Hardware Composed: Independent Flip,15411.2368,NA,6.91460000000000,6.83170000000000,0.28250000000000,2.03640000000000,5.6633,15404.6386,6.8807,6.5982,0.2825,6.5817,2.0529,2.0448,0.0081,-0.8356,15404.6386,NA,NA,NA
MegaProject.exe,13848,0x1F4D621B830,DXGI,1,0,0,Hardware Composed: Independent Flip,15418.8513,NA,7.61450000000000,6.95090000000000,0.39480000000000,1.65590000000000,4.9997,15411.5193,7.7268,7.3320,0.3948,7.3038,1.6841,1.6759,0.0082,-0.0702,15411.5193,NA,NA,NA
MegaProject.exe,13848,0x1F4D621B830,DXGI,1,0,0,Hardware Composed: Independent Flip,15425.1351,NA,6.28380000000000,6.93290000000000,0.35330000000000,1.67430000000000,5.6488,15419.2461,6.2423,5.8890,0.3533,5.8661,1.6972,1.6857,0.0115,0.7939,15419.2461,NA,NA,NA
MegaProject.exe,13848,0x1F4D621B830,DXGI,1,0,0,Hardware Composed: Independent Flip,15432.7064,NA,7.57130000000000,6.95240000000000,0.30850000000000,1.65500000000000,5.0299,15425.4884,7.5265,7.2180,0.3085,7.2008,1.6722,1.6658,0.0064,-0.7101,15425.4884,NA,NA,NA
MegaProject.exe,13848,0x1F4D621B830,DXGI,1,0,0,Hardware Composed: Independent Flip,15438.9564,NA,6.25000000000000,6.92450000000000,0.44260000000000,1.63470000000000,5.7044,15433.0149,6.3841,5.9415,0.4426,5.9139,1.6623,1.6563,0.0060,0.6020,15433.0149,NA,NA,NA
MegaProject.exe,13848,0x1F4D621B830,DXGI,1,0,0,Hardware Composed: Independent Flip,15445.9384,NA,6.98200000000000,6.95280000000000,0.34880000000000,1.69190000000000,5.6752,15439.3990,6.8882,6.5394,0.3488,6.5151,1.7162,1.7088,0.0074,-0.5687,15439.3990,NA,NA,NA
MegaProject.exe,13848,0x1F4D621B830,DXGI,1,0,0,Hardware Composed: Independent Flip,15453.5744,NA,7.63600000000000,7.02920000000000,0.29140000000000,1.74980000000000,5.0684,15446.2872,7.5786,7.2872,0.2914,7.2712,1.7658,1.7540,0.0118,-0.1410,15446.2872,NA,NA,NA
MegaProject.exe,13848,0x1F4D621B830,DXGI,1,0,0,Hardware Composed: Independent Flip,15459.7541,NA,6.17970000000000,6.98720000000000,0.31070000000000,1.96430000000000,5.8759,15453.8658,6.1990,5.8883,0.3107,5.8482,2.0044,1.9954,0.0090,0.5914,15453.8658,NA,NA,NA
MegaProject.exe,13848,0x1F4D621B830,DXGI,1,0,0,Hardware Composed: Independent Flip,15466.9794,NA,7.22530000000000,6.94290000000000,0.26640000000000,1.97420000000000,5.5935,15460.0648,7.1810,6.9146,0.2664,6.8899,1.9989,1.9867,0.0122,-0.7439,15460.0648,NA,NA,NA
MegaProject.exe,13848,0x1F4D621B830,DXGI,1,0,0,Hardware Composed: Independent Flip,15474.4548,NA,7.47540000000000,6.96420000000000,0.29470000000000,1.96280000000000,5.0823,15467.2458,7.5037,7.2090,0.2947,7.1838,1.9880,1.9823,0.0057,0.2168,15467.2458,NA,NA,NA
MegaProject.exe,13848,0x1F4D621B830,DXGI,1,0,0,Hardware Composed: Independent Flip,15480.6486,NA,6.19380000000000,6.95560000000000,0.30010000000000,1.99770000000000,5.8441,15474.7495,6.1992,5.8991,0.3001,5.8565,2.0403,2.0327,0.0076,0.5481,15474.7495,NA,13.8271,NA
MegaProject.exe,13848,0x1F4D621B830,DXGI,1,0,0,Hardware Composed: Independent Flip,15488.6816,NA,8.03300000000000,6.88260000000000,0.30110000000000,1.93190000000000,4.6937,15480.9487,8.0340,7.7329,0.3011,7.7126,1.9522,1.9399,0.0123,-0.6834,15480.9487,NA,NA,NA
MegaProject.exe,13848,0x1F4D621B830,DXGI,1,0,0,Hardware Composed: Independent Flip,15494.5564,NA,5.87480000000000,6.94140000000000,0.36490000000000,1.89800000000000,5.7603,15488.9827,5.9386,5.5737,0.3649,5.5495,1.9222,1.9095,0.0127,1.0926,15488.9827,NA,NA,NA
MegaProject.exe,13848,0x1F4D621B830,DXGI,1,0,0,Hardware Composed: Independent Flip,15501.3419,NA,6.78550000000000,6.99400000000000,0.33750000000000,2.12930000000000,5.9688,15494.9213,6.7581,6.4206,0.3375,6.4041,2.1458,2.1384,0.0074,-1.0554,15494.9213,NA,NA,NA
MegaProject.exe,13848,0x1F4D621B830,DXGI,1,0,0,Hardware Composed: Independent Flip,15509.3765,NA,8.03460000000000,6.77820000000000,0.40940000000000,1.92240000000000,4.7124,15501.6794,8.1065,7.6971,0.4094,7.6722,1.9473,1.9354,0.0119,-0.0201,15501.6794,NA,NA,NA
MegaProject.exe,13848,0x1F4D621B830,DXGI,1,0,0,Hardware Composed: Independent Flip,15515.1631,NA,5.78660000000000,7.10550000000000,0.30010000000000,2.02050000000000,6.0313,15509.7859,5.6773,5.3772,0.3001,5.3560,2.0417,2.0313,0.0104,1.0010,15509.7859,NA,NA,NA
MegaProject.exe,13848,0x1F4D621B830,DXGI,1,0,0,Hardware Composed: Independent Flip,15522.9083,NA,7.74520000000000,6.92560000000000,0.32640000000000,1.88490000000000,5.2117,15515.4632,7.7715,7.4451,0.3264,7.4275,1.9025,1.8892,0.0133,-1.2483,15515.4632,NA,NA,NA
MegaProject.exe,13848,0x1F4D621B830,DXGI,1,0,0,Hardware Composed: Independent Flip,15529.2368,NA,6.32850000000000,6.78900000000000,0.28310000000000,1.98690000000000,5.6722,15523.2347,6.2852,6.0021,0.2831,5.9637,2.0253,2.0177,0.0076,0.9825,15523.2347,NA,NA,NA
MegaProject.exe,13848,0x1F4D621B830,DXGI,1,0,0,Hardware Composed: Independent Flip,15535.9856,NA,6.74880000000000,7.11340000000000,0.32800000000000,1.90700000000000,6.0368,15529.5199,6.7937,6.4657,0.3280,6.4428,1.9299,1.9225,0.0074,-0.8282,15529.5199,NA,NA,NA
MegaProject.exe,13848,0x1F4D621B830,DXGI,1,0,0,Hardware Composed: Independent Flip,15543.8643,NA,7.87870000000000,6.82080000000000,0.32680000000000,2.00770000000000,4.9789,15536.3136,7.8775,7.5507,0.3268,7.5282,2.0302,2.0176,0.0126,-0.0271,15536.3136,NA,NA,NA
MegaProject.exe,13848,0x1F4D621B830,DXGI,1,0,0,Hardware Composed: Independent Flip,15550.3380,NA,6.47370000000000,6.92650000000000,0.42860000000000,1.66010000000000,5.4317,15544.1911,6.5755,6.1469,0.4286,6.1275,1.6795,1.6727,0.0068,0.9510,15544.1911,NA,NA,NA
MegaProject.exe,13848,0x1F4D621B830,DXGI,1,0,0,Hardware Composed: Independent Flip,15557.6896,NA,7.35160000000000,6.98160000000000,0.27380000000000,1.75190000000000,5.0617,15550.7666,7.1968,6.9230,0.2738,6.8984,1.7765,1.7635,0.0130,-0.4061,15550.7666,NA,NA,NA
MegaProject.exe,13848,0x1F4D621B830,DXGI,1,0,0,Hardware Composed: Independent Flip,15563.9173,NA,6.22770000000000,6.93890000000000,0.25530000000000,1.70670000000000,5.7729,15557.9634,6.2092,5.9539,0.2553,5.9339,1.7267,1.7160,0.0107,0.2579,15557.9634,NA,NA,NA
MegaProject.exe,13848,0x1F4D621B830,DXGI,1,0,0,Hardware Composed: Independent Flip,15570.8007,NA,6.88340000000000,7.01270000000000,0.23660000000000,1.97590000000000,5.9022,15564.1726,6.8647,6.6281,0.2366,6.6122,1.9918,1.9832,0.0086,-0.8035,15564.1726,NA,NA,NA
MegaProject.exe,13848,0x1F4D621B830,DXGI,1,0,0,Hardware Composed: Independent Flip,15578.2204,NA,7.41970000000000,6.94670000000000,0.33040000000000,1.86250000000000,5.4292,15571.0373,7.5135,7.1831,0.3304,7.1612,1.8844,1.8706,0.0138,-0.0820,15571.0373,NA,NA,NA
MegaProject.exe,13848,0x1F4D621B830,DXGI,1,0,0,Hardware Composed: Independent Flip,15584.6254,NA,6.40500000000000,7.00110000000000,0.33400000000000,2.08800000000000,6.0253,15578.5508,6.4086,6.0746,0.3340,6.0343,2.1283,2.1178,0.0105,0.5124,15578.5508,NA,NA,NA
MegaProject.exe,13848,0x1F4D621B830,DXGI,1,0,0,Hardware Composed: Independent Flip,15591.8133,NA,7.18790000000000,6.93970000000000,0.44170000000000,1.97340000000000,5.7771,15584.9594,7.2956,6.8539,0.4417,6.8136,2.0137,2.0047,0.0090,-0.5311,15584.9594,NA,NA,NA
MegaProject.exe,13848,0x1F4D621B830,DXGI,1,0,0,Hardware Composed: Independent Flip,15599.7282,NA,7.91490000000000,6.90880000000000,0.35290000000000,1.93970000000000,4.7710,15592.2550,7.8261,7.4732,0.3529,7.4547,1.9582,1.9486,0.0096,0.3868,15592.2550,NA,NA,NA
MegaProject.exe,13848,0x1F4D621B830,DXGI,1,0,0,Hardware Composed: Independent Flip,15605.7973,NA,6.06910000000000,6.92990000000000,0.32580000000000,2.05840000000000,5.6318,15600.0811,6.0420,5.7162,0.3258,5.6924,2.0822,2.0676,0.0146,0.8962,15600.0811,NA,NA,NA
MegaProject.exe,13848,0x1F4D621B830,DXGI,1,0,0,Hardware Composed: Independent Flip,15613.3963,NA,7.59900000000000,6.99780000000000,0.35250000000000,1.93810000000000,5.0306,15606.1231,7.6257,7.2732,0.3525,7.2564,1.9549,1.9427,0.0122,-0.9558,15606.1231,NA,NA,NA
MegaProject.exe,13848,0x1F4D621B830,DXGI,1,0,0,Hardware Composed: Independent Flip,15619.5655,NA,6.16920000000000,6.86950000000000,0.32440000000000,2.08780000000000,5.7309,15613.7488,6.1411,5.8167,0.3244,5.7992,2.1053,2.0978,0.0075,0.7562,15613.7488,NA,NA,NA
MegaProject.exe,13848,0x1F4D621B830,DXGI,1,0,0,Hardware Composed: Independent Flip,15626.3868,NA,6.82130000000000,6.97310000000000,0.33150000000000,2.07820000000000,5.8827,15619.8899,6.8284,6.4969,0.3315,6.4753,2.0998,2.0879,0.0119,-0.8320,15619.8899,NA,NA,NA
MegaProject.exe,13848,0x1F4D621B830,DXGI,1,0,0,Hardware Composed: Independent Flip,15634.7162,NA,8.32940000000000,6.99250000000000,0.54540000000000,2.10280000000000,4.5458,15626.7183,8.5433,7.9979,0.5454,7.9620,2.1387,2.1258,0.0129,-0.1641,15626.7183,NA,NA,NA
MegaProject.exe,13848,0x1F4D621B830,DXGI,1,0,0,Hardware Composed: Independent Flip,15640.5059,NA,5.78970000000000,6.87230000000000,0.30800000000000,2.19330000000000,5.6284,15635.2616,5.5523,5.2443,0.3080,5.2267,2.2109,2.2033,0.0076,1.6710,15635.2616,NA,NA,NA
MegaProject.exe,13848,0x1F4D621B830,DXGI,1,0,0,Hardware Composed: Independent Flip,15648.0626,NA,7.55670000000000,6.96610000000000,0.45030000000000,1.92350000000000,5.0378,15640.8139,7.6990,7.2487,0.4503,7.2175,1.9547,1.9422,0.0125,-1.4138,15640.8139,NA,NA,NA
MegaProject.exe,13848,0x1F4D621B830,DXGI,1,0,0,Hardware Composed: Independent Flip,15654.5238,NA,6.46120000000000,6.86800000000000,0.48410000000000,1.90630000000000,5.4446,15648.5129,6.4950,6.0109,0.4841,5.9859,1.9313,1.9189,0.0124,0.8310,15648.5129,NA,NA,NA
MegaProject.exe,13848,0x1F4D621B830,DXGI,1,0,0,Hardware Composed: Independent Flip,15661.4069,NA,6.88310000000000,6.95890000000000,0.41080000000000,1.74550000000000,5.5204,15655.0079,6.8098,6.3990,0.4108,6.3785,1.7660,1.7591,0.0069,-0.4639,15655.0079,NA,NA,NA
MegaProject.exe,13848,0x1F4D621B830,DXGI,1,0,0,Hardware Composed: Independent Flip,15669.1162,NA,7.70930000000000,7.04620000000000,0.34130000000000,1.96110000000000,4.8573,15661.8177,7.6398,7.2985,0.3413,7.2736,1.9860,1.9763,0.0097,-0.2364,15661.8177,NA,NA,NA
MegaProject.exe,13848,0x1F4D621B830,DXGI,1,0,0,Hardware Composed: Independent Flip,15674.9923,NA,5.87610000000000,6.91120000000000,0.38200000000000,2.01800000000000,5.8924,15669.4575,5.9168,5.5348,0.3820,5.5132,2.0396,2.0263,0.0133,0.7286,15669.4575,NA,NA,NA
MegaProject.exe,13848,0x1F4D621B830,DXGI,1,0,0,Hardware Composed: Independent Flip,15682.5992,NA,7.60690000000000,6.93930000000000,0.29520000000000,1.96920000000000,5.2248,15675.3743,7.5201,7.2249,0.2952,7.2085,1.9856,1.9728,0.0128,-1.0225,15675.3743,NA,NA,NA
MegaProject.exe,13848,0x1F4D621B830,DXGI,1,0,0,Hardware Composed: Independent Flip,15688.8554,NA,6.25620000000000,6.94340000000000,0.29690000000000,2.05330000000000,5.9120,15682.8944,6.2579,5.9610,0.2969,5.9421,2.0722,2.0632,0.0090,0.5767,15682.8944,NA,NA,NA
MegaProject.exe,13848,0x1F4D621B830,DXGI,1,0,0,Hardware Composed: Independent Flip,15695.9071,NA,7.05170000000000,7.00780000000000,0.31510000000000,2.05840000000000,5.8681,15689.1523,7.0699,6.7548,0.3151,6.7326,2.0806,2.0687,0.0119,-0.7499,15689.1523,NA,NA,NA
MegaProject.exe,13848,0x1F4D621B830,DXGI,1,0,0,Hardware Composed: Independent Flip,15703.6258,NA,7.71870000000000,6.92810000000000,0.41700000000000,2.38050000000000,5.0775,15696.2222,7.8206,7.4036,0.4170,7.3793,2.4048,2.3921,0.0127,0.1418,15696.2222,NA,NA,NA
MegaProject.exe,13848,0x1F4D621B830,DXGI,1,0,0,Hardware Composed: Independent Flip,15710.0244,NA,6.39860000000000,6.95750000000000,0.48390000000000,2.14780000000000,5.6364,15704.0428,6.4655,5.9816,0.4839,5.9640,2.1654,2.1575,0.0079,0.8631,15704.0428,NA,NA,NA
MegaProject.exe,13848,0x1F4D621B830,DXGI,1,0,0,Hardware Composed: Independent Flip,15716.8797,NA,6.85530000000000,6.88640000000000,0.30950000000000,1.98440000000000,5.6675,15710.5083,6.6809,6.3714,0.3095,6.3469,2.0089,1.9967,0.0122,-0.4209,15710.5083,NA,NA,NA
MegaProject.exe,13848,0x1F4D621B830,DXGI,1,0,0,Hardware Composed: Independent Flip,15724.4591,NA,7.57940000000000,6.95210000000000,0.34080000000000,1.91630000000000,5.0402,15717.1892,7.6107,7.2699,0.3408,7.2318,1.9544,1.9419,0.0125,-0.2712,15717.1892,NA,NA,NA
MegaProject.exe,13848,0x1F4D621B830,DXGI,1,0,0,Hardware Composed: Independent Flip,15730.5426,NA,6.08350000000000,6.94770000000000,0.27940000000000,1.92190000000000,5.9044,15724.7999,6.0221,5.7427,0.2794,5.7270,1.9376,1.9300,0.0076,0.6630,15724.7999,NA,NA,NA
MegaProject.exe,13848,0x1F4D621B830,DXGI,1,0,0,Hardware Composed: Independent Flip,15738.1978,NA,7.65520000000000,6.94740000000000,0.46470000000000,1.97260000000000,5.1966,15730.8220,7.8405,7.3758,0.4647,7.3516,1.9968,1.9839,0.0129,-0.9253,15730.8220,NA,NA,NA
MegaProject.exe,13848,0x1F4D621B830,DXGI,1,0,0,Hardware Composed: Independent Flip,15744.4842,NA,6.28640000000000,6.98390000000000,0.25390000000000,1.96110000000000,5.8941,15738.6625,6.0756,5.8217,0.2539,5.7862,1.9966,1.9842,0.0124,0.8566,15738.6625,NA,NA,NA
MegaProject.exe,13848,0x1F4D621B830,DXGI,1,0,0,Hardware Composed: Independent Flip,15751.4859,NA,7.00170000000000,6.84300000000000,0.24570000000000,2.21700000000000,5.7354,15744.7381,6.9935,6.7478,0.2457,6.7310,2.2338,2.2265,0.0073,-0.7674,15744.7381,NA,NA,NA
MegaProject.exe,13848,0x1F4D621B830,DXGI,1,0,0,Hardware Composed: Independent Flip,15759.3574,NA,7.87150000000000,6.91180000000000,0.50930000000000,1.86440000000000,4.7757,15751.7316,8.1351,7.6258,0.5093,7.5974,1.8928,1.8635,0.0293,0.0817,15751.7316,NA,NA,NA
MegaProject.exe,13848,0x1F4D621B830,DXGI,1,0,0,Hardware Composed: Independent Flip,15765.2854,NA,5.92800000000000,6.96180000000000,0.34770000000000,1.67770000000000,5.8095,15759.8667,5.7664,5.4187,0.3477,5.3950,1.7014,1.6925,0.0089,1.1733,15759.8667,NA,NA,NA
MegaProject.exe,13848,0x1F4D621B830,DXGI,1,0,0,Hardware Composed: Independent Flip,15772.9887,NA,7.70330000000000,6.94270000000000,0.29490000000000,1.70380000000000,5.0489,15765.6331,7.6505,7.3556,0.2949,7.3302,1.7292,1.7168,0.0124,-1.1763,15765.6331,NA,NA,NA
MegaProject.exe,13848,0x1F4D621B830,DXGI,1,0,0,Hardware Composed: Independent Flip,15779.1206,NA,6.13190000000000,6.94050000000000,0.30050000000000,1.68890000000000,5.8575,15773.2836,6.1375,5.8370,0.3005,5.8216,1.7043,1.6998,0.0045,0.7100,15773.2836,NA,NA,NA
MegaProject.exe,13848,0x1F4D621B830,DXGI,1,0,0,Hardware Composed: Independent Flip,15785.9878,NA,6.86720000000000,7.02550000000000,0.31260000000000,1.96250000000000,6.0158,15779.4211,6.8793,6.5667,0.3126,6.5454,1.9838,1.9715,0.0123,-0.8880,15779.4211,NA,NA,NA
MegaProject.exe,13848,0x1F4D621B830,DXGI,1,0,0,Hardware Composed: Independent Flip,15793.7648,NA,7.77700000000000,6.93960000000000,0.31880000000000,1.91360000000000,5.1784,15786.3004,7.7832,7.4644,0.3188,7.4306,1.9474,1.9351,0.0123,-0.0603,15786.3004,NA,NA,NA
MegaProject.exe,13848,0x1F4D621B830,DXGI,1,0,0,Hardware Composed: Independent Flip,15800.0012,NA,6.23640000000000,6.99820000000000,0.24420000000000,2.03900000000000,5.9402,15794.0836,6.1618,5.9176,0.2442,5.9009,2.0557,2.0478,0.0079,0.7850,15794.0836,NA,NA,NA
MegaProject.exe,13848,0x1F4D621B830,DXGI,1,0,0,Hardware Composed: Independent Flip,15807.8070,NA,7.80580000000000,6.94040000000000,0.40470000000000,2.05450000000000,5.0748,15800.2454,7.9663,7.5616,0.4047,7.5356,2.0805,2.0683,0.0122,-0.7786,15800.2454,NA,NA,NA
MegaProject.exe,13848,0x1F4D621B830,DXGI,1,0,0,Hardware Composed: Independent Flip,15813.9794,NA,6.17240000000000,6.91210000000000,0.31000000000000,2.35140000000000,5.8145,15808.2117,6.0777,5.7677,0.3100,5.7443,2.3748,2.3654,0.0094,1.0542,15808.2117,NA,NA,NA
MegaProject.exe,13848,0x1F4D621B830,DXGI,1,0,0,Hardware Composed: Independent Flip,15820.9975,NA,7.01810000000000,7.01810000000000,0.31040000000000,1.98340000000000,5.8145,15814.2894,7.0185,6.7081,0.3104,6.6921,1.9994,1.9931,0.0063,-0.9404,15814.2894,NA,NA,NA
MegaProject.exe,13848,0x1F4D621B830,DXGI,1,0,0,Hardware Composed: Independent Flip,15829.0858,NA,8.08830000000000,6.86860000000000,0.33500000000000,2.00810000000000,4.5948,15821.3079,8.1129,7.7779,0.3350,7.7536,2.0324,2.0194,0.0130,0.1499,15821.3079,NA,NA,NA
MegaProject.exe,13848,0x1F4D621B830,DXGI,1,0,0,Hardware Composed: Independent Flip,15834.6482,NA,5.56240000000000,6.94070000000000,0.30920000000000,1.97650000000000,5.9731,15829.4208,5.5366,5.2274,0.3092,5.2039,2.0000,1.9879,0.0121,1.1722,15829.4208,NA,NA,NA
MegaProject.exe,13848,0x1F4D621B830,DXGI,1,0,0,Hardware Composed: Independent Flip,15841.6061,NA,6.95790000000000,7.00240000000000,0.29360000000000,1.83800000000000,6.0176,15834.9574,6.9423,6.6487,0.2936,6.6334,1.8533,1.8435,0.0098,-1.4658,15834.9574,NA,NA,NA
MegaProject.exe,13848,0x1F4D621B830,DXGI,1,0,0,Hardware Composed: Independent Flip,15849.3739,NA,7.76780000000000,6.91430000000000,0.39160000000000,2.01570000000000,5.1641,15841.8997,7.8658,7.4742,0.3916,7.4564,2.0335,2.0256,0.0079,0.0280,15841.8997,NA,NA,NA
MegaProject.exe,13848,0x1F4D621B830,DXGI,1,0,0,Hardware Composed: Independent Flip,15855.6523,NA,6.27840000000000,6.84830000000000,0.25900000000000,1.83660000000000,5.7340,15849.7655,6.1458,5.8868,0.2590,5.8636,1.8598,1.8472,0.0126,1.0175,15849.7655,NA,NA,NA
MegaProject.exe,13848,0x1F4D621B830,DXGI,1,0,0,Hardware Composed: Independent Flip,15863.0723,NA,7.42000000000000,6.90740000000000,0.31220000000000,1.63200000000000,5.2214,15855.9113,7.4732,7.1610,0.3122,7.1426,1.6504,1.6415,0.0089,-0.7616,15855.9113,NA,NA,NA
MegaProject.exe,13848,0x1F4D621B830,DXGI,1,0,0,Hardware Composed: Independent Flip,15869.6373,NA,6.56500000000000,6.95740000000000,0.43720000000000,1.69620000000000,5.6138,15863.3845,6.6900,6.2528,0.4372,6.2313,1.7177,1.7114,0.0063,0.5158,15863.3845,NA,NA,NA
MegaProject.exe,13848,0x1F4D621B830,DXGI,1,0,0,Hardware Composed: Independent Flip,15876.5252,NA,6.88790000000000,7.04420000000000,0.44020000000000,1.86370000000000,5.7701,15870.0745,6.8909,6.4507,0.4402,6.4021,1.9123,1.8989,0.0134,-0.3542,15870.0745,NA,NA,NA
MegaProject.exe,13848,0x1F4D621B830,DXGI,1,0,0,Hardware Composed: Independent Flip,15884.0257,NA,7.50050000000000,6.94520000000000,0.38790000000000,1.95720000000000,5.2148,15876.9654,7.4482,7.0603,0.3879,7.0126,2.0049,1.9921,0.0128,-0.0543,15876.9654,NA,NA,NA
MegaProject.exe,13848,0x1F4D621B830,DXGI,1,0,0,Hardware Composed: Independent Flip,15890.2973,NA,6.27160000000000,6.86580000000000,0.29180000000000,2.13900000000000,5.8090,15884.4136,6.1755,5.8837,0.2918,5.8681,2.1546,2.1470,0.0076,0.5824,15884.4136,NA,NA,NA
MegaProject.exe,13848,0x1F4D621B830,DXGI,1,0,0,Hardware Composed: Independent Flip,15898.0183,NA,7.72100000000000,7.08150000000000,0.34910000000000,2.14790000000000,5.1695,15890.5891,7.7783,7.4292,0.3491,7.4047,2.1724,2.1602,0.0122,-0.9060,15890.5891,NA,NA,NA
MegaProject.exe,13848,0x1F4D621B830,DXGI,1,0,0,Hardware Composed: Independent Flip,15904.3077,NA,6.28940000000000,6.92650000000000,0.32920000000000,1.98670000000000,5.8066,15898.3674,6.2695,5.9403,0.3292,5.9168,2.0102,1.9982,0.0120,0.8518,15898.3674,NA,NA,NA
MegaProject.exe,13848,0x1F4D621B830,DXGI,1,0,0,Hardware Composed: Independent Flip,15911.1882,NA,6.88050000000000,7.00340000000000,0.29300000000000,2.15450000000000,5.9295,15904.6369,6.8443,6.5513,0.2930,6.5352,2.1706,2.1615,0.0091,-0.7339,15904.6369,NA,NA,NA
MegaProject.exe,13848,0x1F4D621B830,DXGI,1,0,0,Hardware Composed: Independent Flip,15919.0937,NA,7.90550000000000,6.77640000000000,0.39280000000000,2.17130000000000,4.8004,15911.4812,8.0053,7.6125,0.3928,7.5888,2.1950,2.1829,0.0121,0.0679,15911.4812,NA,NA,NA
MegaProject.exe,13848,0x1F4D621B830,DXGI,1,0,0,Hardware Composed: Independent Flip,15925.1520,NA,6.05830000000000,7.06640000000000,0.42340000000000,2.03070000000000,5.8085,15919.4865,6.0889,5.6655,0.4234,5.6457,2.0505,2.0425,0.0080,0.9389,15919.4865,NA,NA,NA
MegaProject.exe,13848,0x1F4D621B830,DXGI,1,0,0,Hardware Composed: Independent Flip,15933.0225,NA,7.87050000000000,6.96850000000000,0.31330000000000,1.91820000000000,4.9065,15925.5754,7.7604,7.4471,0.3133,7.4283,1.9370,1.9004,0.0366,-0.8796,15925.5754,NA,NA,NA
MegaProject.exe,13848,0x1F4D621B830,DXGI,1,0,0,Hardware Composed: Independent Flip,15939.3707,NA,6.34820000000000,6.73890000000000,0.32030000000000,2.02490000000000,5.2972,15933.3358,6.3552,6.0349,0.3203,6.0161,2.0437,2.0356,0.0081,1.0215,15933.3358,NA,NA,NA
MegaProject.exe,13848,0x1F4D621B830,DXGI,1,0,0,Hardware Composed: Independent Flip,15945.8852,NA,6.51450000000000,7.11910000000000,0.32550000000000,1.80190000000000,5.9018,15939.6910,6.5197,6.1942,0.3255,6.1697,1.8264,1.8152,0.0112,-0.7639,15939.6910,NA,NA,NA
MegaProject.exe,13848,0x1F4D621B830,DXGI,1,0,0,Hardware Composed: Independent Flip,15953.6643,NA,7.77910000000000,6.90330000000000,0.26700000000000,2.00360000000000,5.0260,15946.2107,7.7206,7.4536,0.2670,7.4369,2.0203,2.0082,0.0121,-0.3836,15946.2107,NA,NA,NA
MegaProject.exe,13848,0x1F4D621B830,DXGI,1,0,0,Hardware Composed: Independent Flip,15959.8219,NA,6.15760000000000,6.81700000000000,0.33080000000000,2.06170000000000,5.6854,15953.9313,6.2214,5.8906,0.3308,5.8736,2.0787,2.0712,0.0075,0.9036,15953.9313,NA,NA,NA
MegaProject.exe,13848,0x1F4D621B830,DXGI,1,0,0,Hardware Composed: Independent Flip,15966.7601,NA,6.93820000000000,6.99160000000000,0.42580000000000,1.86910000000000,5.7388,15960.1527,7.0332,6.6074,0.4258,6.5788,1.8977,1.8689,0.0288,-0.7702,15960.1527,NA,NA,NA
MegaProject.exe,13848,0x1F4D621B830,DXGI,1,0,0,Hardware Composed: Independent Flip,15974.7259,NA,7.96580000000000,6.94840000000000,0.29540000000000,1.70930000000000,4.7214,15967.1859,7.8354,7.5400,0.2954,7.5147,1.7346,1.7247,0.0099,0.0848,15967.1859,NA,NA,NA
MegaProject.exe,13848,0x1F4D621B830,DXGI,1,0,0,Hardware Composed: Independent Flip,15980.6271,NA,5.90120000000000,6.94400000000000,0.30810000000000,1.63930000000000,5.7642,15975.0213,5.9139,5.6058,0.3081,5.5874,1.6577,1.6537,0.0040,0.8914,15975.0213,NA,NA,NA
MegaProject.exe,13848,0x1F4D621B830,DXGI,1,0,0,Hardware Composed: Independent Flip,15988.1726,NA,7.54550000000000,6.94070000000000,0.41260000000000,1.68250000000000,5.1594,15980.9352,7.6500,7.2374,0.4126,7.2124,1.7075,1.7000,0.0075,-1.0268,15980.9352,NA,NA,NA
MegaProject.exe,13848,0x1F4D621B830,DXGI,1,0,0,Hardware Composed: Independent Flip,15994.4295,NA,6.25690000000000,6.95160000000000,0.29280000000000,1.67530000000000,5.8541,15988.5852,6.1371,5.8443,0.2928,5.8216,1.6980,1.6887,0.0093,0.6984,15988.5852,NA,NA,NA
MegaProject.exe,13848,0x1F4D621B830,DXGI,1,0,0,Hardware Composed: Independent Flip,16001.5538,NA,7.12430000000000,7.10510000000000,0.28430000000000,1.93620000000000,5.8349,15994.7223,7.1158,6.8315,0.2843,6.8119,1.9558,1.9468,0.0090,-0.9680,15994.7223,NA,NA,NA
MegaProject.exe,13848,0x1F4D621B830,DXGI,1,0,0,Hardware Composed: Independent Flip,16009.3624,NA,7.80860000000000,6.78650000000000,0.39730000000000,2.10090000000000,4.8128,16001.8381,7.9216,7.5243,0.3973,7.4992,2.1260,2.1178,0.0082,0.3293,16001.8381,NA,NA,NA
MegaProject.exe,13848,0x1F4D621B830,DXGI,1,0,0,Hardware Composed: Independent Flip,16015.3140,NA,5.95160000000000,7.02250000000000,0.42310000000000,1.93640000000000,5.8837,16009.7597,5.9774,5.5543,0.4231,5.5243,1.9664,1.9531,0.0133,0.8991,16009.7597,NA,NA,NA
MegaProject.exe,13848,0x1F4D621B830,DXGI,1,0,0,Hardware Composed: Independent Flip,16023.0347,NA,7.72070000000000,6.93710000000000,0.30510000000000,1.97000000000000,5.1001,16015.7371,7.6027,7.2976,0.3051,7.2798,1.9878,1.9802,0.0076,-0.9597,16015.7371,NA,NA,NA
MegaProject.exe,13848,0x1F4D621B830,DXGI,1,0,0,Hardware Composed: Independent Flip,16029.2023,NA,6.16760000000000,6.86860000000000,0.31140000000000,1.99710000000000,5.8011,16023.3398,6.1739,5.8625,0.3114,5.8451,2.0145,2.0057,0.0088,0.7341,16023.3398,NA,NA,NA
MegaProject.exe,13848,0x1F4D621B830,DXGI,1,0,0,Hardware Composed: Independent Flip,16036.2853,NA,7.08300000000000,7.03460000000000,0.32810000000000,1.94610000000000,5.7527,16029.5137,7.0997,6.7716,0.3281,6.7516,1.9661,1.9563,0.0098,-0.8607,16029.5137,NA,NA,NA
MegaProject.exe,13848,0x1F4D621B830,DXGI,1,0,0,Hardware Composed: Independent Flip,16043.9230,NA,7.63770000000000,6.97980000000000,0.40500000000000,1.90680000000000,5.0948,16036.6134,7.7146,7.3096,0.4050,7.2846,1.9318,1.9238,0.0080,0.1199,16036.6134,NA,NA,NA
MegaProject.exe,13848,0x1F4D621B830,DXGI,1,0,0,Hardware Composed: Independent Flip,16050.1855,NA,6.26250000000000,6.94920000000000,0.30720000000000,2.15100000000000,5.7815,16044.3280,6.1647,5.8575,0.3072,5.8420,2.1665,2.1589,0.0076,0.7654,16044.3280,NA,NA,NA
MegaProject.exe,13848,0x1F4D621B830,DXGI,1,0,0,Hardware Composed: Independent Flip,16057.9982,NA,7.81270000000000,6.89710000000000,0.43450000000000,2.03770000000000,4.8659,16050.4927,7.9400,7.5055,0.4345,7.4643,2.0789,2.0670,0.0119,-0.7324,16050.4927,NA,NA,NA
MegaProject.exe,13848,0x1F4D621B830,DXGI,1,0,0,Hardware Composed: Independent Flip,16064.1404,NA,6.14220000000000,6.95550000000000,0.30330000000000,2.05130000000000,5.6792,16058.4327,6.0110,5.7077,0.3033,5.6857,2.0733,2.0606,0.0127,0.9845,16058.4327,NA,NA,NA
MegaProject.exe,13848,0x1F4D621B830,DXGI,1,0,0,Hardware Composed: Independent Flip,16070.9950,NA,6.85460000000000,6.92320000000000,0.33820000000000,1.98850000000000,5.7478,16064.4437,6.8895,6.5513,0.3382,6.5337,2.0061,1.9982,0.0079,-0.9122,16064.4437,NA,NA,NA
MegaProject.exe,13848,0x1F4D621B830,DXGI,1,0,0,Hardware Composed: Independent Flip,16079.3280,NA,8.33300000000000,6.98020000000000,0.49410000000000,2.06840000000000,4.3950,16071.3332,8.4889,7.9948,0.4941,7.9608,2.1024,2.0883,0.0141,-0.0907,16071.3332,NA,NA,NA
MegaProject.exe,13848,0x1F4D621B830,DXGI,1,0,0,Hardware Composed: Independent Flip,16084.8680,NA,5.54000000000000,6.82800000000000,0.35240000000000,1.78910000000000,5.6830,16079.8221,5.3983,5.0459,0.3524,5.0213,1.8137,1.7876,0.0261,1.6609,16079.8221,NA,NA,NA
MegaProject.exe,13848,0x1F4D621B830,DXGI,1,0,0,Hardware Composed: Independent Flip,16092.0393,NA,7.17130000000000,6.95990000000000,0.32820000000000,1.61110000000000,5.4716,16085.2204,7.1471,6.8189,0.3282,6.8004,1.6296,1.6250,0.0046,-1.5616,16085.2204,NA,NA,NA
MegaProject.exe,13848,0x1F4D621B830,DXGI,1,0,0,Hardware Composed: Independent Flip,16099.2812,NA,7.24190000000000,6.95330000000000,0.42850000000000,1.65210000000000,5.1830,16092.3675,7.3422,6.9137,0.4285,6.8891,1.6767,1.6708,0.0059,0.1938,16092.3675,NA,NA,NA
MegaProject.exe,13848,0x1F4D621B830,DXGI,1,0,0,Hardware Composed: Independent Flip,16105.8059,NA,6.52470000000000,6.94090000000000,0.32190000000000,1.66690000000000,5.5992,16099.7097,6.4181,6.0962,0.3219,6.0737,1.6894,1.6802,0.0092,0.4013,16099.7097,NA,NA,NA
MegaProject.exe,13848,0x1F4D621B830,DXGI,1,0,0,Hardware Composed: Independent Flip,16113.1543,NA,7.34840000000000,6.94390000000000,0.32130000000000,1.59180000000000,5.1947,16106.1278,7.3478,7.0265,0.3213,7.0087,1.6096,1.6051,0.0045,-0.5258,16106.1278,NA,NA,NA
MegaProject.exe,13848,0x1F4D621B830,DXGI,1,0,0,Hardware Composed: Independent Flip,16119.4154,NA,6.26110000000000,6.90110000000000,0.31170000000000,1.63740000000000,5.8347,16113.4756,6.2515,5.9398,0.3117,5.9226,1.6546,1.6507,0.0039,0.4467,16113.4756,NA,NA,NA
MegaProject.exe,13848,0x1F4D621B830,DXGI,1,0,0,Hardware Composed: Independent Flip,16126.3805,NA,6.96510000000000,6.99170000000000,0.31790000000000,1.77590000000000,5.8613,16119.7271,6.9713,6.6534,0.3179,6.6287,1.8006,1.7916,0.0090,-0.7402,16119.7271,NA,NA,NA
MegaProject.exe,13848,0x1F4D621B830,DXGI,1,0,0,Hardware Composed: Independent Flip,16133.9446,NA,7.56410000000000,7.06920000000000,0.53060000000000,2.08180000000000,5.3664,16126.6984,7.7768,7.2462,0.5306,7.2158,2.1122,2.0995,0.0127,-0.0979,16126.6984,NA,NA,NA
MegaProject.exe,13848,0x1F4D621B830,DXGI,1,0,0,Hardware Composed: Independent Flip,16140.4166,NA,6.47200000000000,6.84310000000000,0.30400000000000,1.91750000000000,5.7375,16134.4752,6.2454,5.9414,0.3040,5.9251,1.9338,1.9234,0.0104,0.9337,16134.4752,NA,NA,NA
MegaProject.exe,13848,0x1F4D621B830,DXGI,1,0,0,Hardware Composed: Independent Flip,16148.0622,NA,7.64560000000000,6.92750000000000,0.28560000000000,1.79430000000000,5.0194,16140.7206,7.6272,7.3416,0.2856,7.3238,1.8121,1.7998,0.0123,-0.6821,16140.7206,NA,NA,NA
MegaProject.exe,13848,0x1F4D621B830,DXGI,1,0,0,Hardware Composed: Independent Flip,16154.4645,NA,6.40230000000000,6.95670000000000,0.48210000000000,1.65640000000000,5.5738,16148.3478,6.5988,6.1167,0.4821,6.0958,1.6773,1.6720,0.0053,0.6705,16148.3478,NA,NA,NA
MegaProject.exe,13848,0x1F4D621B830,DXGI,1,0,0,Hardware Composed: Independent Flip,16161.1966,NA,6.73210000000000,6.93240000000000,0.25940000000000,1.68120000000000,5.7741,16154.9466,6.5094,6.2500,0.2594,6.2301,1.7011,1.6953,0.0058,-0.3336,16154.9466,NA,NA,NA
MegaProject.exe,13848,0x1F4D621B830,DXGI,1,0,0,Hardware Composed: Independent Flip,16168.9156,NA,7.71900000000000,6.88580000000000,0.47990000000000,1.76730000000000,4.9409,16161.4560,7.9395,7.4596,0.4799,7.4307,1.7962,1.7860,0.0102,-0.3764,16161.4560,NA,NA,NA
MegaProject.exe,13848,0x1F4D621B830,DXGI,1,0,0,Hardware Composed: Independent Flip,16174.7671,NA,5.85150000000000,6.98450000000000,0.28330000000000,1.68350000000000,6.0739,16169.3955,5.6549,5.3716,0.2833,5.3469,1.7082,1.6982,0.0100,0.9550,16169.3955,NA,NA,NA
MegaProject.exe,13848,0x1F4D621B830,DXGI,1,0,0,Hardware Composed: Independent Flip,16182.9631,NA,8.19600000000000,6.93870000000000,0.41190000000000,1.71170000000000,4.8166,16175.0504,8.3246,7.9127,0.4119,7.8924,1.7320,1.7136,0.0184,-1.2838,16175.0504,NA,NA,NA
MegaProject.exe,13848,0x1F4D621B830,DXGI,1,0,0,Hardware Composed: Independent Flip,16189.0141,NA,6.05100000000000,6.93680000000000,0.35290000000000,1.65710000000000,5.7024,16183.3750,5.9920,5.6391,0.3529,5.6187,1.6775,1.6731,0.0044,1.3878,16183.3750,NA,NA,NA
MegaProject.exe,13848,0x1F4D621B830,DXGI,1,0,0,Hardware Composed: Independent Flip,16195.8770,NA,6.86290000000000,6.97480000000000,0.37360000000000,1.63630000000000,5.8143,16189.3670,6.8836,6.5100,0.3736,6.4724,1.6739,1.6652,0.0087,-0.9828,16189.3670,NA,NA,NA
MegaProject.exe,13848,0x1F4D621B830,DXGI,1,0,0,Hardware Composed: Independent Flip,16203.4407,NA,7.56370000000000,6.94450000000000,0.40460000000000,1.69690000000000,5.1951,16196.2506,7.5947,7.1901,0.4046,7.1716,1.7154,1.7041,0.0113,-0.0609,16196.2506,NA,NA,NA
MegaProject.exe,13848,0x1F4D621B830,DXGI,1,0,0,Hardware Composed: Independent Flip,16209.7282,NA,6.28750000000000,6.93270000000000,0.30120000000000,1.62210000000000,5.8403,16203.8453,6.1841,5.8829,0.3012,5.8649,1.6401,1.6357,0.0044,0.6620,16203.8453,NA,NA,NA
MegaProject.exe,13848,0x1F4D621B830,DXGI,1,0,0,Hardware Composed: Independent Flip,16216.8115,NA,7.08330000000000,6.95650000000000,0.24710000000000,1.70390000000000,5.7135,16210.0294,7.0292,6.7821,0.2471,6.7578,1.7282,1.7202,0.0080,-0.7724,16210.0294,NA,NA,NA
MegaProject.exe,13848,0x1F4D621B830,DXGI,1,0,0,Hardware Composed: Independent Flip,16224.3251,NA,7.51360000000000,6.88780000000000,0.29010000000000,1.67280000000000,5.0877,16217.0586,7.5566,7.2665,0.2901,7.2400,1.6993,1.6913,0.0080,0.1414,16217.0586,NA,NA,NA
MegaProject.exe,13848,0x1F4D621B830,DXGI,1,0,0,Hardware Composed: Independent Flip,16230.4360,NA,6.11090000000000,7.00040000000000,0.25050000000000,1.62290000000000,5.9772,16224.6152,6.0713,5.8208,0.2505,5.8039,1.6398,1.6338,0.0060,0.5562,16224.6152,NA,NA,NA
MegaProject.exe,13848,0x1F4D621B830,DXGI,1,0,0,Hardware Composed: Independent Flip,16238.3584,NA,7.92240000000000,6.94280000000000,0.31720000000000,1.63960000000000,4.9976,16230.6865,7.9891,7.6719,0.3172,7.6506,1.6609,1.6538,0.0071,-0.8715,16230.6865,NA,NA,NA
MegaProject.exe,13848,0x1F4D621B830,DXGI,1,0,0,Hardware Composed: Independent Flip,16244.5049,NA,6.14650000000000,6.95390000000000,0.31460000000000,1.65320000000000,5.8050,16238.6756,6.1439,5.8293,0.3146,5.7986,1.6839,1.6750,0.0089,1.0352,16238.6756,NA,NA,NA
MegaProject.exe,13848,0x1F4D621B830,DXGI,1,0,0,Hardware Composed: Independent Flip,16251.4361,NA,6.93120000000000,6.94280000000000,0.30050000000000,1.62550000000000,5.8166,16244.8195,6.9171,6.6166,0.3005,6.5996,1.6425,1.6384,0.0041,-0.7989,16244.8195,NA,NA,NA
MegaProject.exe,13848,0x1F4D621B830,DXGI,1,0,0,Hardware Composed: Independent Flip,16259.2012,NA,7.76510000000000,6.97980000000000,0.37370000000000,1.64460000000000,5.0313,16251.7366,7.8383,7.4646,0.3737,7.4459,1.6633,1.6568,0.0065,-0.0627,16251.7366,NA,NA,NA
MegaProject.exe,13848,0x1F4D621B830,DXGI,1,0,0,Hardware Composed: Independent Flip,16265.6448,NA,6.44360000000000,6.91180000000000,0.33150000000000,1.65020000000000,5.4995,16259.5749,6.4014,6.0699,0.3315,6.0465,1.6736,1.6646,0.0090,0.9265,16259.5749,NA,NA,NA
MegaProject.exe,13848,0x1F4D621B830,DXGI,1,0,0,Hardware Composed: Independent Flip,16273.0400,NA,7.39520000000000,6.96600000000000,0.31030000000000,1.68000000000000,5.0703,16265.9763,7.3740,7.0637,0.3103,7.0461,1.6976,1.6908,0.0068,-0.5646,16265.9763,NA,NA,NA
MegaProject.exe,13848,0x1F4D621B830,DXGI,1,0,0,Hardware Composed: Independent Flip,16279.4043,NA,6.36430000000000,6.89050000000000,0.43460000000000,1.73590000000000,5.5965,16273.3503,6.4886,6.0540,0.4346,6.0330,1.7569,1.7432,0.0137,0.4835,16273.3503,NA,NA,NA
MegaProject.exe,13848,0x1F4D621B830,DXGI,1,0,0,Hardware Composed: Independent Flip,16286.2581,NA,6.85380000000000,6.97420000000000,0.33570000000000,1.69910000000000,5.7169,16279.8389,6.7549,6.4192,0.3357,6.3956,1.7227,1.7141,0.0086,-0.4856,16279.8389,NA,NA,NA
MegaProject.exe,13848,0x1F4D621B830,DXGI,1,0,0,Hardware Composed: Independent Flip,16293.5302,NA,7.27210000000000,6.95470000000000,0.29330000000000,1.69590000000000,5.3995,16286.5938,7.2297,6.9364,0.2933,6.9186,1.7137,1.7069,0.0068,-0.1998,16286.5938,NA,NA,NA
MegaProject.exe,13848,0x1F4D621B830,DXGI,1,0,0,Hardware Composed: Independent Flip,16300.1245,NA,6.59430000000000,6.91420000000000,0.28660000000000,1.72190000000000,5.7194,16293.8235,6.5876,6.3010,0.2866,6.2814,1.7415,1.7313,0.0102,0.3155,16293.8235,NA,NA,NA
MegaProject.exe,13848,0x1F4D621B830,DXGI,1,0,0,Hardware Composed: Independent Flip,16307.8735,NA,7.74900000000000,6.97060000000000,0.39460000000000,1.74650000000000,4.9410,16300.4111,7.8570,7.4624,0.3946,7.4382,1.7707,1.7456,0.0251,-0.3830,16300.4111,NA,NA,NA
MegaProject.exe,13848,0x1F4D621B830,DXGI,1,0,0,Hardware Composed: Independent Flip,16313.9046,NA,6.03110000000000,6.95310000000000,0.29930000000000,1.67130000000000,5.8630,16308.2681,5.9358,5.6365,0.2993,5.6200,1.6878,1.6819,0.0059,0.9039,16308.2681,NA,NA,NA
MegaProject.exe,13848,0x1F4D621B830,DXGI,1,0,0,Hardware Composed: Independent Flip,16320.8449,NA,6.94030000000000,6.92530000000000,0.32120000000000,1.73790000000000,5.8480,16314.2039,6.9622,6.6410,0.3212,6.6242,1.7547,1.7433,0.0114,-0.9895,16314.2039,NA,NA,NA
MegaProject.exe,13848,0x1F4D621B830,DXGI,1,0,0,Hardware Composed: Independent Flip,16328.3505,NA,7.50560000000000,7.02920000000000,0.44560000000000,1.68240000000000,5.3716,16321.1661,7.6300,7.1844,0.4456,7.1604,1.7064,1.6984,0.0080,-0.0670,16321.1661,NA,NA,NA
MegaProject.exe,13848,0x1F4D621B830,DXGI,1,0,0,Hardware Composed: Independent Flip,16334.8043,NA,6.45380000000000,6.94880000000000,0.31820000000000,1.93030000000000,5.8666,16328.7961,6.3264,6.0082,0.3182,5.9915,1.9470,1.9378,0.0092,0.6812,16328.7961,NA,NA,NA
MegaProject.exe,13848,0x1F4D621B830,DXGI,1,0,0,Hardware Composed: Independent Flip,16341.7010,NA,6.89670000000000,6.98850000000000,0.25210000000000,2.07940000000000,5.9584,16335.1225,6.8306,6.5785,0.2521,6.5565,2.1014,2.0935,0.0079,-0.6621,16335.1225,NA,NA,NA
MegaProject.exe,13848,0x1F4D621B830,DXGI,1,0,0,Hardware Composed: Independent Flip,16349.4709,NA,7.76990000000000,6.86020000000000,0.31250000000000,2.04380000000000,5.0487,16341.9531,7.8303,7.5178,0.3125,7.4949,2.0667,2.0547,0.0120,-0.0296,16341.9531,NA,NA,NA
MegaProject.exe,13848,0x1F4D621B830,DXGI,1,0,0,Hardware Composed: Independent Flip,16355.6133,NA,6.14240000000000,6.91340000000000,0.28500000000000,1.88620000000000,5.8197,16349.7834,6.1149,5.8299,0.2850,5.8131,1.9030,1.8934,0.0096,0.9169,16349.7834,NA,NA,NA
MegaProject.exe,13848,0x1F4D621B830,DXGI,1,0,0,Hardware Composed: Independent Flip,16363.5879,NA,7.97460000000000,6.94780000000000,0.27030000000000,1.57360000000000,4.7929,16355.8983,7.9599,7.6896,0.2703,7.6713,1.5919,1.5819,0.0100,-0.8329,16355.8983,NA,NA,NA
MegaProject.exe,13848,0x1F4D621B830,DXGI,1,0,0,Hardware Composed: Independent Flip,16369.6496,NA,6.06170000000000,6.91460000000000,0.26870000000000,1.64680000000000,5.6458,16363.8582,6.0601,5.7914,0.2687,5.7696,1.6686,1.6598,0.0088,1.0453,16363.8582,NA,NA,NA
MegaProject.exe,13848,0x1F4D621B830,DXGI,1,0,0,Hardware Composed: Independent Flip,16376.3967,NA,6.74710000000000,7.04090000000000,0.30810000000000,1.68650000000000,5.9396,16369.9183,6.7865,6.4784,0.3081,6.4602,1.7047,1.6993,0.0054,-0.9808,16369.9183,NA,NA,NA
MegaProject.exe,13848,0x1F4D621B830,DXGI,1,0,0,Hardware Composed: Independent Flip,16384.5012,NA,8.10450000000000,6.86420000000000,0.37600000000000,1.93600000000000,4.6993,16376.7048,8.1724,7.7964,0.3760,7.7735,1.9589,1.9319,0.0270,-0.0777,16376.7048,NA,NA,NA
MegaProject.exe,13848,0x1F4D621B830,DXGI,1,0,0,Hardware Composed: Independent Flip,16390.3079,NA,5.80670000000000,6.95650000000000,0.31440000000000,1.62320000000000,5.8491,16384.8772,5.7451,5.4307,0.3144,5.4054,1.6485,1.6436,0.0049,1.2159,16384.8772,NA,NA,NA
MegaProject.exe,13848,0x1F4D621B830,DXGI,1,0,0,Hardware Composed: Independent Flip,16397.8517,NA,7.54380000000000,6.88340000000000,0.30660000000000,1.71990000000000,5.1887,16390.6223,7.5360,7.2294,0.3066,7.2110,1.7383,1.7301,0.0082,-1.1383,16390.6223,NA,NA,NA
MegaProject.exe,13848,0x1F4D621B830,DXGI,1,0,0,Hardware Composed: Independent Flip,16404.0852,NA,6.23350000000000,7.00300000000000,0.30100000000000,1.67450000000000,5.9582,16398.1583,6.2279,5.9269,0.3010,5.9118,1.6896,1.6837,0.0059,0.5330,16398.1583,NA,NA,NA
MegaProject.exe,13848,0x1F4D621B830,DXGI,1,0,0,Hardware Composed: Independent Flip,16411.2039,NA,7.11870000000000,6.94630000000000,0.32040000000000,1.67070000000000,5.7858,16404.3862,7.1381,6.8177,0.3204,6.7969,1.6915,1.6819,0.0096,-0.7184,16404.3862,NA,NA,NA
MegaProject.exe,13848,0x1F4D621B830,DXGI,1,0,0,Hardware Composed: Independent Flip,16418.7139,NA,7.51000000000000,6.93490000000000,0.37890000000000,1.68170000000000,5.2107,16411.5243,7.5685,7.1896,0.3789,7.1706,1.7007,1.6788,0.0219,0.2032,16411.5243,NA,NA,NA
MegaProject.exe,13848,0x1F4D621B830,DXGI,1,0,0,Hardware Composed: Independent Flip,16425.1134,NA,6.39950000000000,6.96970000000000,0.36710000000000,1.73750000000000,5.7809,16419.0928,6.3877,6.0206,0.3671,6.0022,1.7559,1.7382,0.0177,0.5988,16419.0928,NA,NA,NA
MegaProject.exe,13848,0x1F4D621B830,DXGI,1,0,0,Hardware Composed: Independent Flip,16432.7553,NA,7.64190000000000,6.93020000000000,0.30660000000000,1.70110000000000,5.0692,16425.4805,7.5814,7.2748,0.3066,7.2399,1.7360,1.7265,0.0095,-0.5425,16425.4805,NA,NA,NA
MegaProject.exe,13848,0x1F4D621B830,DXGI,1,0,0,Hardware Composed: Independent Flip,16438.8889,NA,6.13360000000000,6.88560000000000,0.30680000000000,1.56800000000000,5.8212,16433.0619,6.1338,5.8270,0.3068,5.8100,1.5850,1.5791,0.0059,0.6958,16433.0619,NA,NA,NA
MegaProject.exe,13848,0x1F4D621B830,DXGI,1,0,0,Hardware Composed: Independent Flip,16445.7543,NA,6.86540000000000,7.00180000000000,0.30020000000000,1.64090000000000,5.9576,16439.1957,6.8588,6.5586,0.3002,6.5412,1.6583,1.6518,0.0065,-0.8680,16439.1957,NA,NA,NA
MegaProject.exe,13848,0x1F4D621B830,DXGI,1,0,0,Hardware Composed: Independent Flip,16453.4183,NA,7.66400000000000,6.94500000000000,0.31390000000000,1.59310000000000,5.2386,16446.0545,7.6777,7.3638,0.3139,7.3418,1.6151,1.6063,0.0088,-0.0862,16446.0545,NA,NA,NA
MegaProject.exe,13848,0x1F4D621B830,DXGI,1,0,0,Hardware Composed: Independent Flip,16459.9244,NA,6.50610000000000,6.94720000000000,0.33620000000000,1.63750000000000,5.6797,16453.7322,6.5284,6.1922,0.3362,6.1749,1.6548,1.6504,0.0044,0.7305,16453.7322,NA,NA,NA
MegaProject.exe,13848,0x1F4D621B830,DXGI,1,0,0,Hardware Composed: Independent Flip,16466.8759,NA,6.95150000000000,6.92460000000000,0.32440000000000,1.62960000000000,5.6528,16460.2606,6.9397,6.6153,0.3244,6.5730,1.6719,1.6672,0.0047,-0.3962,16460.2606,NA,NA,NA
MegaProject.exe,13848,0x1F4D621B830,DXGI,1,0,0,Hardware Composed: Independent Flip,16474.3624,NA,7.48650000000000,7.11110000000000,0.37830000000000,1.85640000000000,5.2774,16467.2003,7.5404,7.1621,0.3783,7.1398,1.8787,1.8660,0.0127,-0.1714,16467.2003,NA,NA,NA
MegaProject.exe,13848,0x1F4D621B830,DXGI,1,0,0,Hardware Composed: Independent Flip,16480.7655,NA,6.40310000000000,6.80250000000000,0.35180000000000,1.96730000000000,5.6768,16474.7407,6.3766,6.0248,0.3518,6.0002,1.9919,1.9791,0.0128,0.7379,16474.7407,NA,NA,NA
MegaProject.exe,13848,0x1F4D621B830,DXGI,1,0,0,Hardware Composed: Independent Flip,16488.4643,NA,7.69880000000000,6.94230000000000,0.39240000000000,1.66880000000000,4.9203,16481.1173,7.7394,7.3470,0.3924,7.3267,1.6891,1.6774,0.0117,-0.5657,16481.1173,NA,NA,NA
MegaProject.exe,13848,0x1F4D621B830,DXGI,1,0,0,Hardware Composed: Independent Flip,16494.3835,NA,5.91920000000000,6.95290000000000,0.39080000000000,1.66120000000000,5.9540,16488.8567,5.9176,5.5268,0.3908,5.5035,1.6845,1.6785,0.0060,0.7865,16488.8567,NA,NA,NA
MegaProject.exe,13848,0x1F4D621B830,DXGI,1,0,0,Hardware Composed: Independent Flip,16501.3320,NA,6.94850000000000,6.92930000000000,0.29460000000000,1.69600000000000,5.9348,16494.7743,6.8523,6.5577,0.2946,6.5349,1.7188,1.7106,0.0082,-1.0117,16494.7743,NA,NA,NA
MegaProject.exe,13848,0x1F4D621B830,DXGI,1,0,0,Hardware Composed: Independent Flip,16509.0056,NA,7.67360000000000,7.07370000000000,0.31350000000000,1.92240000000000,5.3349,16501.6266,7.6925,7.3790,0.3135,7.3611,1.9403,1.9303,0.0100,-0.2214,16501.6266,NA,NA,NA
MegaProject.exe,13848,0x1F4D621B830,DXGI,1,0,0,Hardware Composed: Independent Flip,16515.4712,NA,6.46560000000000,6.94320000000000,0.31440000000000,2.01010000000000,5.8125,16509.3191,6.4665,6.1521,0.3144,6.1358,2.0264,2.0170,0.0094,0.7493,16509.3191,NA,NA,NA
MegaProject.exe,13848,0x1F4D621B830,DXGI,1,0,0,Hardware Composed: Independent Flip,16522.9695,NA,7.49830000000000,6.94900000000000,0.36170000000000,1.99060000000000,5.2632,16515.7856,7.5456,7.1839,0.3617,7.1615,2.0130,2.0013,0.0117,-0.4825,16515.7856,NA,NA,NA
MegaProject.exe,13848,0x1F4D621B830,DXGI,1,0,0,Hardware Composed: Independent Flip,16529.5119,NA,6.54240000000000,6.91270000000000,0.31260000000000,2.11400000000000,5.6335,16523.3312,6.4933,6.1807,0.3126,6.1646,2.1301,2.1225,0.0076,0.6329,16523.3312,NA,NA,NA
MegaProject.exe,13848,0x1F4D621B830,DXGI,1,0,0,Hardware Composed: Independent Flip,16536.4097,NA,6.89780000000000,6.94620000000000,0.29890000000000,2.14890000000000,5.6819,16529.8245,6.8841,6.5852,0.2989,6.5614,2.1727,2.1635,0.0092,-0.4529,16529.8245,NA,NA,NA
MegaProject.exe,13848,0x1F4D621B830,DXGI,1,0,0,Hardware Composed: Independent Flip,16543.7229,NA,7.31320000000000,6.92610000000000,0.47180000000000,1.99280000000000,5.2948,16536.7086,7.4861,7.0143,0.4718,6.9921,2.0150,2.0031,0.0119,-0.0420,16536.7086,NA,NA,NA
MegaProject.exe,13848,0x1F4D621B830,DXGI,1,0,0,Hardware Composed: Independent Flip,16550.0708,NA,6.34790000000000,6.99890000000000,0.29030000000000,2.10970000000000,5.9458,16544.1947,6.1664,5.8761,0.2903,5.8592,2.1266,2.1193,0.0073,0.4872,16544.1947,NA,NA,NA
MegaProject.exe,13848,0x1F4D621B830,DXGI,1,0,0,Hardware Composed: Independent Flip,16558.1831,NA,8.11230000000000,6.89580000000000,0.32450000000000,2.07790000000000,4.7293,16550.3611,8.1465,7.8220,0.3245,7.7755,2.1244,2.1077,0.0167,-0.7294,16550.3611,NA,NA,NA
MegaProject.exe,13848,0x1F4D621B830,DXGI,1,0,0,Hardware Composed: Independent Flip,16564.2341,NA,6.05100000000000,6.99760000000000,0.46240000000000,1.90540000000000,5.6759,16558.5076,6.1889,5.7265,0.4624,5.7078,1.9241,1.9159,0.0082,1.1489,16558.5076,NA,NA,NA
MegaProject.exe,13848,0x1F4D621B830,DXGI,1,0,0,Hardware Composed: Independent Flip,16571.2353,NA,7.00120000000000,6.82260000000000,0.39320000000000,1.92720000000000,5.4973,16564.6965,6.9320,6.5388,0.3932,6.5193,1.9467,1.9391,0.0076,-0.6337,16564.6965,NA,NA,NA
MegaProject.exe,13848,0x1F4D621B830,DXGI,1,0,0,Hardware Composed: Independent Flip,16578.8956,NA,7.66030000000000,6.94290000000000,0.33520000000000,1.89500000000000,4.7799,16571.6285,7.6023,7.2671,0.3352,7.2483,1.9138,1.9062,0.0076,-0.0109,16571.6285,NA,NA,NA
MegaProject.exe,13848,0x1F4D621B830,DXGI,1,0,0,Hardware Composed: Independent Flip,16584.8227,NA,5.92710000000000,6.93580000000000,0.38840000000000,1.78670000000000,5.7886,16579.2308,5.9803,5.5919,0.3884,5.5682,1.8104,1.8000,0.0104,0.6665,16579.2308,NA,NA,NA
MegaProject.exe,13848,0x1F4D621B830,DXGI,1,0,0,Hardware Composed: Independent Flip,16592.0102,NA,7.18750000000000,6.93540000000000,0.32560000000000,1.73810000000000,5.5365,16585.2111,7.1247,6.7991,0.3256,6.7805,1.7567,1.7325,0.0242,-0.9551,16585.2111,NA,NA,NA
MegaProject.exe,13848,0x1F4D621B830,DXGI,1,0,0,Hardware Composed: Independent Flip,16599.5820,NA,7.57180000000000,6.90390000000000,0.36080000000000,1.71920000000000,4.8686,16592.3358,7.6070,7.2462,0.3608,7.2281,1.7373,1.7213,0.0160,0.2208,16592.3358,NA,NA,NA
MegaProject.exe,13848,0x1F4D621B830,DXGI,1,0,0,Hardware Composed: Independent Flip,16605.6616,NA,6.07960000000000,7.00480000000000,0.35560000000000,1.69450000000000,5.7938,16599.9428,6.0744,5.7188,0.3556,5.6957,1.7176,1.7086,0.0090,0.6022,16599.9428,NA,NA,NA
MegaProject.exe,13848,0x1F4D621B830,DXGI,1,0,0,Hardware Composed: Independent Flip,16613.1558,NA,7.49420000000000,6.94350000000000,0.34250000000000,1.60960000000000,5.2431,16606.0172,7.4811,7.1386,0.3425,7.1222,1.6260,1.6177,0.0083,-0.8691,16606.0172,NA,NA,NA
MegaProject.exe,13848,0x1F4D621B830,DXGI,1,0,0,Hardware Composed: Independent Flip,16619.4256,NA,6.26980000000000,6.94280000000000,0.31290000000000,1.66910000000000,5.9161,16613.4983,6.2402,5.9273,0.3129,5.9101,1.6863,1.6815,0.0048,0.5383,16613.4983,NA,NA,NA
MegaProject.exe,13848,0x1F4D621B830,DXGI,1,0,0,Hardware Composed: Independent Flip,16626.4794,NA,7.05380000000000,6.89360000000000,0.31180000000000,1.67490000000000,5.7559,16619.7385,7.0527,6.7409,0.3118,6.6832,1.7326,1.7234,0.0092,-0.6534,16619.7385,NA,NA,NA
MegaProject.exe,13848,0x1F4D621B830,DXGI,1,0,0,Hardware Composed: Independent Flip,16633.8983,NA,7.41890000000000,7.11870000000000,0.49680000000000,1.85990000000000,5.4557,16626.7912,7.6039,7.1071,0.4968,7.0910,1.8760,1.8640,0.0120,-0.0660,16626.7912,NA,NA,NA
MegaProject.exe,13848,0x1F4D621B830,DXGI,1,0,0,Hardware Composed: Independent Flip,16640.4641,NA,6.56580000000000,6.94080000000000,0.30280000000000,2.04120000000000,5.8307,16634.3951,6.3718,6.0690,0.3028,6.0521,2.0581,2.0490,0.0091,0.6631,16634.3951,NA,NA,NA
MegaProject.exe,13848,0x1F4D621B830,DXGI,1,0,0,Hardware Composed: Independent Flip,16648.2507,NA,7.78660000000000,6.90510000000000,0.30420000000000,1.91740000000000,4.9492,16640.7669,7.7880,7.4838,0.3042,7.4457,1.9555,1.9475,0.0080,-0.5333,16640.7669,NA,NA,NA
MegaProject.exe,13848,0x1F4D621B830,DXGI,1,0,0,Hardware Composed: Independent Flip,16654.2825,NA,6.03180000000000,6.94380000000000,0.31570000000000,2.07970000000000,5.8612,16648.5549,6.0433,5.7276,0.3157,5.7049,2.1024,2.0742,0.0282,0.8442,16648.5549,NA,NA,NA
MegaProject.exe,13848,0x1F4D621B830,DXGI,1,0,0,Hardware Composed: Independent Flip,16661.2168,NA,6.93430000000000,6.87080000000000,0.30490000000000,2.08050000000000,5.7977,16654.5982,6.9235,6.6186,0.3049,6.6031,2.0960,2.0866,0.0094,-0.8275,16654.5982,NA,NA,NA
MegaProject.exe,13848,0x1F4D621B830,DXGI,1,0,0,Hardware Composed: Independent Flip,16668.9205,NA,7.70370000000000,6.95550000000000,0.48490000000000,1.92440000000000,5.0495,16661.5217,7.8837,7.3988,0.4849,7.3704,1.9528,1.9437,0.0091,-0.0320,16661.5217,NA,NA,NA
MegaProject.exe,13848,0x1F4D621B830,DXGI,1,0,0,Hardware Composed: Independent Flip,16675.3473,NA,6.42680000000000,7.05670000000000,0.37560000000000,1.93830000000000,5.6794,16669.4054,6.3175,5.9419,0.3756,5.9213,1.9589,1.9491,0.0098,0.8270,16669.4054,NA,NA,NA
MegaProject.exe,13848,0x1F4D621B830,DXGI,1,0,0,Hardware Composed: Independent Flip,16683.1875,NA,7.84020000000000,6.94080000000000,0.38160000000000,1.89880000000000,4.7800,16675.7229,7.8462,7.4646,0.3816,7.4455,1.9179,1.9050,0.0129,-0.6233,16675.7229,NA,NA,NA
MegaProject.exe,13848,0x1F4D621B830,DXGI,1,0,0,Hardware Composed: Independent Flip,16689.2234,NA,6.03590000000000,6.88810000000000,0.31520000000000,2.08210000000000,5.6322,16683.5691,5.9695,5.6543,0.3152,5.6376,2.0988,2.0909,0.0079,0.9581,16683.5691,NA,NA,NA
MegaProject.exe,13848,0x1F4D621B830,DXGI,1,0,0,Hardware Composed: Independent Flip,16695.9655,NA,6.74210000000000,6.88340000000000,0.37940000000000,2.06350000000000,5.7735,16689.5386,6.8063,6.4269,0.3794,6.4019,2.0885,2.0768,0.0117,-0.9139,16689.5386,NA,NA,NA
MegaProject.exe,13848,0x1F4D621B830,DXGI,1,0,0,Hardware Composed: Independent Flip,16703.9003,NA,7.93480000000000,6.95110000000000,0.28540000000000,1.69940000000000,4.7898,16696.3449,7.8408,7.5554,0.2854,7.5337,1.7211,1.7119,0.0092,-0.1448,16696.3449,NA,NA,NA
MegaProject.exe,13848,0x1F4D621B830,DXGI,1,0,0,Hardware Composed: Independent Flip,16709.7550,NA,5.85470000000000,6.93800000000000,0.29660000000000,1.61330000000000,5.8731,16704.1857,5.8659,5.5693,0.2966,5.5259,1.6567,1.6510,0.0057,0.9028,16704.1857,NA,NA,NA
MegaProject.exe,13848,0x1F4D621B830,DXGI,1,0,0,Hardware Composed: Independent Flip,16716.7051,NA,6.95010000000000,6.94660000000000,0.31270000000000,1.62520000000000,5.8696,16710.0516,6.9662,6.6535,0.3127,6.6049,1.6738,1.6665,0.0073,-1.0807,16710.0516,NA,NA,NA
MegaProject.exe,13848,0x1F4D621B830,DXGI,1,0,0,Hardware Composed: Independent Flip,16724.4417,NA,7.73660000000000,6.94280000000000,0.25050000000000,1.65250000000000,5.0758,16717.0178,7.6744,7.4239,0.2505,7.3857,1.6907,1.6798,0.0109,0.0234,16717.0178,NA,NA,NA
MegaProject.exe,13848,0x1F4D621B830,DXGI,1,0,0,Hardware Composed: Independent Flip,16730.6707,NA,6.22900000000000,6.95920000000000,0.25000000000000,1.67380000000000,5.8060,16724.6922,6.2285,5.9785,0.2500,5.9614,1.6909,1.6866,0.0043,0.7152,16724.6922,NA,NA,NA
MegaProject.exe,13848,0x1F4D621B830,DXGI,1,0,0,Hardware Composed: Independent Flip,16738.3217,NA,7.65100000000000,6.92590000000000,0.41390000000000,1.64180000000000,5.0809,16730.9207,7.8149,7.4010,0.4139,7.3772,1.6656,1.6580,0.0076,-0.6974,16730.9207,NA,NA,NA
MegaProject.exe,13848,0x1F4D621B830,DXGI,1,0,0,Hardware Composed: Independent Flip,16744.6977,NA,6.37600000000000,6.95390000000000,0.31130000000000,1.67850000000000,5.6588,16738.7356,6.2734,5.9621,0.3113,5.9381,1.7025,1.6948,0.0077,0.8610,16738.7356,NA,NA,NA
MegaProject.exe,13848,0x1F4D621B830,DXGI,1,0,0,Hardware Composed: Independent Flip,16751.5483,NA,6.85060000000000,6.94030000000000,0.32480000000000,1.59420000000000,5.7485,16745.0090,6.8641,6.5393,0.3248,6.4938,1.6397,1.6350,0.0047,-0.6669,16745.0090,NA,NA,NA
MegaProject.exe,13848,0x1F4D621B830,DXGI,1,0,0,Hardware Composed: Independent Flip,16759.0565,NA,7.50820000000000,6.93080000000000,0.32640000000000,1.64200000000000,5.1711,16751.8731,7.5098,7.1834,0.3264,7.1600,1.6654,1.6584,0.0070,-0.0667,16751.8731,NA,NA,NA
MegaProject.exe,13848,0x1F4D621B830,DXGI,1,0,0,Hardware Composed: Independent Flip,16765.3852,NA,6.32870000000000,6.96380000000000,0.33080000000000,1.71610000000000,5.8062,16759.3829,6.3331,6.0023,0.3308,5.9775,1.7409,1.7319,0.0090,0.5460,16759.3829,NA,NA,NA
MegaProject.exe,13848,0x1F4D621B830,DXGI,1,0,0,Hardware Composed: Independent Flip,16773.1220,NA,7.73680000000000,6.91610000000000,0.29200000000000,1.73410000000000,4.9855,16765.7160,7.6980,7.4060,0.2920,7.3882,1.7519,1.7410,0.0109,-0.5830,16765.7160,NA,NA,NA
MegaProject.exe,13848,0x1F4D621B830,DXGI,1,0,0,Hardware Composed: Independent Flip,16779.2984,NA,6.17640000000000,7.01340000000000,0.29700000000000,1.62660000000000,5.8225,16773.4140,6.1814,5.8844,0.2970,5.8659,1.6451,1.6391,0.0060,0.6846,16773.4140,NA,NA,NA
MegaProject.exe,13848,0x1F4D621B830,DXGI,1,0,0,Hardware Composed: Independent Flip,16786.4016,NA,7.10320000000000,6.97360000000000,0.38680000000000,1.90420000000000,5.6929,16779.5954,7.1930,6.8062,0.3868,6.7872,1.9232,1.9129,0.0103,-0.7922,16779.5954,NA,NA,NA
MegaProject.exe,13848,0x1F4D621B830,DXGI,1,0,0,Hardware Composed: Independent Flip,16794.2444,NA,7.84280000000000,6.99480000000000,0.32710000000000,1.94880000000000,4.8449,16786.7884,7.7831,7.4560,0.3271,7.4296,1.9752,1.9632,0.0120,0.1982,16786.7884,NA,NA,NA
MegaProject.exe,13848,0x1F4D621B830,DXGI,1,0,0,Hardware Composed: Independent Flip,16800.3186,NA,6.07420000000000,6.92120000000000,0.41550000000000,1.97890000000000,5.6919,16794.5715,6.1626,5.7471,0.4155,5.7295,1.9965,1.9887,0.0078,0.8619,16794.5715,NA,NA,NA
MegaProject.exe,13848,0x1F4D621B830,DXGI,1,0,0,Hardware Composed: Independent Flip,16807.9311,NA,7.61250000000000,6.84790000000000,0.42490000000000,2.00130000000000,4.9273,16800.7341,7.6219,7.1970,0.4249,7.1719,2.0264,2.0001,0.0263,-0.6853,16800.7341,NA,NA,NA
MegaProject.exe,13848,0x1F4D621B830,DXGI,1,0,0,Hardware Composed: Independent Flip,16814.0728,NA,6.14170000000000,6.94670000000000,0.32770000000000,1.70150000000000,5.7323,16808.3560,6.0445,5.7168,0.3277,5.6922,1.7261,1.7182,0.0079,0.6752,16808.3560,NA,NA,NA
MegaProject.exe,13848,0x1F4D621B830,DXGI,1,0,0,Hardware Composed: Independent Flip,16820.9188,NA,6.84600000000000,6.94720000000000,0.30490000000000,1.61430000000000,5.8335,16814.4005,6.8232,6.5183,0.3049,6.5006,1.6320,1.6279,0.0041,-0.9027,16814.4005,NA,NA,NA
MegaProject.exe,13848,0x1F4D621B830,DXGI,1,0,0,Hardware Composed: Independent Flip,16828.4770,NA,7.55820000000000,6.93820000000000,0.33300000000000,1.62950000000000,5.2135,16821.2237,7.5863,7.2533,0.3330,7.2304,1.6524,1.6452,0.0072,-0.1150,16821.2237,NA,NA,NA
MegaProject.exe,13848,0x1F4D621B830,DXGI,1,0,0,Hardware Composed: Independent Flip,16834.7342,NA,6.25720000000000,6.95690000000000,0.32260000000000,1.63590000000000,5.9132,16828.8100,6.2468,5.9242,0.3226,5.9013,1.6588,1.6519,0.0069,0.6294,16828.8100,NA,NA,NA
MegaProject.exe,13848,0x1F4D621B830,DXGI,1,0,0,Hardware Composed: Independent Flip,16841.7850,NA,7.05080000000000,6.94050000000000,0.30430000000000,1.61640000000000,5.8029,16835.0568,7.0325,6.7282,0.3043,6.7103,1.6343,1.6286,0.0057,-0.6937,16835.0568,NA,NA,NA
MegaProject.exe,13848,0x1F4D621B830,DXGI,1,0,0,Hardware Composed: Independent Flip,16849.5042,NA,7.71920000000000,6.92840000000000,0.41870000000000,1.62890000000000,5.0121,16842.0893,7.8336,7.4149,0.4187,7.3961,1.6477,1.6426,0.0051,0.1041,16842.0893,NA,NA,NA
MegaProject.exe,13848,0x1F4D621B830,DXGI,1,0,0,Hardware Composed: Independent Flip,16855.6857,NA,6.18150000000000,6.95960000000000,0.32310000000000,1.70800000000000,5.7902,16849.9229,6.0859,5.7628,0.3231,5.7408,1.7300,1.7218,0.0082,0.8740,16849.9229,NA,NA,NA
MegaProject.exe,13848,0x1F4D621B830,DXGI,1,0,0,Hardware Composed: Independent Flip,16863.3522,NA,7.66650000000000,6.95520000000000,0.51740000000000,1.64160000000000,5.0789,16856.0088,7.8608,7.3434,0.5174,7.3269,1.6581,1.6486,0.0095,-0.8693,16856.0088,NA,NA,NA
MegaProject.exe,13848,0x1F4D621B830,DXGI,1,0,0,Hardware Composed: Independent Flip,16869.5439,NA,6.19170000000000,7.01680000000000,0.30850000000000,2.03240000000000,5.9040,16863.8696,5.9828,5.6743,0.3085,5.6415,2.0652,2.0561,0.0091,0.8440,16863.8696,NA,NA,NA
MegaProject.exe,13848,0x1F4D621B830,DXGI,1,0,0,Hardware Composed: Independent Flip,16876.5365,NA,6.99260000000000,6.93820000000000,0.29610000000000,2.07640000000000,5.8496,16869.8524,6.9802,6.6841,0.2961,6.6617,2.0988,2.0871,0.0117,-0.9554,16869.8524,NA,NA,NA
MegaProject.exe,13848,0x1F4D621B830,DXGI,1,0,0,Hardware Composed: Independent Flip,16884.0207,NA,7.48420000000000,6.99310000000000,0.41070000000000,1.94960000000000,5.3585,16876.8326,7.5988,7.1881,0.4107,7.1628,1.9749,1.9644,0.0105,-0.0129,16876.8326,NA,NA,NA
MegaProject.exe,13848,0x1F4D621B830,DXGI,1,0,0,Hardware Composed: Independent Flip,16890.5005,NA,6.47980000000000,6.82190000000000,0.31100000000000,2.10730000000000,5.7006,16884.4314,6.3801,6.0691,0.3110,6.0532,2.1232,2.1156,0.0076,0.7769,16884.4314,NA,NA,NA
MegaProject.exe,13848,0x1F4D621B830,DXGI,1,0,0,Hardware Composed: Independent Flip,16898.3666,NA,7.86610000000000,7.03540000000000,0.39570000000000,1.89440000000000,4.8699,16890.8115,7.9508,7.5551,0.3957,7.5356,1.9139,1.9032,0.0107,-0.6553,16890.8115,NA,NA,NA
MegaProject.exe,13848,0x1F4D621B830,DXGI,1,0,0,Hardware Composed: Independent Flip,16904.3232,NA,5.95660000000000,6.93510000000000,0.33080000000000,1.93560000000000,5.8484,16898.7623,5.8917,5.5609,0.3308,5.5374,1.9591,1.9453,0.0138,1.0157,16898.7623,NA,NA,NA
MegaProject.exe,13848,0x1F4D621B830,DXGI,1,0,0,Hardware Composed: Independent Flip,16911.2529,NA,6.92970000000000,6.99440000000000,0.24990000000000,1.97370000000000,5.9131,16904.6540,6.8488,6.5989,0.2499,6.5824,1.9902,1.9825,0.0077,-1.1027,16904.6540,NA,NA,NA
MegaProject.exe,13848,0x1F4D621B830,DXGI,1,0,0,Hardware Composed: Independent Flip,16919.2974,NA,8.04450000000000,6.90920000000000,0.46060000000000,2.15500000000000,4.7778,16911.5028,8.2552,7.7946,0.4606,7.7661,2.1835,2.1538,0.0297,-0.0604,16911.5028,NA,NA,NA
MegaProject.exe,13848,0x1F4D621B830,DXGI,1,0,0,Hardware Composed: Independent Flip,16925.1305,NA,5.83310000000000,6.97770000000000,0.35430000000000,2.06220000000000,5.9224,16919.7580,5.7268,5.3725,0.3543,5.3484,2.0863,2.0743,0.0120,1.2775,16919.7580,NA,NA,NA
MegaProject.exe,13848,0x1F4D621B830,DXGI,1,0,0,Hardware Composed: Independent Flip,16932.9903,NA,7.85980000000000,6.81480000000000,0.29470000000000,1.87020000000000,4.8774,16925.4848,7.8002,7.5055,0.2947,7.4888,1.8869,1.8747,0.0122,-1.0880,16925.4848,NA,NA,NA
MegaProject.exe,13848,0x1F4D621B830,DXGI,1,0,0,Hardware Composed: Independent Flip,16939.0677,NA,6.07740000000000,6.92180000000000,0.32360000000000,1.66280000000000,5.7218,16933.2850,6.1063,5.7827,0.3236,5.7637,1.6818,1.6767,0.0051,0.8784,16933.2850,NA,NA,NA
MegaProject.exe,13848,0x1F4D621B830,DXGI,1,0,0,Hardware Composed: Independent Flip,16945.8097,NA,6.74200000000000,6.97200000000000,0.24620000000000,1.70070000000000,5.9518,16939.3913,6.6646,6.4184,0.2462,6.3953,1.7238,1.7141,0.0097,-0.8657,16939.3913,NA,NA,NA
MegaProject.exe,13848,0x1F4D621B830,DXGI,1,0,0,Hardware Composed: Independent Flip,16953.3954,NA,7.58570000000000,6.94890000000000,0.31900000000000,1.58090000000000,5.3150,16946.0559,7.6585,7.3395,0.3190,7.2974,1.6230,1.6157,0.0073,-0.2843,16946.0559,NA,NA,NA
MegaProject.exe,13848,0x1F4D621B830,DXGI,1,0,0,Hardware Composed: Independent Flip,16960.1753,NA,6.77990000000000,6.94660000000000,0.33060000000000,1.62090000000000,5.4817,16953.7144,6.7915,6.4609,0.3306,6.4443,1.6375,1.6335,0.0040,0.7119,16953.7144,NA,NA,NA
MegaProject.exe,13848,0x1F4D621B830,DXGI,1,0,0,Hardware Composed: Independent Flip,16966.8642,NA,6.68890000000000,6.94350000000000,0.31080000000000,1.65540000000000,5.7363,16960.5059,6.6691,6.3583,0.3108,6.3358,1.6779,1.6689,0.0090,-0.1520,16960.5059,NA,NA,NA
MegaProject.exe,13848,0x1F4D621B830,DXGI,1,0,0,Hardware Composed: Independent Flip,16974.6511,NA,7.78690000000000,6.94470000000000,0.34600000000000,1.66730000000000,4.8941,16967.1750,7.8221,7.4761,0.3460,7.4498,1.6936,1.6850,0.0086,-0.2756,16967.1750,NA,NA,NA
MegaProject.exe,13848,0x1F4D621B830,DXGI,1,0,0,Hardware Composed: Independent Flip,16980.7444,NA,6.09330000000000,6.94320000000000,0.30220000000000,1.61380000000000,5.7440,16974.9971,6.0495,5.7473,0.3022,5.7289,1.6322,1.6281,0.0041,0.8789,16974.9971,NA,NA,NA
MegaProject.exe,13848,0x1F4D621B830,DXGI,1,0,0,Hardware Composed: Independent Flip,16988.3688,NA,7.62440000000000,6.94460000000000,0.33730000000000,1.71690000000000,5.0642,16981.0466,7.6595,7.3222,0.3373,7.2905,1.7486,1.7409,0.0077,-0.8951,16981.0466,NA,NA,NA
MegaProject.exe,13848,0x1F4D621B830,DXGI,1,0,0,Hardware Composed: Independent Flip,16994.4844,NA,6.11560000000000,6.94720000000000,0.32340000000000,1.62210000000000,5.8958,16988.7061,6.1017,5.7783,0.3234,5.7275,1.6729,1.6640,0.0089,0.7123,16988.7061,NA,NA,NA
MegaProject.exe,13848,0x1F4D621B830,DXGI,1,0,0,Hardware Composed: Independent Flip,17001.6778,NA,7.19340000000000,6.95270000000000,0.30950000000000,1.70110000000000,5.6551,16994.8078,7.1795,6.8700,0.3095,6.8536,1.7175,1.7132,0.0043,-0.8510,16994.8078,NA,NA,NA
MegaProject.exe,13848,0x1F4D621B830,DXGI,1,0,0,Hardware Composed: Independent Flip,17009.5304,NA,7.85260000000000,6.95790000000000,0.41150000000000,1.71990000000000,4.7604,17001.9873,7.9546,7.5431,0.4115,7.5176,1.7454,1.7392,0.0062,0.2216,17001.9873,NA,NA,NA
MegaProject.exe,13848,0x1F4D621B830,DXGI,1,0,0,Hardware Composed: Independent Flip,17015.5283,NA,5.99790000000000,7.00580000000000,0.32550000000000,1.93750000000000,5.7683,17009.9419,5.9119,5.5864,0.3255,5.5618,1.9621,1.9496,0.0125,0.9488,17009.9419,NA,NA,NA
MegaProject.exe,13848,0x1F4D621B830,DXGI,1,0,0,Hardware Composed: Independent Flip,17023.0686,NA,7.54030000000000,6.89000000000000,0.33380000000000,2.07130000000000,5.1180,17015.8538,7.5486,7.2148,0.3338,7.1892,2.0969,2.0827,0.0142,-0.9781,17015.8538,NA,NA,NA
MegaProject.exe,13848,0x1F4D621B830,DXGI,1,0,0,Hardware Composed: Independent Flip,17029.3467,NA,6.27810000000000,6.97220000000000,0.41090000000000,1.95060000000000,5.8121,17023.4024,6.3552,5.9443,0.4109,5.9217,1.9732,1.9640,0.0092,0.5764,17023.4024,NA,NA,NA
MegaProject.exe,13848,0x1F4D621B830,DXGI,1,0,0,Hardware Composed: Independent Flip,17036.6438,NA,7.29710000000000,6.91450000000000,0.39730000000000,1.86280000000000,5.4295,17029.7576,7.2835,6.8862,0.3973,6.8611,1.8879,1.8750,0.0129,-0.5593,17029.7576,NA,NA,NA
MegaProject.exe,13848,0x1F4D621B830,DXGI,1,0,0,Hardware Composed: Independent Flip,17044.0314,NA,7.38760000000000,7.04570000000000,0.42830000000000,1.93990000000000,5.0876,17037.0411,7.4186,6.9903,0.4283,6.9649,1.9653,1.9531,0.0122,0.2378,17037.0411,NA,NA,NA
MegaProject.exe,13848,0x1F4D621B830,DXGI,1,0,0,Hardware Composed: Independent Flip,17050.2338,NA,6.20240000000000,6.89060000000000,0.29960000000000,1.86570000000000,5.7758,17044.4597,6.0737,5.7741,0.2996,5.7571,1.8827,1.8727,0.0100,0.5280,17044.4597,NA,NA,NA
MegaProject.exe,13848,0x1F4D621B830,DXGI,1,0,0,Hardware Composed: Independent Flip,17058.6269,NA,8.39310000000000,13.82420000000000,0.50960000000000,5.78290000000000,11.2069,17050.5334,8.6031,8.0935,0.5096,8.0631,5.8133,5.8011,0.0122,-7.7505,17050.5334,NA,NA,NA
MegaProject.exe,13848,0x1F4D621B830,DXGI,1,0,0,Hardware Composed: Independent Flip,17072.2682,NA,13.64130000000000,14.01160000000000,0.55030000000000,6.18180000000000,11.5772,17059.1365,13.6820,13.1317,0.5503,13.0990,6.2145,6.2010,0.0135,-5.4085,17059.1365,NA,NA,NA
MegaProject.exe,13848,0x1F4D621B830,DXGI,1,0,0,Hardware Composed: Independent Flip,17087.0372,NA,14.76900000000000,13.87400000000000,0.44330000000000,6.15100000000000,10.6822,17072.8185,14.6620,14.2187,0.4433,14.1891,6.1806,6.1672,0.0134,-0.1920,17072.8185,NA,NA,NA
MegaProject.exe,13848,0x1F4D621B830,DXGI,1,0,0,Hardware Composed: Independent Flip,17100.3790,NA,13.34180000000000,13.84890000000000,0.41710000000000,6.24800000000000,11.1893,17087.4805,13.3156,12.8985,0.4171,12.8747,6.2718,6.2554,0.0164,0.8131,17087.4805,NA,NA,NA
MegaProject.exe,13848,0x1F4D621B830,DXGI,1,0,0,Hardware Composed: Independent Flip,17114.5652,NA,14.18620000000000,13.93560000000000,0.44040000000000,6.32950000000000,10.9387,17100.7961,14.2095,13.7691,0.4404,13.7476,6.3510,6.3395,0.0115,-0.6200,17100.7961,NA,NA,NA
MegaProject.exe,13848,0x1F4D621B830,DXGI,1,0,0,Hardware Composed: Independent Flip,17128.2231,NA,13.65790000000000,13.77740000000000,0.47020000000000,6.08860000000000,11.0582,17115.0056,13.6877,13.2175,0.4702,13.1788,6.1273,6.0821,0.0452,0.4321,17115.0056,NA,NA,NA
MegaProject.exe,13848,0x1F4D621B830,DXGI,1,0,0,Hardware Composed: Independent Flip,17141.8287,NA,13.60560000000000,14.02770000000000,0.38120000000000,5.90510000000000,11.4803,17128.6933,13.5166,13.1354,0.3812,13.1111,5.9294,5.9195,0.0099,-0.3400,17128.6933,NA,NA,NA
MegaProject.exe,13848,0x1F4D621B830,DXGI,1,0,0,Hardware Composed: Independent Flip,17155.8198,NA,13.99110000000000,13.73890000000000,0.41690000000000,6.22010000000000,11.2281,17142.2099,14.0268,13.6099,0.4169,13.5902,6.2398,6.2272,0.0126,-0.2223,17142.2099,NA,NA,NA
MegaProject.exe,13848,0x1F4D621B830,DXGI,1,0,0,Hardware Composed: Independent Flip,17169.5243,NA,13.70450000000000,14.14450000000000,0.47200000000000,6.30410000000000,11.6681,17156.2367,13.7596,13.2876,0.4720,13.2620,6.3297,6.3177,0.0120,-0.1177,17156.2367,NA,NA,NA
MegaProject.exe,13848,0x1F4D621B830,DXGI,1,0,0,Hardware Composed: Independent Flip,17183.5631,NA,14.03880000000000,13.75450000000000,0.33620000000000,6.44260000000000,11.3838,17169.9963,13.9030,13.5668,0.3362,13.5409,6.4685,6.4540,0.0145,0.0051,17169.9963,NA,NA,NA
MegaProject.exe,13848,0x1F4D621B830,DXGI,1,0,0,Hardware Composed: Independent Flip,17196.7789,NA,13.21580000000000,13.96910000000000,0.32060000000000,6.22370000000000,12.1371,17183.8993,13.2002,12.8796,0.3206,12.8613,6.2420,6.2291,0.0129,-0.0661,17183.8993,NA,NA,NA
MegaProject.exe,13848,0x1F4D621B830,DXGI,1,0,0,Hardware Composed: Independent Flip,17211.9039,NA,15.12500000000000,13.84820000000000,0.44540000000000,6.21780000000000,10.8603,17197.0995,15.2498,14.8044,0.4454,14.7776,6.2446,6.2323,0.0123,-0.6480,17197.0995,NA,NA,NA
MegaProject.exe,13848,0x1F4D621B830,DXGI,1,0,0,Hardware Composed: Independent Flip,17225.6956,NA,13.79170000000000,13.74370000000000,0.42690000000000,6.45710000000000,10.8123,17212.3493,13.7732,13.3463,0.4269,13.3205,6.4829,6.4474,0.0355,1.5061,17212.3493,NA,NA,NA
MegaProject.exe,13848,0x1F4D621B830,DXGI,1,0,0,Hardware Composed: Independent Flip,17239.2637,NA,13.56810000000000,13.89350000000000,0.45530000000000,5.88440000000000,11.1377,17226.1225,13.5965,13.1412,0.4553,13.1142,5.9114,5.9022,0.0092,-0.1203,17226.1225,NA,NA,NA
MegaProject.exe,13848,0x1F4D621B830,DXGI,1,0,0,Hardware Composed: Independent Flip,17252.5385,NA,13.27480000000000,14.04320000000000,0.32330000000000,5.88860000000000,11.9061,17239.7190,13.1428,12.8195,0.3233,12.7941,5.9140,5.9061,0.0079,-0.4467,17239.7190,NA,NA,NA
MegaProject.exe,13848,0x1F4D621B830,DXGI,1,0,0,Hardware Composed: Independent Flip,17268.0024,NA,15.46390000000000,13.87180000000000,0.37650000000000,6.06780000000000,10.3140,17252.8618,15.5171,15.1406,0.3765,15.0851,6.1233,6.1136,0.0097,-0.7290,17252.8618,NA,NA,NA
MegaProject.exe,13848,0x1F4D621B830,DXGI,1,0,0,Hardware Composed: Independent Flip,17280.8299,NA,12.82750000000000,13.84040000000000,0.41060000000000,6.24560000000000,11.3269,17268.3789,12.8616,12.4510,0.4106,12.4265,6.2701,6.2563,0.0138,1.6767,17268.3789,NA,NA,NA
MegaProject.exe,13848,0x1F4D621B830,DXGI,1,0,0,Hardware Composed: Independent Flip,17294.8623,NA,14.03240000000000,13.79630000000000,0.43450000000000,5.99890000000000,11.0908,17281.2405,14.0563,13.6218,0.4345,13.5958,6.0249,6.0009,0.0240,-0.9347,17281.2405,NA,NA,NA
MegaProject.exe,13848,0x1F4D621B830,DXGI,1,0,0,Hardware Composed: Independent Flip,17308.6808,NA,13.81850000000000,13.90220000000000,0.39920000000000,5.88810000000000,11.1745,17295.2968,13.7832,13.3840,0.3992,13.3600,5.9121,5.9029,0.0092,0.1541,17295.2968,NA,NA,NA
MegaProject.exe,13848,0x1F4D621B830,DXGI,1,0,0,Hardware Composed: Independent Flip,17321.7467,NA,13.06590000000000,14.01190000000000,0.42900000000000,7.15660000000000,12.1205,17309.0800,13.0957,12.6667,0.4290,12.6343,7.1890,7.1682,0.0208,-0.2287,17309.0800,NA,NA,NA
MegaProject.exe,13848,0x1F4D621B830,DXGI,1,0,0,Hardware Composed: Independent Flip,17337.3044,NA,15.55770000000000,6.82260000000000,0.44460000000000,2.03710000000000,3.3854,17322.1757,15.5733,15.1287,0.4446,15.1048,2.0610,2.0501,0.0109,6.2731,17322.1757,NA,NA,NA
MegaProject.exe,13848,0x1F4D621B830,DXGI,1,0,0,Hardware Composed: Independent Flip,17342.0323,NA,4.72790000000000,6.96210000000000,0.33600000000000,2.16030000000000,5.6196,17337.7490,4.6193,4.2833,0.3360,4.2643,2.1793,2.1630,0.0163,8.6112,17337.7490,NA,NA,NA
MegaProject.exe,13848,0x1F4D621B830,DXGI,1,0,0,Hardware Composed: Independent Flip,17349.3865,NA,7.35420000000000,6.99710000000000,0.33310000000000,2.11820000000000,5.2625,17342.3683,7.3513,7.0182,0.3331,6.9987,2.1377,2.1262,0.0115,-2.3778,17342.3683,NA,NA,NA
MegaProject.exe,13848,0x1F4D621B830,DXGI,1,0,0,Hardware Composed: Independent Flip,17355.8066,NA,6.42010000000000,6.96300000000000,0.31330000000000,2.10350000000000,5.8054,17349.7196,6.4003,6.0870,0.3133,6.0650,2.1255,2.1121,0.0134,0.3883,17349.7196,NA,NA,NA
MegaProject.exe,13848,0x1F4D621B830,DXGI,1,0,0,Hardware Composed: Independent Flip,17363.2371,NA,7.43050000000000,6.97690000000000,0.35420000000000,2.20590000000000,5.3518,17356.1199,7.4714,7.1172,0.3542,7.1016,2.2215,2.2090,0.0125,-0.5766,17356.1199,NA,NA,NA
MegaProject.exe,13848,0x1F4D621B830,DXGI,1,0,0,Hardware Composed: Independent Flip,17369.6945,NA,6.45740000000000,6.95740000000000,0.29540000000000,2.31550000000000,5.8518,17363.5913,6.3986,6.1032,0.2954,6.0863,2.3324,2.3248,0.0076,0.5140,17363.5913,NA,NA,NA
MegaProject.exe,13848,0x1F4D621B830,DXGI,1,0,0,Hardware Composed: Independent Flip,17376.7060,NA,7.01150000000000,6.88750000000000,0.31910000000000,2.13110000000000,5.7278,17369.9899,7.0352,6.7161,0.3191,6.6686,2.1786,2.1666,0.0120,-0.4889,17369.9899,NA,NA,NA
MegaProject.exe,13848,0x1F4D621B830,DXGI,1,0,0,Hardware Composed: Independent Flip,17384.1927,NA,7.48670000000000,7.00190000000000,0.39680000000000,2.26390000000000,5.2430,17377.0251,7.5644,7.1676,0.3968,7.1517,2.2798,2.2678,0.0120,0.0333,17377.0251,NA,NA,NA
MegaProject.exe,13848,0x1F4D621B830,DXGI,1,0,0,Hardware Composed: Independent Flip,17390.5926,NA,6.39990000000000,6.92960000000000,0.29770000000000,2.30650000000000,5.7727,17384.5895,6.3008,6.0031,0.2977,5.9874,2.3222,2.3143,0.0079,0.6348,17384.5895,NA,NA,NA
MegaProject.exe,13848,0x1F4D621B830,DXGI,1,0,0,Hardware Composed: Independent Flip,17398.5038,NA,7.91120000000000,6.91110000000000,0.38180000000000,2.20510000000000,4.7726,17390.8903,7.9953,7.6135,0.3818,7.5899,2.2287,2.2167,0.0120,-0.6103,17390.8903,NA,NA,NA
MegaProject.exe,13848,0x1F4D621B830,DXGI,1,0,0,Hardware Composed: Independent Flip,17404.3421,NA,5.83830000000000,6.94560000000000,0.33200000000000,2.08960000000000,5.8799,17398.8856,5.7885,5.4565,0.3320,5.3974,2.1487,2.1362,0.0125,1.0497,17398.8856,NA,NA,NA
MegaProject.exe,13848,0x1F4D621B830,DXGI,1,0,0,Hardware Composed: Independent Flip,17411.2046,NA,6.86250000000000,6.93070000000000,0.25220000000000,2.06050000000000,5.9481,17404.6741,6.7827,6.5305,0.2522,6.5147,2.0763,2.0661,0.0102,-1.1422,17404.6741,NA,NA,NA
MegaProject.exe,13848,0x1F4D621B830,DXGI,1,0,0,Hardware Composed: Independent Flip,17419.4484,NA,8.24380000000000,6.88700000000000,0.42780000000000,2.00640000000000,4.5913,17411.4568,8.4194,7.9916,0.4278,7.9609,2.0371,2.0078,0.0293,-0.1043,17411.4568,NA,NA,NA
MegaProject.exe,13848,0x1F4D621B830,DXGI,1,0,0,Hardware Composed: Independent Flip,17425.5231,NA,6.07470000000000,6.93920000000000,0.38240000000000,1.90910000000000,5.4558,17419.8762,6.0293,5.6469,0.3824,5.6268,1.9292,1.9230,0.0062,1.4802,17419.8762,NA,NA,NA
MegaProject.exe,13848,0x1F4D621B830,DXGI,1,0,0,Hardware Composed: Independent Flip,17432.9668,NA,7.44370000000000,6.94680000000000,0.37810000000000,1.92690000000000,4.9589,17425.9055,7.4394,7.0613,0.3781,7.0424,1.9458,1.9362,0.0096,-0.9175,17425.9055,NA,NA,NA
MegaProject.exe,13848,0x1F4D621B830,DXGI,1,0,0,Hardware Composed: Independent Flip,17439.2999,NA,6.33310000000000,6.99880000000000,0.37600000000000,2.16760000000000,5.6246,17433.3449,6.3310,5.9550,0.3760,5.9354,2.1872,2.1775,0.0097,0.4406,17433.3449,NA,NA,NA
MegaProject.exe,13848,0x1F4D621B830,DXGI,1,0,0,Hardware Composed: Independent Flip,17446.3252,NA,7.02530000000000,6.96160000000000,0.35310000000000,2.18770000000000,5.5609,17439.6759,7.0024,6.6493,0.3531,6.6252,2.2118,2.1999,0.0119,-0.6306,17439.6759,NA,NA,NA
MegaProject.exe,13848,0x1F4D621B830,DXGI,1,0,0,Hardware Composed: Independent Flip,17453.5560,NA,7.23080000000000,6.99260000000000,0.37730000000000,2.11710000000000,5.3227,17446.6783,7.2550,6.8777,0.3773,6.8597,2.1351,2.1252,0.0099,0.0098,17446.6783,NA,NA,NA
MegaProject.exe,13848,0x1F4D621B830,DXGI,1,0,0,Hardware Composed: Independent Flip,17460.1048,NA,6.54880000000000,6.83820000000000,0.30830000000000,2.24770000000000,5.6121,17453.9333,6.4798,6.1715,0.3083,6.1541,2.2651,2.2571,0.0080,0.4168,17453.9333,NA,NA,NA
MegaProject.exe,13848,0x1F4D621B830,DXGI,1,0,0,Hardware Composed: Independent Flip,17466.9984,NA,6.89360000000000,7.04300000000000,0.30480000000000,2.18270000000000,5.7615,17460.4131,6.8901,6.5853,0.3048,6.5606,2.2074,2.1954,0.0120,-0.5632,17460.4131,NA,NA,NA
MegaProject.exe,13848,0x1F4D621B830,DXGI,1,0,0,Hardware Composed: Independent Flip,17474.5666,NA,7.56820000000000,6.83700000000000,0.33360000000000,2.13220000000000,5.0303,17467.3032,7.5970,7.2634,0.3336,7.1894,2.2062,2.1942,0.0120,0.0531,17467.3032,NA,NA,NA
MegaProject.exe,13848,0x1F4D621B830,DXGI,1,0,0,Hardware Composed: Independent Flip,17480.6619,NA,6.09530000000000,6.94470000000000,0.28060000000000,2.16560000000000,5.8797,17474.9002,6.0423,5.7617,0.2806,5.7452,2.1821,2.1739,0.0082,0.6523,17474.9002,NA,NA,NA
MegaProject.exe,13848,0x1F4D621B830,DXGI,1,0,0,Hardware Composed: Independent Flip,17488.4127,NA,7.75080000000000,6.94100000000000,0.35340000000000,1.91700000000000,5.0699,17480.9425,7.8236,7.4702,0.3534,7.4458,1.9414,1.9321,0.0093,-0.8987,17480.9425,NA,NA,NA
MegaProject.exe,13848,0x1F4D621B830,DXGI,1,0,0,Hardware Composed: Independent Flip,17494.4353,NA,6.02260000000000,6.94640000000000,0.31180000000000,1.82900000000000,5.9937,17488.7661,5.9810,5.6692,0.3118,5.6473,1.8509,1.8418,0.0091,0.8772,17488.7661,NA,NA,NA
MegaProject.exe,13848,0x1F4D621B830,DXGI,1,0,0,Hardware Composed: Independent Flip,17501.5310,NA,7.09570000000000,6.94490000000000,0.32050000000000,1.82410000000000,5.8429,17494.7471,7.1044,6.7839,0.3205,6.7665,1.8415,1.8351,0.0064,-0.9639,17494.7471,NA,NA,NA
MegaProject.exe,13848,0x1F4D621B830,DXGI,1,0,0,Hardware Composed: Independent Flip,17509.2312,NA,7.70020000000000,7.02120000000000,0.31970000000000,2.09400000000000,5.1639,17501.8515,7.6994,7.3797,0.3197,7.3620,2.1117,2.1035,0.0082,0.0832,17501.8515,NA,NA,NA
MegaProject.exe,13848,0x1F4D621B830,DXGI,1,0,0,Hardware Composed: Independent Flip,17515.4827,NA,6.25150000000000,6.94990000000000,0.27360000000000,2.17470000000000,5.8623,17509.5509,6.2054,5.9318,0.2736,5.9090,2.1975,2.1799,0.0176,0.7495,17509.5509,NA,NA,NA
MegaProject.exe,13848,0x1F4D621B830,DXGI,1,0,0,Hardware Composed: Independent Flip,17523.1929,NA,7.71020000000000,6.94770000000000,0.33890000000000,2.21890000000000,5.0998,17515.7563,7.7755,7.4366,0.3389,7.4209,2.2346,2.2157,0.0189,-0.7423,17515.7563,NA,NA,NA
MegaProject.exe,13848,0x1F4D621B830,DXGI,1,0,0,Hardware Composed: Independent Flip,17529.5583,NA,6.36540000000000,6.93820000000000,0.40620000000000,2.25870000000000,5.6726,17523.5318,6.4327,6.0265,0.4062,6.0069,2.2783,2.2697,0.0086,0.8373,17523.5318,NA,NA,NA
MegaProject.exe,13848,0x1F4D621B830,DXGI,1,0,0,Hardware Composed: Independent Flip,17536.5835,NA,7.02520000000000,6.98820000000000,0.45410000000000,2.11180000000000,5.6356,17529.9645,7.0731,6.6190,0.4541,6.5984,2.1324,2.1244,0.0080,-0.5555,17529.9645,NA,NA,NA
MegaProject.exe,13848,0x1F4D621B830,DXGI,1,0,0,Hardware Composed: Independent Flip,17544.0806,NA,7.49710000000000,6.82010000000000,0.42360000000000,2.24290000000000,4.9586,17537.0376,7.4666,7.0430,0.4236,7.0148,2.2711,2.2466,0.0245,0.2530,17537.0376,NA,NA,NA
MegaProject.exe,13848,0x1F4D621B830,DXGI,1,0,0,Hardware Composed: Independent Flip,17550.4169,NA,6.33630000000000,6.97200000000000,0.42520000000000,1.81580000000000,5.5943,17544.5042,6.3379,5.9127,0.4252,5.8936,1.8349,1.8291,0.0058,0.4946,17544.5042,NA,NA,NA
MegaProject.exe,13848,0x1F4D621B830,DXGI,1,0,0,Hardware Composed: Independent Flip,17558.0525,NA,7.63560000000000,6.91920000000000,0.46090000000000,1.97640000000000,4.8779,17550.8421,7.6713,7.2104,0.4609,7.1880,1.9988,1.9893,0.0095,-0.5813,17550.8421,NA,NA,NA
MegaProject.exe,13848,0x1F4D621B830,DXGI,1,0,0,Hardware Composed: Independent Flip,17564.0725,NA,6.02000000000000,6.95700000000000,0.26990000000000,1.86050000000000,5.8149,17558.5134,5.8290,5.5591,0.2699,5.5039,1.9157,1.9079,0.0078,0.7143,17558.5134,NA,NA,NA
MegaProject.exe,13848,0x1F4D621B830,DXGI,1,0,0,Hardware Composed: Independent Flip,17570.9584,NA,6.88590000000000,6.91960000000000,0.31040000000000,2.31900000000000,5.8486,17564.3424,6.9264,6.6160,0.3104,6.5983,2.3367,2.3290,0.0077,-1.0906,17564.3424,NA,NA,NA
MegaProject.exe,13848,0x1F4D621B830,DXGI,1,0,0,Hardware Composed: Independent Flip,17578.6584,NA,7.70000000000000,6.94080000000000,0.30300000000000,1.87250000000000,5.0894,17571.2688,7.6926,7.3896,0.3030,7.3325,1.9296,1.9175,0.0121,-0.0144,17571.2688,NA,NA,NA
MegaProject.exe,13848,0x1F4D621B830,DXGI,1,0,0,Hardware Composed: Independent Flip,17584.7361,NA,6.07770000000000,6.96910000000000,0.25370000000000,1.89330000000000,5.9808,17578.9614,6.0284,5.7747,0.2537,5.7580,1.9100,1.9027,0.0073,0.7235,17578.9614,NA,NA,NA
MegaProject.exe,13848,0x1F4D621B830,DXGI,1,0,0,Hardware Composed: Independent Flip,17591.7175,NA,6.98140000000000,6.94970000000000,0.22870000000000,1.85200000000000,5.9491,17584.9898,6.9564,6.7277,0.2287,6.6994,1.8803,1.8759,0.0044,-0.9213,17584.9898,NA,NA,NA
MegaProject.exe,13848,0x1F4D621B830,DXGI,1,0,0,Hardware Composed: Independent Flip,17599.5075,NA,7.79000000000000,6.90950000000000,0.42610000000000,1.82220000000000,5.0686,17591.9462,7.9874,7.5613,0.4261,7.5361,1.8474,1.8399,0.0075,0.0469,17591.9462,NA,NA,NA
MegaProject.exe,13848,0x1F4D621B830,DXGI,1,0,0,Hardware Composed: Independent Flip,17605.6535,NA,6.14600000000000,6.96480000000000,0.32290000000000,1.88600000000000,5.8874,17599.9336,6.0428,5.7199,0.3229,5.6974,1.9085,1.9009,0.0076,1.0226,17599.9336,NA,NA,NA
MegaProject.exe,13848,0x1F4D621B830,DXGI,1,0,0,Hardware Composed: Independent Flip,17613.5107,NA,7.85720000000000,6.95650000000000,0.31550000000000,1.80800000000000,4.9867,17605.9764,7.8498,7.5343,0.3155,7.5178,1.8245,1.8163,0.0082,-0.9137,17605.9764,NA,NA,NA
MegaProject.exe,13848,0x1F4D621B830,DXGI,1,0,0,Hardware Composed: Independent Flip,17619.5981,NA,6.08740000000000,6.94070000000000,0.24680000000000,1.91600000000000,5.8400,17613.8262,6.0187,5.7719,0.2468,5.7564,1.9315,1.9260,0.0055,0.9091,17613.8262,NA,NA,NA
MegaProject.exe,13848,0x1F4D621B830,DXGI,1,0,0,Hardware Composed: Independent Flip,17626.7820,NA,7.18390000000000,6.94430000000000,0.29290000000000,1.86580000000000,5.6004,17619.8449,7.2300,6.9371,0.2929,6.9010,1.9019,1.8952,0.0067,-0.9256,17619.8449,NA,NA,NA
MegaProject.exe,13848,0x1F4D621B830,DXGI,1,0,0,Hardware Composed: Independent Flip,17634.2449,NA,7.46290000000000,6.94600000000000,0.33570000000000,1.86380000000000,5.0835,17627.0749,7.5057,7.1700,0.3357,7.1409,1.8929,1.8854,0.0075,0.2840,17627.0749,NA,NA,NA
MegaProject.exe,13848,0x1F4D621B830,DXGI,1,0,0,Hardware Composed: Independent Flip,17640.4409,NA,6.19600000000000,6.94880000000000,0.31000000000000,1.86330000000000,5.8363,17634.5806,6.1703,5.8603,0.3100,5.8436,1.8800,1.8758,0.0042,0.5569,17634.5806,NA,NA,NA
MegaProject.exe,13848,0x1F4D621B830,DXGI,1,0,0,Hardware Composed: Independent Flip,17648.6413,NA,8.20040000000000,6.95410000000000,0.34580000000000,1.90490000000000,4.5900,17640.7509,8.2362,7.8904,0.3458,7.8653,1.9300,1.9203,0.0097,-0.7838,17640.7509,NA,NA,NA
MegaProject.exe,13848,0x1F4D621B830,DXGI,1,0,0,Hardware Composed: Independent Flip,17654.4692,NA,5.82790000000000,6.94110000000000,0.27810000000000,1.88560000000000,5.7032,17648.9871,5.7602,5.4821,0.2781,5.4595,1.9082,1.9003,0.0079,1.2951,17648.9871,NA,NA,NA
MegaProject.exe,13848,0x1F4D621B830,DXGI,1,0,0,Hardware Composed: Independent Flip,17661.4656,NA,6.99640000000000,7.02970000000000,0.29940000000000,2.18730000000000,5.7365,17654.7473,7.0177,6.7183,0.2994,6.7004,2.2052,2.1948,0.0104,-1.2695,17654.7473,NA,NA,NA
MegaProject.exe,13848,0x1F4D621B830,DXGI,1,0,0,Hardware Composed: Independent Flip,17669.1673,NA,7.70170000000000,6.81590000000000,0.31810000000000,2.13460000000000,4.8507,17661.7650,7.7204,7.4023,0.3181,7.3789,2.1580,2.1459,0.0121,0.2018,17661.7650,NA,NA,NA
MegaProject.exe,13848,0x1F4D621B830,DXGI,1,0,0,Hardware Composed: Independent Flip,17675.0374,NA,5.87010000000000,7.06300000000000,0.30440000000000,2.10830000000000,6.0436,17669.4854,5.8564,5.5520,0.3044,5.5295,2.1308,2.1190,0.0118,0.6574,17669.4854,NA,NA,NA
MegaProject.exe,13848,0x1F4D621B830,DXGI,1,0,0,Hardware Composed: Independent Flip,17682.7616,NA,7.72420000000000,6.87210000000000,0.30020000000000,2.11430000000000,5.1915,17675.3418,7.7200,7.4198,0.3002,7.3999,2.1342,2.1210,0.0132,-1.0157,17675.3418,NA,NA,NA
MegaProject.exe,13848,0x1F4D621B830,DXGI,1,0,0,Hardware Composed: Independent Flip,17689.4422,NA,6.68060000000000,6.93120000000000,0.48540000000000,2.15380000000000,5.4421,17683.0618,6.8658,6.3804,0.4854,6.3572,2.1770,2.1653,0.0117,0.7888,17683.0618,NA,NA,NA
MegaProject.exe,13848,0x1F4D621B830,DXGI,1,0,0,Hardware Composed: Independent Flip,17696.2471,NA,6.80490000000000,6.95960000000000,0.48590000000000,1.93590000000000,5.5968,17689.9276,6.8054,6.3195,0.4859,6.2928,1.9626,1.9514,0.0112,-0.0938,17689.9276,NA,NA,NA
MegaProject.exe,13848,0x1F4D621B830,DXGI,1,0,0,Hardware Composed: Independent Flip,17703.6875,NA,7.44040000000000,6.94890000000000,0.40900000000000,1.89380000000000,5.1053,17696.7330,7.3635,6.9545,0.4090,6.9342,1.9141,1.9054,0.0087,-0.1435,17696.7330,NA,NA,NA
MegaProject.exe,13848,0x1F4D621B830,DXGI,1,0,0,Hardware Composed: Independent Flip,17709.8630,NA,6.17550000000000,7.05960000000000,0.29530000000000,2.32520000000000,5.9894,17704.0965,6.0618,5.7665,0.2953,5.7503,2.3414,2.3338,0.0076,0.3039,17704.0965,NA,NA,NA
MegaProject.exe,13848,0x1F4D621B830,DXGI,1,0,0,Hardware Composed: Independent Flip,17716.9847,NA,7.12170000000000,6.89020000000000,0.32580000000000,2.14380000000000,5.7579,17710.1583,7.1522,6.8264,0.3258,6.7753,2.1949,2.1829,0.0120,-0.8284,17710.1583,NA,NA,NA
MegaProject.exe,13848,0x1F4D621B830,DXGI,1,0,0,Hardware Composed: Independent Flip,17724.6263,NA,7.64160000000000,6.99860000000000,0.33610000000000,2.22410000000000,5.1149,17717.3105,7.6519,7.3158,0.3361,7.2929,2.2470,2.2350,0.0120,0.1536,17717.3105,NA,NA,NA
MegaProject.exe,13848,0x1F4D621B830,DXGI,1,0,0,Hardware Composed: Independent Flip,17730.9991,NA,6.37280000000000,6.93700000000000,0.26170000000000,2.35400000000000,5.6791,17724.9624,6.2984,6.0367,0.2617,6.0199,2.3708,2.3634,0.0074,0.7149,17724.9624,NA,NA,NA
MegaProject.exe,13848,0x1F4D621B830,DXGI,1,0,0,Hardware Composed: Independent Flip,17738.7725,NA,7.77340000000000,6.90270000000000,0.33410000000000,2.24210000000000,4.8084,17731.2608,7.8458,7.5117,0.3341,7.4877,2.2661,2.2541,0.0120,-0.6043,17731.2608,NA,NA,NA
MegaProject.exe,13848,0x1F4D621B830,DXGI,1,0,0,Hardware Composed: Independent Flip,17744.8102,NA,6.03770000000000,6.94980000000000,0.32910000000000,2.11770000000000,5.7205,17739.1066,6.0327,5.7036,0.3291,5.6807,2.1406,2.1286,0.0120,0.8960,17739.1066,NA,NA,NA
MegaProject.exe,13848,0x1F4D621B830,DXGI,1,0,0,Hardware Composed: Independent Flip,17751.6826,NA,6.87240000000000,6.92940000000000,0.30010000000000,2.11860000000000,5.7775,17745.1393,6.8434,6.5433,0.3001,6.5267,2.1352,2.1275,0.0077,-0.8967,17745.1393,NA,NA,NA
MegaProject.exe,13848,0x1F4D621B830,DXGI,1,0,0,Hardware Composed: Independent Flip,17759.6373,NA,7.95470000000000,6.83280000000000,0.44060000000000,2.02140000000000,4.6556,17751.9827,8.0952,7.6546,0.4406,7.6309,2.0451,2.0238,0.0213,0.0106,17751.9827,NA,NA,NA
MegaProject.exe,13848,0x1F4D621B830,DXGI,1,0,0,Hardware Composed: Independent Flip,17765.8268,NA,6.18950000000000,6.99680000000000,0.53520000000000,1.84600000000000,5.4629,17760.0779,6.2841,5.7489,0.5352,5.7239,1.8710,1.8603,0.0107,1.0984,17760.0779,NA,NA,NA
MegaProject.exe,13848,0x1F4D621B830,DXGI,1,0,0,Hardware Composed: Independent Flip,17773.1884,NA,7.36160000000000,6.94570000000000,0.32620000000000,1.86110000000000,5.0470,17766.3620,7.1526,6.8264,0.3262,6.8097,1.8778,1.8636,0.0142,-0.6616,17766.3620,NA,NA,NA
MegaProject.exe,13848,0x1F4D621B830,DXGI,1,0,0,Hardware Composed: Independent Flip,17779.5455,NA,6.35710000000000,6.88460000000000,0.33640000000000,1.87640000000000,5.5745,17773.5146,6.3673,6.0309,0.3364,6.0130,1.8943,1.8879,0.0064,0.2680,17773.5146,NA,NA,NA
MegaProject.exe,13848,0x1F4D621B830,DXGI,1,0,0,Hardware Composed: Independent Flip,17786.2500,NA,6.70450000000000,6.99390000000000,0.32280000000000,1.90200000000000,5.8639,17779.8819,6.6909,6.3681,0.3228,6.3453,1.9248,1.9170,0.0078,-0.6266,17779.8819,NA,NA,NA
MegaProject.exe,13848,0x1F4D621B830,DXGI,1,0,0,Hardware Composed: Independent Flip,17794.1696,NA,7.91960000000000,6.96120000000000,0.29450000000000,1.91300000000000,4.9055,17786.5728,7.8913,7.5968,0.2945,7.5741,1.9357,1.9247,0.0110,-0.2703,17786.5728,NA,NA,NA
MegaProject.exe,13848,0x1F4D621B830,DXGI,1,0,0,Hardware Composed: Independent Flip,17800.1244,NA,5.95480000000000,6.93810000000000,0.30140000000000,1.84410000000000,5.8888,17794.4641,5.9617,5.6603,0.3014,5.6197,1.8847,1.8802,0.0045,0.9532,17794.4641,NA,NA,NA
MegaProject.exe,13848,0x1F4D621B830,DXGI,1,0,0,Hardware Composed: Independent Flip,17807.7577,NA,7.63330000000000,6.93910000000000,0.35180000000000,1.90810000000000,5.1946,17800.4258,7.6837,7.3319,0.3518,7.3061,1.9339,1.9257,0.0082,-0.9774,17800.4258,NA,NA,NA
MegaProject.exe,13848,0x1F4D621B830,DXGI,1,0,0,Hardware Composed: Independent Flip,17814.0296,NA,6.27190000000000,6.95300000000000,0.30930000000000,1.86840000000000,5.8757,17808.1095,6.2294,5.9201,0.3093,5.8999,1.8886,1.8817,0.0069,0.7307,17808.1095,NA,NA,NA
MegaProject.exe,13848,0x1F4D621B830,DXGI,1,0,0,Hardware Composed: Independent Flip,17821.0372,NA,7.00760000000000,6.94000000000000,0.31540000000000,1.87300000000000,5.8081,17814.3389,7.0137,6.6983,0.3154,6.6821,1.8892,1.8833,0.0059,-0.7106,17814.3389,NA,NA,NA
MegaProject.exe,13848,0x1F4D621B830,DXGI,1,0,0,Hardware Composed: Independent Flip,17828.7493,NA,7.71210000000000,6.94210000000000,0.31050000000000,1.89490000000000,5.0381,17821.3526,7.7072,7.3967,0.3105,7.3748,1.9168,1.9092,0.0076,0.0716,17821.3526,NA,NA,NA
MegaProject.exe,13848,0x1F4D621B830,DXGI,1,0,0,Hardware Composed: Independent Flip,17834.8584,NA,6.10910000000000,7.08140000000000,0.30710000000000,2.10260000000000,6.0104,17829.0598,6.1057,5.7986,0.3071,5.7571,2.1441,2.1375,0.0066,0.6258,17829.0598,NA,NA,NA
MegaProject.exe,13848,0x1F4D621B830,DXGI,1,0,0,Hardware Composed: Independent Flip,17842.2581,NA,7.39970000000000,6.93600000000000,0.30490000000000,2.28350000000000,5.5467,17835.1655,7.3975,7.0926,0.3049,7.0761,2.3000,2.2879,0.0121,-0.8303,17835.1655,NA,NA,NA
MegaProject.exe,13848,0x1F4D621B830,DXGI,1,0,0,Hardware Composed: Independent Flip,17849.7878,NA,7.52970000000000,6.88110000000000,0.41680000000000,2.22990000000000,4.8981,17842.5630,7.6416,7.2248,0.4168,7.2053,2.2494,2.2405,0.0089,0.5164,17842.5630,NA,NA,NA
MegaProject.exe,13848,0x1F4D621B830,DXGI,1,0,0,Hardware Composed: Independent Flip,17855.8440,NA,6.05620000000000,6.88910000000000,0.36300000000000,2.18890000000000,5.7310,17850.2046,6.0024,5.6394,0.3630,5.6123,2.2160,2.2031,0.0129,0.7525,17850.2046,NA,NA,NA
MegaProject.exe,13848,0x1F4D621B830,DXGI,1,0,0,Hardware Composed: Independent Flip,17863.5178,NA,7.67380000000000,6.91910000000000,0.38100000000000,2.31980000000000,4.9763,17856.2070,7.6918,7.3108,0.3810,7.2746,2.3560,2.3460,0.0100,-0.9167,17856.2070,NA,NA,NA
MegaProject.exe,13848,0x1F4D621B830,DXGI,1,0,0,Hardware Composed: Independent Flip,17869.9230,NA,6.40520000000000,6.97460000000000,0.32320000000000,1.81390000000000,5.5457,17863.8988,6.3474,6.0242,0.3232,5.9937,1.8444,1.8396,0.0048,0.7172,17863.8988,NA,NA,NA
MegaProject.exe,13848,0x1F4D621B830,DXGI,1,0,0,Hardware Composed: Independent Flip,17876.7330,NA,6.81000000000000,6.93770000000000,0.32270000000000,1.90040000000000,5.6734,17870.2462,6.8095,6.4868,0.3227,6.4642,1.9230,1.9133,0.0097,-0.5903,17870.2462,NA,NA,NA
MegaProject.exe,13848,0x1F4D621B830,DXGI,1,0,0,Hardware Composed: Independent Flip,17884.4190,NA,7.68600000000000,6.95490000000000,0.27670000000000,1.96110000000000,4.9423,17877.0557,7.6400,7.3633,0.2767,7.3411,1.9833,1.9723,0.0110,-0.1454,17877.0557,NA,NA,NA
MegaProject.exe,13848,0x1F4D621B830,DXGI,1,0,0,Hardware Composed: Independent Flip,17890.3499,NA,5.93090000000000,6.99730000000000,0.31510000000000,1.87260000000000,6.0087,17884.6957,5.9693,5.6542,0.3151,5.6375,1.8893,1.8850,0.0043,0.6427,17884.6957,NA,NA,NA
MegaProject.exe,13848,0x1F4D621B830,DXGI,1,0,0,Hardware Composed: Independent Flip,17898.1718,NA,7.82190000000000,6.95720000000000,0.31460000000000,2.15650000000000,5.1440,17890.6650,7.8214,7.5068,0.3146,7.4824,2.1809,2.1686,0.0123,-0.9879,17890.6650,NA,NA,NA
MegaProject.exe,13848,0x1F4D621B830,DXGI,1,0,0,Hardware Composed: Independent Flip,17904.3547,NA,6.18290000000000,6.99310000000000,0.30760000000000,2.02390000000000,5.9542,17898.4864,6.1759,5.8683,0.3076,5.8459,2.0463,2.0345,0.0118,0.8283,17898.4864,NA,NA,NA
MegaProject.exe,13848,0x1F4D621B830,DXGI,1,0,0,Hardware Composed: Independent Flip,17911.4128,NA,7.05810000000000,6.91430000000000,0.29350000000000,2.20130000000000,5.8104,17904.6623,7.0440,6.7505,0.2935,6.7125,2.2393,2.2312,0.0081,-0.7384,17904.6623,NA,NA,NA
MegaProject.exe,13848,0x1F4D621B830,DXGI,1,0,0,Hardware Composed: Independent Flip,17919.4324,NA,8.01960000000000,6.86570000000000,0.45630000000000,2.19750000000000,4.6565,17911.7063,8.1824,7.7261,0.4563,7.6951,2.2285,2.2149,0.0136,0.1783,17911.7063,NA,NA,NA
MegaProject.exe,13848,0x1F4D621B830,DXGI,1,0,0,Hardware Composed: Independent Flip,17925.4319,NA,5.99950000000000,7.05900000000000,0.50720000000000,2.32050000000000,5.7160,17919.8887,6.0504,5.5432,0.5072,5.5131,2.3506,2.3378,0.0128,1.1234,17919.8887,NA,NA,NA
MegaProject.exe,13848,0x1F4D621B830,DXGI,1,0,0,Hardware Composed: Independent Flip,17933.3910,NA,7.95910000000000,6.90140000000000,0.35130000000000,2.36200000000000,4.6583,17925.9391,7.8032,7.4519,0.3513,7.4326,2.3813,2.3693,0.0120,-0.8510,17925.9391,NA,NA,NA
MegaProject.exe,13848,0x1F4D621B830,DXGI,1,0,0,Hardware Composed: Independent Flip,17939.1202,NA,5.72920000000000,6.91970000000000,0.30980000000000,2.40960000000000,5.8488,17933.7423,5.6877,5.3779,0.3098,5.3601,2.4274,2.4199,0.0075,0.8835,17933.7423,NA,NA,NA
MegaProject.exe,13848,0x1F4D621B830,DXGI,1,0,0,Hardware Composed: Independent Flip,17946.0921,NA,6.97190000000000,7.01300000000000,0.29140000000000,2.31000000000000,5.8899,17939.4300,6.9535,6.6621,0.2914,6.6395,2.3326,2.3208,0.0118,-1.3253,17939.4300,NA,NA,NA
MegaProject.exe,13848,0x1F4D621B830,DXGI,1,0,0,Hardware Composed: Independent Flip,17953.7557,NA,7.66360000000000,6.94320000000000,0.36980000000000,2.27160000000000,5.1695,17946.3835,7.7420,7.3722,0.3698,7.3271,2.3167,2.3045,0.0122,0.0103,17946.3835,NA,NA,NA
MegaProject.exe,13848,0x1F4D621B830,DXGI,1,0,0,Hardware Composed: Independent Flip,17960.0567,NA,6.30100000000000,6.89750000000000,0.30980000000000,2.43530000000000,5.7660,17954.1255,6.2410,5.9312,0.3098,5.9160,2.4505,2.4431,0.0074,0.8445,17954.1255,NA,NA,NA
MegaProject.exe,13848,0x1F4D621B830,DXGI,1,0,0,Hardware Composed: Independent Flip,17967.0779,NA,7.02120000000000,6.87110000000000,0.42420000000000,2.17410000000000,5.6159,17960.3665,7.1356,6.7114,0.4242,6.6830,2.2025,2.1867,0.0158,-0.6301,17960.3665,NA,NA,NA
MegaProject.exe,13848,0x1F4D621B830,DXGI,1,0,0,Hardware Composed: Independent Flip,17974.8211,NA,7.74320000000000,6.95010000000000,0.44050000000000,1.85930000000000,4.8228,17967.5021,7.7595,7.3190,0.4405,7.3014,1.8769,1.8723,0.0046,0.1855,17967.5021,NA,NA,NA
MegaProject.exe,13848,0x1F4D621B830,DXGI,1,0,0,Hardware Composed: Independent Flip,17980.9480,NA,6.12690000000000,6.94840000000000,0.40560000000000,1.88780000000000,5.6443,17975.2616,6.0920,5.6864,0.4056,5.6677,1.9065,1.9022,0.0043,0.8111,17975.2616,NA,NA,NA
MegaProject.exe,13848,0x1F4D621B830,DXGI,1,0,0,Hardware Composed: Independent Flip,17988.5955,NA,7.64750000000000,6.94470000000000,0.47880000000000,2.04520000000000,4.9415,17981.3536,7.7207,7.2419,0.4788,7.2165,2.0706,2.0617,0.0089,-0.8527,17981.3536,NA,NA,NA
MegaProject.exe,13848,0x1F4D621B830,DXGI,1,0,0,Hardware Composed: Independent Flip,17994.8371,NA,6.24160000000000,6.93670000000000,0.35830000000000,2.00950000000000,5.6366,17989.0743,6.1211,5.7628,0.3583,5.7231,2.0492,2.0413,0.0079,0.7840,17989.0743,NA,NA,NA
MegaProject.exe,13848,0x1F4D621B830,DXGI,1,0,0,Hardware Composed: Independent Flip,18001.6640,NA,6.82690000000000,6.95080000000000,0.25230000000000,1.98740000000000,5.7605,17995.1954,6.7209,6.4686,0.2523,6.4515,2.0045,2.0005,0.0040,-0.8297,17995.1954,NA,NA,NA
MegaProject.exe,13848,0x1F4D621B830,DXGI,1,0,0,Hardware Composed: Independent Flip,18009.4939,NA,7.82990000000000,6.88690000000000,0.42150000000000,1.96650000000000,4.8175,18001.9163,7.9991,7.5776,0.4215,7.5521,1.9920,1.9871,0.0049,-0.1660,18001.9163,NA,NA,NA
MegaProject.exe,13848,0x1F4D621B830,DXGI,1,0,0,Hardware Composed: Independent Flip,18015.4184,NA,5.92450000000000,7.00310000000000,0.32920000000000,1.97340000000000,5.8961,18009.9154,5.8322,5.5030,0.3292,5.4789,1.9975,1.9899,0.0076,0.9960,18009.9154,NA,NA,NA
MegaProject.exe,13848,0x1F4D621B830,DXGI,1,0,0,Hardware Composed: Independent Flip,18023.0908,NA,7.67240000000000,6.95340000000000,0.32010000000000,2.03840000000000,5.1771,18015.7476,7.6633,7.3432,0.3201,7.3258,2.0558,2.0442,0.0116,-1.1212,18015.7476,NA,NA,NA
MegaProject.exe,13848,0x1F4D621B830,DXGI,1,0,0,Hardware Composed: Independent Flip,18029.3846,NA,6.29380000000000,6.92120000000000,0.31990000000000,1.97650000000000,5.8045,18023.4109,6.2936,5.9737,0.3199,5.9566,1.9936,1.9861,0.0075,0.7421,18023.4109,NA,NA,NA
MegaProject.exe,13848,0x1F4D621B830,DXGI,1,0,0,Hardware Composed: Independent Flip,18036.2775,NA,6.89290000000000,7.03050000000000,0.24890000000000,2.20000000000000,5.9421,18029.7045,6.8219,6.5730,0.2489,6.5498,2.2232,2.2094,0.0138,-0.7369,18029.7045,NA,NA,NA
MegaProject.exe,13848,0x1F4D621B830,DXGI,1,0,0,Hardware Composed: Independent Flip,18043.9839,NA,7.70640000000000,6.95510000000000,0.26420000000000,2.24900000000000,5.1908,18036.5264,7.7217,7.4575,0.2642,7.4329,2.2736,2.2623,0.0113,-0.1332,18036.5264,NA,NA,NA
MegaProject.exe,13848,0x1F4D621B830,DXGI,1,0,0,Hardware Composed: Independent Flip,18050.2272,NA,6.24330000000000,6.99090000000000,0.29950000000000,2.42490000000000,5.9384,18044.2481,6.2786,5.9791,0.2995,5.9488,2.4552,2.4457,0.0095,0.7308,18044.2481,NA,NA,NA
MegaProject.exe,13848,0x1F4D621B830,DXGI,1,0,0,Hardware Composed: Independent Flip,18058.1778,NA,7.95060000000000,6.90020000000000,0.30720000000000,2.29420000000000,4.8880,18050.5267,7.9583,7.6511,0.3072,7.6250,2.3203,2.3086,0.0117,-0.6216,18050.5267,NA,NA,NA
MegaProject.exe,13848,0x1F4D621B830,DXGI,1,0,0,Hardware Composed: Independent Flip,18064.5629,NA,6.38510000000000,6.93540000000000,0.37770000000000,2.17730000000000,5.4383,18058.4850,6.4556,6.0779,0.3777,6.0174,2.2378,2.2037,0.0341,1.0229,18058.4850,NA,NA,NA
MegaProject.exe,13848,0x1F4D621B830,DXGI,1,0,0,Hardware Composed: Independent Flip,18071.1676,NA,6.60470000000000,6.95830000000000,0.30060000000000,2.12970000000000,5.7919,18064.9406,6.5276,6.2270,0.3006,6.2077,2.1490,2.1395,0.0095,-0.5027,18064.9406,NA,NA,NA
MegaProject.exe,13848,0x1F4D621B830,DXGI,1,0,0,Hardware Composed: Independent Flip,18079.5594,NA,8.39180000000000,6.84210000000000,0.52600000000000,2.27600000000000,4.2422,18071.4682,8.6172,8.0912,0.5260,8.0546,2.3126,2.2994,0.0132,-0.3145,18071.4682,NA,NA,NA
MegaProject.exe,13848,0x1F4D621B830,DXGI,1,0,0,Hardware Composed: Independent Flip,18085.3548,NA,5.79540000000000,6.96320000000000,0.37280000000000,1.93840000000000,5.4100,18080.0854,5.6422,5.2694,0.3728,5.2475,1.9603,1.9535,0.0068,1.6540,18080.0854,NA,NA,NA
MegaProject.exe,13848,0x1F4D621B830,DXGI,1,0,0,Hardware Composed: Independent Flip,18093.0801,NA,7.72530000000000,7.01300000000000,0.37400000000000,2.14290000000000,4.6977,18085.7276,7.7265,7.3525,0.3740,7.3263,2.1691,2.1562,0.0129,-1.3708,18085.7276,NA,NA,NA
MegaProject.exe,13848,0x1F4D621B830,DXGI,1,0,0,Hardware Composed: Independent Flip,18099.0404,NA,5.96030000000000,6.93380000000000,0.31940000000000,2.33620000000000,5.6712,18093.4541,5.9057,5.5863,0.3194,5.5685,2.3540,2.3465,0.0075,0.7927,18093.4541,NA,NA,NA
MegaProject.exe,13848,0x1F4D621B830,DXGI,1,0,0,Hardware Composed: Independent Flip,18105.8607,NA,6.82030000000000,6.88520000000000,0.32770000000000,2.20110000000000,5.7361,18099.3598,6.8286,6.5009,0.3277,6.4759,2.2261,2.2138,0.0123,-0.9795,18099.3598,NA,NA,NA
MegaProject.exe,13848,0x1F4D621B830,DXGI,1,0,0,Hardware Composed: Independent Flip,18113.4898,NA,7.62910000000000,6.95120000000000,0.31510000000000,2.29700000000000,5.0582,18106.1884,7.6165,7.3014,0.3151,7.2849,2.3135,2.3036,0.0099,-0.1226,18106.1884,NA,NA,NA
MegaProject.exe,13848,0x1F4D621B830,DXGI,1,0,0,Hardware Composed: Independent Flip,18119.6729,NA,6.18310000000000,7.07570000000000,0.29540000000000,2.43430000000000,5.9508,18113.8049,6.1634,5.8680,0.2954,5.8509,2.4514,2.4432,0.0082,0.5408,18113.8049,NA,NA,NA
MegaProject.exe,13848,0x1F4D621B830,DXGI,1,0,0,Hardware Composed: Independent Flip,18126.8350,NA,7.16210000000000,6.93170000000000,0.30670000000000,2.31650000000000,5.7204,18119.9683,7.1734,6.8667,0.3067,6.8442,2.3390,2.3272,0.0118,-0.7683,18119.9683,NA,NA,NA
MegaProject.exe,13848,0x1F4D621B830,DXGI,1,0,0,Hardware Composed: Independent Flip,18134.4080,NA,7.57300000000000,6.95150000000000,0.28540000000000,2.39560000000000,5.0989,18127.1417,7.5517,7.2663,0.2854,7.2432,2.4187,2.4069,0.0118,0.2219,18127.1417,NA,NA,NA
MegaProject.exe,13848,0x1F4D621B830,DXGI,1,0,0,Hardware Composed: Independent Flip,18140.6072,NA,6.19920000000000,6.94060000000000,0.30560000000000,2.41090000000000,5.8403,18134.6934,6.2194,5.9138,0.3056,5.8969,2.4278,2.4198,0.0080,0.6111,18134.6934,NA,NA,NA
MegaProject.exe,13848,0x1F4D621B830,DXGI,1,0,0,Hardware Composed: Independent Flip,18148.4073,NA,7.80010000000000,6.82160000000000,0.31310000000000,2.26060000000000,4.8618,18140.9128,7.8076,7.4945,0.3131,7.4543,2.3008,2.2902,0.0106,-0.6022,18140.9128,NA,NA,NA
MegaProject.exe,13848,0x1F4D621B830,DXGI,1,0,0,Hardware Composed: Independent Flip,18154.4102,NA,6.00290000000000,6.94450000000000,0.37860000000000,1.81800000000000,5.8034,18148.7204,6.0684,5.6898,0.3786,5.6659,1.8419,1.8338,0.0081,0.8631,18148.7204,NA,NA,NA
MegaProject.exe,13848,0x1F4D621B830,DXGI,1,0,0,Hardware Composed: Independent Flip,18161.1374,NA,6.72720000000000,7.06440000000000,0.23810000000000,1.87950000000000,6.1406,18154.7888,6.5867,6.3486,0.2381,6.3321,1.8960,1.8902,0.0058,-0.9960,18154.7888,NA,NA,NA
MegaProject.exe,13848,0x1F4D621B830,DXGI,1,0,0,Hardware Composed: Independent Flip,18169.3598,NA,8.22240000000000,6.92250000000000,0.44380000000000,2.29150000000000,4.8407,18161.3755,8.4281,7.9843,0.4438,7.9571,2.3187,2.3058,0.0129,-0.3358,18161.3755,NA,NA,NA
MegaProject.exe,13848,0x1F4D621B830,DXGI,1,0,0,Hardware Composed: Independent Flip,18175.3698,NA,6.01000000000000,6.97790000000000,0.30730000000000,2.19630000000000,5.8086,18169.8036,5.8735,5.5662,0.3073,5.5438,2.2187,2.2084,0.0103,1.4502,18169.8036,NA,NA,NA
MegaProject.exe,13848,0x1F4D621B830,DXGI,1,0,0,Hardware Composed: Independent Flip,18183.0337,NA,7.66390000000000,6.93410000000000,0.30050000000000,2.07950000000000,5.0788,18175.6771,7.6571,7.3566,0.3005,7.3310,2.1051,2.0898,0.0153,-1.0606,18175.6771,NA,NA,NA
MegaProject.exe,13848,0x1F4D621B830,DXGI,1,0,0,Hardware Composed: Independent Flip,18189.3916,NA,6.35790000000000,6.88500000000000,0.40320000000000,2.07930000000000,5.6059,18183.3342,6.4606,6.0574,0.4032,6.0381,2.0986,2.0908,0.0078,0.7721,18183.3342,NA,NA,NA
MegaProject.exe,13848,0x1F4D621B830,DXGI,1,0,0,Hardware Composed: Independent Flip,18196.2747,NA,6.88310000000000,6.97460000000000,0.41330000000000,2.59600000000000,5.6974,18189.7948,6.8932,6.4799,0.4133,6.4550,2.6209,2.6106,0.0103,-0.5140,18189.7948,NA,NA,NA
MegaProject.exe,13848,0x1F4D621B830,DXGI,1,0,0,Hardware Composed: Independent Flip,18204.0086,NA,7.73390000000000,6.94440000000000,0.32520000000000,2.17830000000000,4.9079,18196.6880,7.6458,7.3206,0.3252,7.3019,2.1970,2.1841,0.0129,-0.0512,18196.6880,NA,NA,NA
MegaProject.exe,13848,0x1F4D621B830,DXGI,1,0,0,Hardware Composed: Independent Flip,18210.1221,NA,6.11350000000000,6.94800000000000,0.32470000000000,2.30230000000000,5.7424,18204.3338,6.1130,5.7883,0.3247,5.7705,2.3201,2.3125,0.0076,0.6978,18204.3338,NA,NA,NA
MegaProject.exe,13848,0x1F4D621B830,DXGI,1,0,0,Hardware Composed: Independent Flip,18217.4538,NA,7.33170000000000,6.93020000000000,0.40920000000000,2.14640000000000,5.3409,18210.4468,7.4162,7.0070,0.4092,6.9822,2.1712,2.1573,0.0139,-0.8172,18210.4468,NA,NA,NA
MegaProject.exe,13848,0x1F4D621B830,DXGI,1,0,0,Hardware Composed: Independent Flip,18223.7219,NA,6.26810000000000,6.98870000000000,0.38770000000000,2.10860000000000,6.0615,18217.8630,6.2466,5.8589,0.3877,5.8427,2.1248,2.1145,0.0103,0.4275,18217.8630,NA,NA,NA
MegaProject.exe,13848,0x1F4D621B830,DXGI,1,0,0,Hardware Composed: Independent Flip,18230.9144,NA,7.19250000000000,6.93170000000000,0.34120000000000,2.23710000000000,5.8007,18224.1096,7.1460,6.8048,0.3412,6.7873,2.2546,2.2450,0.0096,-0.6851,18224.1096,NA,NA,NA
MegaProject.exe,13848,0x1F4D621B830,DXGI,1,0,0,Hardware Composed: Independent Flip,18238.5286,NA,7.61420000000000,6.95890000000000,0.33420000000000,2.26920000000000,5.1454,18231.2556,7.6072,7.2730,0.3342,7.2251,2.3171,2.3049,0.0122,0.1871,18231.2556,NA,NA,NA
MegaProject.exe,13848,0x1F4D621B830,DXGI,1,0,0,Hardware Composed: Independent Flip,18244.7057,NA,6.17710000000000,6.95680000000000,0.32330000000000,2.18550000000000,5.9251,18238.8628,6.1662,5.8429,0.3233,5.8262,2.2022,2.1932,0.0090,0.6504,18238.8628,NA,NA,NA
MegaProject.exe,13848,0x1F4D621B830,DXGI,1,0,0,Hardware Composed: Independent Flip,18251.7366,NA,7.03090000000000,6.94090000000000,0.28900000000000,2.21310000000000,5.8351,18245.0290,6.9966,6.7076,0.2890,6.6855,2.2352,2.2257,0.0095,-0.7747,18245.0290,NA,NA,NA
MegaProject.exe,13848,0x1F4D621B830,DXGI,1,0,0,Hardware Composed: Independent Flip,18259.4524,NA,7.71580000000000,6.93280000000000,0.43540000000000,2.23470000000000,5.0521,18252.0256,7.8622,7.4268,0.4354,7.3775,2.2840,2.2719,0.0121,0.0638,18252.0256,NA,NA,NA
MegaProject.exe,13848,0x1F4D621B830,DXGI,1,0,0,Hardware Composed: Independent Flip,18265.5758,NA,6.12340000000000,6.95940000000000,0.30380000000000,2.25030000000000,5.8881,18259.8878,5.9918,5.6880,0.3038,5.6702,2.2681,2.2542,0.0139,0.9028,18259.8878,NA,NA,NA
MegaProject.exe,13848,0x1F4D621B830,DXGI,1,0,0,Hardware Composed: Independent Flip,18273.2608,NA,7.68500000000000,6.89180000000000,0.31920000000000,2.06870000000000,5.0949,18265.8796,7.7004,7.3812,0.3192,7.3659,2.0840,2.0726,0.0114,-0.9000,18265.8796,NA,NA,NA
MegaProject.exe,13848,0x1F4D621B830,DXGI,1,0,0,Hardware Composed: Independent Flip,18279.3680,NA,6.10720000000000,6.86660000000000,0.33610000000000,2.19890000000000,5.8543,18273.5800,6.1241,5.7880,0.3361,5.7669,2.2200,2.2083,0.0117,0.8338,18273.5800,NA,NA,NA
MegaProject.exe,13848,0x1F4D621B830,DXGI,1,0,0,Hardware Composed: Independent Flip,18286.3287,NA,6.96070000000000,6.96880000000000,0.30000000000000,2.13470000000000,5.8624,18279.7041,6.9246,6.6246,0.3000,6.6061,2.1532,2.1401,0.0131,-0.8447,18279.7041,NA,NA,NA
MegaProject.exe,13848,0x1F4D621B830,DXGI,1,0,0,Hardware Composed: Independent Flip,18294.2466,NA,7.91790000000000,6.89150000000000,0.41990000000000,2.14940000000000,4.8360,18286.6287,8.0378,7.6179,0.4199,7.5964,2.1709,2.1426,0.0283,0.0331,18286.6287,NA,NA,NA
MegaProject.exe,13848,0x1F4D621B830,DXGI,1,0,0,Hardware Composed: Independent Flip,18300.4445,NA,6.19790000000000,6.98580000000000,0.31950000000000,1.82980000000000,5.6239,18294.6665,6.0975,5.7780,0.3195,5.7586,1.8492,1.8288,0.0204,1.0520,18294.6665,NA,NA,NA
MegaProject.exe,13848,0x1F4D621B830,DXGI,1,0,0,Hardware Composed: Independent Flip,18308.0664,NA,7.62190000000000,6.93800000000000,0.34520000000000,1.89460000000000,4.9400,18300.7640,7.6476,7.3024,0.3452,7.2784,1.9186,1.9130,0.0056,-0.8405,18300.7640,NA,NA,NA
MegaProject.exe,13848,0x1F4D621B830,DXGI,1,0,0,Hardware Composed: Independent Flip,18314.6827,NA,6.61630000000000,6.93900000000000,0.30090000000000,1.87070000000000,5.2627,18308.4116,6.5720,6.2711,0.3009,6.2517,1.8901,1.8821,0.0080,0.7086,18308.4116,NA,NA,NA
MegaProject.exe,13848,0x1F4D621B830,DXGI,1,0,0,Hardware Composed: Independent Flip,18321.1370,NA,6.45430000000000,6.89140000000000,0.32120000000000,1.80240000000000,5.6998,18314.9836,6.4746,6.1534,0.3212,6.1297,1.8261,1.8163,0.0098,-0.3194,18314.9836,NA,NA,NA
MegaProject.exe,13848,0x1F4D621B830,DXGI,1,0,0,Hardware Composed: Independent Flip,18328.7746,NA,7.63760000000000,6.94680000000000,0.34230000000000,1.78860000000000,5.0090,18321.4582,7.6587,7.3164,0.3423,7.2921,1.8129,1.8047,0.0082,-0.4722,18321.4582,NA,NA,NA
MegaProject.exe,13848,0x1F4D621B830,DXGI,1,0,0,Hardware Composed: Independent Flip,18334.8197,NA,6.04510000000000,6.99990000000000,0.29490000000000,1.84730000000000,5.9638,18329.1169,5.9977,5.7028,0.2949,5.6865,1.8636,1.8576,0.0060,0.6588,18329.1169,NA,NA,NA
MegaProject.exe,13848,0x1F4D621B830,DXGI,1,0,0,Hardware Composed: Independent Flip,18342.6025,NA,7.78280000000000,6.94260000000000,0.30710000000000,1.86230000000000,5.1236,18335.1146,7.7950,7.4879,0.3071,7.4663,1.8839,1.8767,0.0072,-0.9449,18335.1146,NA,NA,NA
MegaProject.exe,13848,0x1F4D621B830,DXGI,1,0,0,Hardware Composed: Independent Flip,18348.8233,NA,6.22080000000000,6.92630000000000,0.30300000000000,1.86660000000000,5.8291,18342.9096,6.2167,5.9137,0.3030,5.8921,1.8882,1.8809,0.0073,0.8687,18342.9096,NA,NA,NA
MegaProject.exe,13848,0x1F4D621B830,DXGI,1,0,0,Hardware Composed: Independent Flip,18355.5638,NA,6.74050000000000,6.98480000000000,0.28610000000000,1.85650000000000,6.0734,18349.1263,6.7236,6.4375,0.2861,6.4229,1.8711,1.8647,0.0064,-0.7681,18349.1263,NA,NA,NA
MegaProject.exe,13848,0x1F4D621B830,DXGI,1,0,0,Hardware Composed: Independent Flip,18363.4036,NA,7.83980000000000,6.92470000000000,0.32340000000000,1.74500000000000,5.1583,18355.8499,7.8771,7.5537,0.3234,7.5319,1.7668,1.7594,0.0074,-0.2011,18355.8499,NA,NA,NA
MegaProject.exe,13848,0x1F4D621B830,DXGI,1,0,0,Hardware Composed: Independent Flip,18369.5816,NA,6.17800000000000,6.95080000000000,0.31620000000000,1.85920000000000,5.9311,18363.7270,6.1708,5.8546,0.3162,5.8322,1.8816,1.8750,0.0066,0.9263,18363.7270,NA,NA,NA
MegaProject.exe,13848,0x1F4D621B830,DXGI,1,0,0,Hardware Composed: Independent Flip,18376.5278,NA,6.94620000000000,6.95080000000000,0.25390000000000,1.84580000000000,5.9357,18369.8978,6.8839,6.6300,0.2539,6.6126,1.8632,1.8565,0.0067,-0.7800,18369.8978,NA,NA,NA
MegaProject.exe,13848,0x1F4D621B830,DXGI,1,0,0,Hardware Composed: Independent Flip,18384.0884,NA,7.56060000000000,6.90310000000000,0.33320000000000,1.84560000000000,5.2782,18376.7817,7.6399,7.3067,0.3332,7.2845,1.8678,1.8605,0.0073,-0.0192,18376.7817,NA,NA,NA
MegaProject.exe,13848,0x1F4D621B830,DXGI,1,0,0,Hardware Composed: Independent Flip,18390.3601,NA,6.27170000000000,6.94940000000000,0.31380000000000,1.81990000000000,5.9559,18384.4216,6.2523,5.9385,0.3138,5.9141,1.8443,1.8371,0.0072,0.6905,18384.4216,NA,NA,NA
MegaProject.exe,13848,0x1F4D621B830,DXGI,1,0,0,Hardware Composed: Independent Flip,18398.0634,NA,7.70330000000000,6.98760000000000,0.42000000000000,1.89360000000000,5.2402,18390.6739,7.8095,7.3895,0.4200,7.3704,1.9127,1.9004,0.0123,-0.7353,18390.6739,NA,NA,NA
MegaProject.exe,13848,0x1F4D621B830,DXGI,1,0,0,Hardware Composed: Independent Flip,18404.5698,NA,6.50640000000000,6.93230000000000,0.36420000000000,1.78180000000000,5.6661,18398.4834,6.4506,6.0864,0.3642,6.0665,1.8017,1.7976,0.0041,0.8772,18398.4834,NA,NA,NA
MegaProject.exe,13848,0x1F4D621B830,DXGI,1,0,0,Hardware Composed: Independent Flip,18411.5567,NA,6.98690000000000,6.94630000000000,0.31570000000000,1.89880000000000,5.6255,18404.9340,6.9384,6.6227,0.3157,6.5996,1.9219,1.9133,0.0086,-0.4957,18404.9340,NA,NA,NA
MegaProject.exe,13848,0x1F4D621B830,DXGI,1,0,0,Hardware Composed: Independent Flip,18419.3269,NA,7.77020000000000,6.91280000000000,0.33460000000000,1.79560000000000,4.7681,18411.8724,7.7891,7.4545,0.3346,7.4049,1.8452,1.8359,0.0093,0.0256,18411.8724,NA,NA,NA
MegaProject.exe,13848,0x1F4D621B830,DXGI,1,0,0,Hardware Composed: Independent Flip,18425.1781,NA,5.85120000000000,6.96090000000000,0.26570000000000,1.87880000000000,5.8778,18419.6615,5.7823,5.5166,0.2657,5.4972,1.8982,1.8904,0.0078,0.8282,18419.6615,NA,NA,NA
MegaProject.exe,13848,0x1F4D621B830,DXGI,1,0,0,Hardware Composed: Independent Flip,18432.8716,NA,7.69350000000000,6.96600000000000,0.30330000000000,1.82590000000000,5.1503,18425.4438,7.7311,7.4278,0.3033,7.3820,1.8717,1.8615,0.0102,-1.1837,18425.4438,NA,NA,NA
MegaProject.exe,13848,0x1F4D621B830,DXGI,1,0,0,Hardware Composed: Independent Flip,18438.9922,NA,6.12060000000000,6.91420000000000,0.32550000000000,1.79970000000000,5.9439,18433.1749,6.1428,5.8173,0.3255,5.7996,1.8174,1.8095,0.0079,0.8169,18433.1749,NA,NA,NA
MegaProject.exe,13848,0x1F4D621B830,DXGI,1,0,0,Hardware Composed: Independent Flip,18445.9468,NA,6.95460000000000,6.96850000000000,0.28570000000000,1.79440000000000,5.9578,18439.3177,6.9148,6.6291,0.2857,6.6075,1.8160,1.8105,0.0055,-0.8257,18439.3177,NA,NA,NA
MegaProject.exe,13848,0x1F4D621B830,DXGI,1,0,0,Hardware Composed: Independent Flip,18453.5683,NA,7.62150000000000,6.94480000000000,0.32900000000000,1.81400000000000,5.2811,18446.2325,7.6648,7.3358,0.3290,7.3142,1.8356,1.8277,0.0079,-0.0300,18446.2325,NA,NA,NA
MegaProject.exe,13848,0x1F4D621B830,DXGI,1,0,0,Hardware Composed: Independent Flip,18459.9254,NA,6.35710000000000,6.94650000000000,0.32150000000000,1.89600000000000,5.8705,18453.8973,6.3496,6.0281,0.3215,6.0113,1.9128,1.9051,0.0077,0.7183,18453.8973,NA,NA,NA
MegaProject.exe,13848,0x1F4D621B830,DXGI,1,0,0,Hardware Composed: Independent Flip,18467.3872,NA,7.46180000000000,6.94890000000000,0.33120000000000,1.84320000000000,5.3576,18460.2469,7.4715,7.1403,0.3312,7.1215,1.8620,1.8552,0.0068,-0.5993,18460.2469,NA,NA,NA
MegaProject.exe,13848,0x1F4D621B830,DXGI,1,0,0,Hardware Composed: Independent Flip,18473.7447,NA,6.35750000000000,6.94780000000000,0.29970000000000,1.84720000000000,5.9479,18467.7184,6.3260,6.0263,0.2997,6.0047,1.8688,1.8611,0.0077,0.5237,18467.7184,NA,NA,NA
MegaProject.exe,13848,0x1F4D621B830,DXGI,1,0,0,Hardware Composed: Independent Flip,18480.6859,NA,6.94120000000000,6.93890000000000,0.28400000000000,1.92300000000000,5.9456,18474.0444,6.9255,6.6415,0.2840,6.6249,1.9396,1.9313,0.0083,-0.6129,18474.0444,NA,NA,NA
MegaProject.exe,13848,0x1F4D621B830,DXGI,1,0,0,Hardware Composed: Independent Flip,18488.4766,NA,7.79070000000000,6.94220000000000,0.32190000000000,1.86580000000000,5.0971,18480.9699,7.8286,7.5067,0.3219,7.4894,1.8831,1.8771,0.0060,-0.0167,18480.9699,NA,NA,NA
MegaProject.exe,13848,0x1F4D621B830,DXGI,1,0,0,Hardware Composed: Independent Flip,18494.5898,NA,6.11320000000000,6.92870000000000,0.27410000000000,1.83180000000000,5.9126,18488.7985,6.0654,5.7913,0.2741,5.7674,1.8557,1.8475,0.0082,0.8999,18488.7985,NA,NA,NA
MegaProject.exe,13848,0x1F4D621B830,DXGI,1,0,0,Hardware Composed: Independent Flip,18501.6972,NA,7.10740000000000,6.96050000000000,0.39240000000000,1.78280000000000,5.7657,18494.8639,7.2257,6.8333,0.3924,6.8167,1.7994,1.7900,0.0094,-0.8951,18494.8639,NA,NA,NA
MegaProject.exe,13848,0x1F4D621B830,DXGI,1,0,0,Hardware Composed: Independent Flip,18509.4810,NA,7.78380000000000,6.96440000000000,0.33570000000000,1.87140000000000,4.9463,18502.0896,7.7271,7.3914,0.3357,7.3691,1.8937,1.8886,0.0051,0.2613,18502.0896,NA,NA,NA
MegaProject.exe,13848,0x1F4D621B830,DXGI,1,0,0,Hardware Composed: Independent Flip,18515.5359,NA,6.05490000000000,7.03140000000000,0.33970000000000,1.86690000000000,5.9228,18509.8167,6.0589,5.7192,0.3397,5.7015,1.8846,1.8770,0.0076,0.6957,18509.8167,NA,NA,NA
MegaProject.exe,13848,0x1F4D621B830,DXGI,1,0,0,Hardware Composed: Independent Flip,18523.2364,NA,7.70050000000000,6.96540000000000,0.31940000000000,2.21060000000000,5.1877,18515.8756,7.6802,7.3608,0.3194,7.3361,2.2353,2.2234,0.0119,-0.9065,18515.8756,NA,NA,NA
MegaProject.exe,13848,0x1F4D621B830,DXGI,1,0,0,Hardware Composed: Independent Flip,18529.4910,NA,6.25460000000000,6.94850000000000,0.30920000000000,2.30070000000000,5.8816,18523.5558,6.2444,5.9352,0.3092,5.9180,2.3179,2.3100,0.0079,0.7317,18523.5558,NA,NA,NA
MegaProject.exe,13848,0x1F4D621B830,DXGI,1,0,0,Hardware Composed: Independent Flip,18536.5483,NA,7.05730000000000,6.89620000000000,0.31520000000000,2.11170000000000,5.7205,18529.8002,7.0633,6.7481,0.3152,6.7140,2.1458,2.1330,0.0128,-0.6518,18529.8002,NA,NA,NA
MegaProject.exe,13848,0x1F4D621B830,DXGI,1,0,0,Hardware Composed: Independent Flip,18544.1169,NA,7.56860000000000,7.00310000000000,0.33630000000000,2.13640000000000,5.1550,18536.8635,7.5897,7.2534,0.3363,7.2316,2.1582,2.1460,0.0122,0.0602,18536.8635,NA,NA,NA
MegaProject.exe,13848,0x1F4D621B830,DXGI,1,0,0,Hardware Composed: Independent Flip,18550.4123,NA,6.29540000000000,6.93320000000000,0.29820000000000,2.30920000000000,5.7928,18544.4532,6.2573,5.9591,0.2982,5.9428,2.3255,2.3181,0.0074,0.6565,18544.4532,NA,NA,NA
MegaProject.exe,13848,0x1F4D621B830,DXGI,1,0,0,Hardware Composed: Independent Flip,18557.9356,NA,7.52330000000000,6.90740000000000,0.31750000000000,2.16110000000000,5.1769,18550.7105,7.5426,7.2251,0.3175,7.2028,2.1834,2.1715,0.0119,-0.6501,18550.7105,NA,NA,NA
MegaProject.exe,13848,0x1F4D621B830,DXGI,1,0,0,Hardware Composed: Independent Flip,18564.1871,NA,6.25150000000000,6.94130000000000,0.28650000000000,2.07360000000000,5.8667,18558.2531,6.2205,5.9340,0.2865,5.9120,2.0956,2.0844,0.0112,0.6013,18558.2531,NA,NA,NA
MegaProject.exe,13848,0x1F4D621B830,DXGI,1,0,0,Hardware Composed: Independent Flip,18571.0722,NA,6.88510000000000,6.99860000000000,0.28090000000000,2.29880000000000,5.9802,18564.4736,6.8795,6.5986,0.2809,6.5818,2.3156,2.3079,0.0077,-0.7781,18564.4736,NA,NA,NA
MegaProject.exe,13848,0x1F4D621B830,DXGI,1,0,0,Hardware Composed: Independent Flip,18578.9361,NA,7.86390000000000,6.89350000000000,0.34470000000000,2.10710000000000,5.0098,18571.3531,7.9277,7.5830,0.3447,7.5581,2.1320,2.1192,0.0128,-0.0140,18571.3531,NA,NA,NA
MegaProject.exe,13848,0x1F4D621B830,DXGI,1,0,0,Hardware Composed: Independent Flip,18585.0480,NA,6.11190000000000,6.95550000000000,0.44350000000000,2.22240000000000,5.8534,18579.2808,6.2107,5.7672,0.4435,5.7449,2.2447,2.2142,0.0305,0.9722,18579.2808,NA,NA,NA
MegaProject.exe,13848,0x1F4D621B830,DXGI,1,0,0,Hardware Composed: Independent Flip,18592.6190,NA,7.57100000000000,6.85750000000000,0.31620000000000,2.35060000000000,5.1399,18585.4915,7.4437,7.1275,0.3162,7.1113,2.3668,2.3574,0.0094,-0.6468,18585.4915,NA,NA,NA
MegaProject.exe,13848,0x1F4D621B830,DXGI,1,0,0,Hardware Composed: Independent Flip,18599.1142,NA,6.49520000000000,6.93110000000000,0.41600000000000,2.22920000000000,5.5758,18592.9352,6.5950,6.1790,0.4160,6.1564,2.2518,2.2439,0.0079,0.5126,18592.9352,NA,NA,NA
MegaProject.exe,13848,0x1F4D621B830,DXGI,1,0,0,Hardware Composed: Independent Flip,18605.9174,NA,6.80320000000000,7.03300000000000,0.29720000000000,2.08930000000000,5.8056,18599.5302,6.6844,6.3872,0.2972,6.3680,2.1085,2.0958,0.0127,-0.4380,18599.5302,NA,NA,NA
MegaProject.exe,13848,0x1F4D621B830,DXGI,1,0,0,Hardware Composed: Independent Flip,18613.5922,NA,7.67480000000000,6.94400000000000,0.32180000000000,2.09210000000000,5.0748,18606.2146,7.6994,7.3776,0.3218,7.3512,2.1185,2.1010,0.0175,-0.2596,18606.2146,NA,NA,NA
MegaProject.exe,13848,0x1F4D621B830,DXGI,1,0,0,Hardware Composed: Independent Flip,18619.8395,NA,6.24730000000000,6.92660000000000,0.30250000000000,2.09140000000000,5.7541,18613.9140,6.2280,5.9255,0.3025,5.9082,2.1087,2.0988,0.0099,0.7728,18613.9140,NA,NA,NA
MegaProject.exe,13848,0x1F4D621B830,DXGI,1,0,0,Hardware Composed: Independent Flip,18626.7558,NA,6.91630000000000,6.89370000000000,0.28930000000000,2.05730000000000,5.7315,18620.1420,6.9031,6.6138,0.2893,6.5918,2.0793,2.0671,0.0122,-0.6657,18620.1420,NA,NA,NA
MegaProject.exe,13848,0x1F4D621B830,DXGI,1,0,0,Hardware Composed: Independent Flip,18634.1267,NA,7.37090000000000,7.06550000000000,0.32430000000000,2.19050000000000,5.4261,18627.0451,7.4059,7.0816,0.3243,7.0584,2.2137,2.2022,0.0115,-0.1624,18627.0451,NA,NA,NA
MegaProject.exe,13848,0x1F4D621B830,DXGI,1,0,0,Hardware Composed: Independent Flip,18640.6856,NA,6.55890000000000,6.94590000000000,0.29760000000000,2.31030000000000,5.8131,18634.4510,6.5322,6.2346,0.2976,6.2181,2.3268,2.3194,0.0074,0.4600,18634.4510,NA,NA,NA
MegaProject.exe,13848,0x1F4D621B830,DXGI,1,0,0,Hardware Composed: Independent Flip,18648.6239,NA,7.93830000000000,6.90200000000000,0.32420000000000,2.18280000000000,4.7768,18640.9832,7.9649,7.6407,0.3242,7.6161,2.2074,2.1937,0.0137,-0.3698,18640.9832,NA,NA,NA
MegaProject.exe,13848,0x1F4D621B830,DXGI,1,0,0,Hardware Composed: Independent Flip,18654.7814,NA,6.15750000000000,6.93620000000000,0.42800000000000,2.10790000000000,5.5555,18648.9481,6.2613,5.8333,0.4280,5.8116,2.1296,2.1162,0.0134,1.0287,18648.9481,NA,NA,NA
MegaProject.exe,13848,0x1F4D621B830,DXGI,1,0,0,Hardware Composed: Independent Flip,18661.2992,NA,6.51780000000000,6.98350000000000,0.33550000000000,2.05830000000000,6.0212,18655.2094,6.4253,6.0898,0.3355,6.0741,2.0740,2.0636,0.0104,-0.7222,18655.2094,NA,NA,NA
MegaProject.exe,13848,0x1F4D621B830,DXGI,1,0,0,Hardware Composed: Independent Flip,18669.3584,NA,8.05920000000000,6.79080000000000,0.38410000000000,2.19000000000000,4.7528,18661.6347,8.1078,7.7237,0.3841,7.7004,2.2133,2.2009,0.0124,-0.3655,18661.6347,NA,NA,NA
MegaProject.exe,13848,0x1F4D621B830,DXGI,1,0,0,Hardware Composed: Independent Flip,18675.3746,NA,6.01620000000000,6.98970000000000,0.25200000000000,2.03890000000000,5.7263,18669.7425,5.8841,5.6321,0.2520,5.5930,2.0780,2.0702,0.0078,1.1181,18669.7425,NA,NA,NA
MegaProject.exe,13848,0x1F4D621B830,DXGI,1,0,0,Hardware Composed: Independent Flip,18682.9574,NA,7.58280000000000,6.94270000000000,0.30360000000000,1.83560000000000,5.0862,18675.6266,7.6344,7.3308,0.3036,7.3057,1.8607,1.8548,0.0059,-1.0586,18675.6266,NA,NA,NA
MegaProject.exe,13848,0x1F4D621B830,DXGI,1,0,0,Hardware Composed: Independent Flip,18689.1625,NA,6.20510000000000,6.88280000000000,0.30590000000000,1.84690000000000,5.7639,18683.2610,6.2074,5.9015,0.3059,5.8839,1.8645,1.8599,0.0046,0.7516,18683.2610,NA,NA,NA
MegaProject.exe,13848,0x1F4D621B830,DXGI,1,0,0,Hardware Composed: Independent Flip,18695.9753,NA,6.81280000000000,7.00890000000000,0.29480000000000,1.88480000000000,5.9600,18689.4684,6.8017,6.5069,0.2948,6.4838,1.9079,1.8992,0.0087,-0.8015,18689.4684,NA,NA,NA
MegaProject.exe,13848,0x1F4D621B830,DXGI,1,0,0,Hardware Composed: Independent Flip,18704.0757,NA,8.10040000000000,6.94590000000000,0.33000000000000,2.12890000000000,4.8055,18696.2701,8.1356,7.8056,0.3300,7.7812,2.1533,2.1403,0.0130,-0.1442,18696.2701,NA,NA,NA
MegaProject.exe,13848,0x1F4D621B830,DXGI,1,0,0,Hardware Composed: Independent Flip,18710.2375,NA,6.16180000000000,6.91520000000000,0.58260000000000,1.82090000000000,5.5589,18704.4057,6.4144,5.8318,0.5826,5.8091,1.8436,1.8363,0.0073,1.2204,18704.4057,NA,NA,NA
MegaProject.exe,13848,0x1F4D621B830,DXGI,1,0,0,Hardware Composed: Independent Flip,18717.8932,NA,7.65570000000000,6.98100000000000,0.29520000000000,1.85550000000000,4.8842,18710.8201,7.3683,7.0731,0.2952,7.0536,1.8750,1.8666,0.0084,-0.5666,18710.8201,NA,NA,NA
MegaProject.exe,13848,0x1F4D621B830,DXGI,1,0,0,Hardware Composed: Independent Flip,18723.8430,NA,5.94980000000000,6.94310000000000,0.26760000000000,1.85670000000000,5.8775,18718.1884,5.9222,5.6546,0.2676,5.6375,1.8738,1.8648,0.0090,0.4252,18718.1884,NA,NA,NA
MegaProject.exe,13848,0x1F4D621B830,DXGI,1,0,0,Hardware Composed: Independent Flip,18730.9091,NA,7.06610000000000,6.93440000000000,0.23490000000000,1.85030000000000,5.7458,18724.1106,7.0334,6.7985,0.2349,6.7816,1.8672,1.8604,0.0068,-1.0122,18724.1106,NA,NA,NA
MegaProject.exe,13848,0x1F4D621B830,DXGI,1,0,0,Hardware Composed: Independent Flip,18738.4848,NA,7.57570000000000,6.91130000000000,0.26550000000000,1.84410000000000,5.0814,18731.1440,7.6063,7.3408,0.2655,7.2908,1.8941,1.8853,0.0088,0.1221,18731.1440,NA,NA,NA
MegaProject.exe,13848,0x1F4D621B830,DXGI,1,0,0,Hardware Composed: Independent Flip,18744.7510,NA,6.26620000000000,6.98620000000000,0.29760000000000,1.92950000000000,5.8014,18738.7503,6.2983,6.0007,0.2976,5.9575,1.9727,1.9621,0.0106,0.6201,18738.7503,NA,NA,NA
MegaProject.exe,13848,0x1F4D621B830,DXGI,1,0,0,Hardware Composed: Independent Flip,18751.6226,NA,6.87160000000000,6.95760000000000,0.27040000000000,1.86930000000000,5.8874,18745.0486,6.8444,6.5740,0.2704,6.5580,1.8853,1.8802,0.0051,-0.6593,18745.0486,NA,NA,NA
MegaProject.exe,13848,0x1F4D621B830,DXGI,1,0,0,Hardware Composed: Independent Flip,18759.2954,NA,7.67280000000000,6.92610000000000,0.34130000000000,1.85670000000000,5.1407,18751.8930,7.7437,7.4024,0.3413,7.3793,1.8798,1.8728,0.0070,-0.0817,18751.8930,NA,NA,NA
MegaProject.exe,13848,0x1F4D621B830,DXGI,1,0,0,Hardware Composed: Independent Flip,18765.6230,NA,6.32760000000000,6.93930000000000,0.32240000000000,1.85330000000000,5.7524,18759.6367,6.3087,5.9863,0.3224,5.9643,1.8753,1.8687,0.0066,0.8044,18759.6367,NA,NA,NA
MegaProject.exe,13848,0x1F4D621B830,DXGI,1,0,0,Hardware Composed: Independent Flip,18773.2116,NA,7.58860000000000,7.07710000000000,0.30230000000000,2.00980000000000,5.2409,18765.9454,7.5685,7.2662,0.3023,7.2486,2.0274,2.0142,0.0132,-0.7684,18765.9454,NA,NA,NA
MegaProject.exe,13848,0x1F4D621B830,DXGI,1,0,0,Hardware Composed: Independent Flip,18779.7674,NA,6.55580000000000,6.81270000000000,0.32240000000000,2.29860000000000,5.4978,18773.5139,6.5759,6.2535,0.3224,6.2362,2.3159,2.3083,0.0076,0.7558,18773.5139,NA,NA,NA
MegaProject.exe,13848,0x1F4D621B830,DXGI,1,0,0,Hardware Composed: Independent Flip,18786.4722,NA,6.70480000000000,7.07240000000000,0.33860000000000,2.22780000000000,5.8654,18780.0898,6.7210,6.3824,0.3386,6.3591,2.2511,2.2410,0.0101,-0.4965,18780.0898,NA,NA,NA
MegaProject.exe,13848,0x1F4D621B830,DXGI,1,0,0,Hardware Composed: Independent Flip,18794.2608,NA,7.78860000000000,6.96040000000000,0.31350000000000,2.36880000000000,5.0372,18786.8108,7.7635,7.4500,0.3135,7.4336,2.3852,2.3577,0.0275,-0.2394,18786.8108,NA,NA,NA
MegaProject.exe,13848,0x1F4D621B830,DXGI,1,0,0,Hardware Composed: Independent Flip,18800.5648,NA,6.30400000000000,6.88110000000000,0.30070000000000,2.19680000000000,5.6143,18794.5743,6.2912,5.9905,0.3007,5.9501,2.2372,2.2293,0.0079,0.8824,18794.5743,NA,NA,NA
MegaProject.exe,13848,0x1F4D621B830,DXGI,1,0,0,Hardware Composed: Independent Flip,18808.3090,NA,7.74420000000000,6.86480000000000,0.47350000000000,2.10280000000000,4.7349,18800.8655,7.9170,7.4435,0.4735,7.4170,2.1293,2.1001,0.0292,-0.5736,18800.8655,NA,NA,NA
MegaProject.exe,13848,0x1F4D621B830,DXGI,1,0,0,Hardware Composed: Independent Flip,18814.2627,NA,5.95370000000000,6.95820000000000,0.38530000000000,1.80790000000000,5.7394,18808.7825,5.8655,5.4802,0.3853,5.4631,1.8250,1.8178,0.0072,0.9588,18808.7825,NA,NA,NA
MegaProject.exe,13848,0x1F4D621B830,DXGI,1,0,0,Hardware Composed: Independent Flip,18821.2465,NA,6.98380000000000,6.94620000000000,0.25990000000000,1.84280000000000,5.7018,18814.6480,6.8584,6.5985,0.2599,6.5754,1.8659,1.8602,0.0057,-1.0807,18814.6480,NA,NA,NA
MegaProject.exe,13848,0x1F4D621B830,DXGI,1,0,0,Hardware Composed: Independent Flip,18828.7891,NA,7.54260000000000,6.95980000000000,0.40900000000000,1.88660000000000,5.1190,18821.5064,7.6917,7.2827,0.4090,7.2587,1.9106,1.9015,0.0091,-0.1014,18821.5064,NA,NA,NA
MegaProject.exe,13848,0x1F4D621B830,DXGI,1,0,0,Hardware Composed: Independent Flip,18834.9140,NA,6.12490000000000,7.00740000000000,0.26680000000000,2.09630000000000,6.0015,18829.1981,5.9827,5.7159,0.2668,5.6993,2.1129,2.1025,0.0104,0.6843,18829.1981,NA,NA,NA
MegaProject.exe,13848,0x1F4D621B830,DXGI,1,0,0,Hardware Composed: Independent Flip,18842.6425,NA,7.72850000000000,6.92420000000000,0.39940000000000,2.28770000000000,5.1972,18835.1808,7.8611,7.4617,0.3994,7.4441,2.3053,2.2957,0.0096,-0.9415,18835.1808,NA,NA,NA
MegaProject.exe,13848,0x1F4D621B830,DXGI,1,0,0,Hardware Composed: Independent Flip,18849.1913,NA,6.54880000000000,6.95620000000000,0.42860000000000,2.13710000000000,5.6046,18843.0419,6.5780,6.1494,0.4286,6.1252,2.1613,2.1488,0.0125,0.9049,18843.0419,NA,NA,NA
MegaProject.exe,13848,0x1F4D621B830,DXGI,1,0,0,Hardware Composed: Independent Flip,18856.0989,NA,6.90760000000000,7.01910000000000,0.36170000000000,2.28620000000000,5.7161,18849.6199,6.8407,6.4790,0.3617,6.4595,2.3057,2.2947,0.0110,-0.4411,18849.6199,NA,NA,NA
MegaProject.exe,13848,0x1F4D621B830,DXGI,1,0,0,Hardware Composed: Independent Flip,18863.5139,NA,7.41500000000000,6.92870000000000,0.32090000000000,2.11930000000000,5.2298,18856.4606,7.3742,7.0533,0.3209,7.0366,2.1360,2.1280,0.0080,-0.0880,18856.4606,NA,NA,NA
MegaProject.exe,13848,0x1F4D621B830,DXGI,1,0,0,Hardware Composed: Independent Flip,18870.0247,NA,6.51080000000000,6.90280000000000,0.41320000000000,2.10640000000000,5.6218,18863.8348,6.6031,6.1899,0.4132,6.1640,2.1323,2.1195,0.0128,0.4714,18863.8348,NA,NA,NA
MegaProject.exe,13848,0x1F4D621B830,DXGI,1,0,0,Hardware Composed: Independent Flip,18876.7035,NA,6.67880000000000,6.93250000000000,0.33270000000000,2.07840000000000,5.8755,18870.4379,6.5983,6.2656,0.3327,6.2489,2.0951,2.0837,0.0114,-0.3294,18870.4379,NA,NA,NA
MegaProject.exe,13848,0x1F4D621B830,DXGI,1,0,0,Hardware Composed: Independent Flip,18884.1862,NA,7.48270000000000,6.99940000000000,0.32700000000000,2.12070000000000,5.3922,18877.0362,7.4770,7.1500,0.3270,7.1325,2.1382,2.1290,0.0092,-0.4011,18877.0362,NA,NA,NA
MegaProject.exe,13848,0x1F4D621B830,DXGI,1,0,0,Hardware Composed: Independent Flip,18890.9959,NA,6.80970000000000,6.94400000000000,0.31990000000000,2.14570000000000,5.5265,18884.5132,6.8026,6.4827,0.3199,6.4601,2.1683,2.1560,0.0123,0.5330,18884.5132,NA,NA,NA
MegaProject.exe,13848,0x1F4D621B830,DXGI,1,0,0,Hardware Composed: Independent Flip,18898.4943,NA,7.49840000000000,6.93970000000000,0.41680000000000,2.27820000000000,4.9678,18891.3158,7.5953,7.1785,0.4168,7.1547,2.3020,2.2902,0.0118,-0.1371,18891.3158,NA,NA,NA
MegaProject.exe,13848,0x1F4D621B830,DXGI,1,0,0,Hardware Composed: Independent Flip,18904.5966,NA,6.10230000000000,6.88110000000000,0.29520000000000,2.28320000000000,5.7466,18898.9111,5.9807,5.6855,0.2952,5.6463,2.3224,2.3132,0.0092,0.7142,18898.9111,NA,NA,NA
MegaProject.exe,13848,0x1F4D621B830,DXGI,1,0,0,Hardware Composed: Independent Flip,18911.6400,NA,7.04340000000000,7.00940000000000,0.41710000000000,2.11350000000000,5.7126,18904.8918,7.1653,6.7482,0.4171,6.7217,2.1400,2.1272,0.0128,-1.0287,18904.8918,NA,NA,NA
MegaProject.exe,13848,0x1F4D621B830,DXGI,1,0,0,Hardware Composed: Independent Flip,18919.5028,NA,7.86280000000000,6.81170000000000,0.40200000000000,2.45000000000000,4.6615,18912.0571,7.8477,7.4457,0.4020,7.4086,2.4871,2.4593,0.0278,0.3536,18912.0571,NA,NA,NA
MegaProject.exe,13848,0x1F4D621B830,DXGI,1,0,0,Hardware Composed: Independent Flip,18925.4517,NA,5.94890000000000,6.94220000000000,0.33080000000000,1.86140000000000,5.6548,18919.9048,5.8777,5.5469,0.3308,5.5206,1.8877,1.8749,0.0128,0.9055,18919.9048,NA,NA,NA
MegaProject.exe,13848,0x1F4D621B830,DXGI,1,0,0,Hardware Composed: Independent Flip,18933.0101,NA,7.55840000000000,6.96610000000000,0.31140000000000,1.85450000000000,5.0625,18925.7825,7.5390,7.2276,0.3114,7.2037,1.8784,1.8689,0.0095,-1.0884,18925.7825,NA,NA,NA
MegaProject.exe,13848,0x1F4D621B830,DXGI,1,0,0,Hardware Composed: Independent Flip,18939.1639,NA,6.15380000000000,6.92820000000000,0.27020000000000,1.88290000000000,5.8369,18933.3215,6.1126,5.8424,0.2702,5.8192,1.9061,1.8967,0.0094,0.6108,18933.3215,NA,NA,NA
MegaProject.exe,13848,0x1F4D621B830,DXGI,1,0,0,Hardware Composed: Independent Flip,18946.0119,NA,6.84800000000000,6.95810000000000,0.31110000000000,1.83740000000000,5.9470,18939.4341,6.8889,6.5778,0.3111,6.5605,1.8547,1.8490,0.0057,-0.8455,18939.4341,NA,NA,NA
MegaProject.exe,13848,0x1F4D621B830,DXGI,1,0,0,Hardware Composed: Independent Flip,18953.7116,NA,7.69970000000000,7.01740000000000,0.32200000000000,1.83680000000000,5.2647,18946.3230,7.7106,7.3886,0.3220,7.3649,1.8605,1.8531,0.0074,-0.1285,18946.3230,NA,NA,NA
MegaProject.exe,13848,0x1F4D621B830,DXGI,1,0,0,Hardware Composed: Independent Flip,18960.0970,NA,6.38540000000000,6.94140000000000,0.28640000000000,2.08870000000000,5.8207,18954.0336,6.3498,6.0634,0.2864,6.0468,2.1053,2.0954,0.0099,0.7692,18954.0336,NA,NA,NA
MegaProject.exe,13848,0x1F4D621B830,DXGI,1,0,0,Hardware Composed: Independent Flip,18967.6676,NA,7.57060000000000,6.99660000000000,0.32330000000000,2.05240000000000,5.2467,18960.3834,7.6075,7.2842,0.3233,7.2611,2.0755,2.0626,0.0129,-0.6468,18960.3834,NA,NA,NA
MegaProject.exe,13848,0x1F4D621B830,DXGI,1,0,0,Hardware Composed: Independent Flip,18974.0207,NA,6.35310000000000,6.94180000000000,0.30160000000000,2.06790000000000,5.8354,18967.9909,6.3314,6.0298,0.3016,6.0078,2.0899,2.0780,0.0119,0.6657,18967.9909,NA,NA,NA
MegaProject.exe,13848,0x1F4D621B830,DXGI,1,0,0,Hardware Composed: Independent Flip,18980.9531,NA,6.93240000000000,6.82880000000000,0.24770000000000,1.98630000000000,5.7318,18974.3223,6.8785,6.6308,0.2477,6.6137,2.0034,1.9883,0.0151,-0.4974,18974.3223,NA,NA,NA
MegaProject.exe,13848,0x1F4D621B830,DXGI,1,0,0,Hardware Composed: Independent Flip,18988.4250,NA,7.47190000000000,6.94470000000000,0.33540000000000,1.85370000000000,5.2046,18981.2008,7.5596,7.2242,0.3354,7.2069,1.8710,1.8660,0.0050,-0.0662,18981.2008,NA,NA,NA
MegaProject.exe,13848,0x1F4D621B830,DXGI,1,0,0,Hardware Composed: Independent Flip,18994.6493,NA,6.22430000000000,6.94760000000000,0.24990000000000,1.89910000000000,5.9279,18988.7604,6.1388,5.8889,0.2499,5.8659,1.9221,1.9123,0.0098,0.6120,18988.7604,NA,NA,NA
MegaProject.exe,13848,0x1F4D621B830,DXGI,1,0,0,Hardware Composed: Independent Flip,19001.5664,NA,6.91710000000000,6.93510000000000,0.30350000000000,1.86570000000000,5.9459,18994.8992,6.9707,6.6672,0.3035,6.6450,1.8879,1.8804,0.0075,-0.7963,18994.8992,NA,NA,NA
MegaProject.exe,13848,0x1F4D621B830,DXGI,1,0,0,Hardware Composed: Independent Flip,19009.2039,NA,7.63750000000000,6.94540000000000,0.33290000000000,1.96360000000000,5.2538,19001.8699,7.6669,7.3340,0.3329,7.3148,1.9828,1.9733,0.0095,0.0253,19001.8699,NA,NA,NA
MegaProject.exe,13848,0x1F4D621B830,DXGI,1,0,0,Hardware Composed: Independent Flip,19015.8346,NA,6.63070000000000,7.04300000000000,0.39540000000000,1.90510000000000,5.6661,19009.5368,6.6932,6.2978,0.3954,6.2568,1.9461,1.9333,0.0128,0.6239,19009.5368,NA,NA,NA
MegaProject.exe,13848,0x1F4D621B830,DXGI,1,0,0,Hardware Composed: Independent Flip,19023.9426,NA,8.10800000000000,6.86420000000000,0.39990000000000,1.87740000000000,4.4223,19016.2300,8.1125,7.7126,0.3999,7.6886,1.9014,1.8930,0.0084,-0.1710,19016.2300,NA,NA,NA
MegaProject.exe,13848,0x1F4D621B830,DXGI,1,0,0,Hardware Composed: Independent Flip,19029.9445,NA,6.00190000000000,6.92880000000000,0.39810000000000,1.78770000000000,5.3492,19024.3425,6.0001,5.6020,0.3981,5.5759,1.8138,1.8079,0.0059,1.1837,19024.3425,NA,NA,NA
MegaProject.exe,13848,0x1F4D621B830,DXGI,1,0,0,Hardware Composed: Independent Flip,19036.7576,NA,6.81310000000000,6.95370000000000,0.47680000000000,1.88210000000000,5.4898,19030.3426,6.8918,6.4150,0.4768,6.3932,1.9039,1.8954,0.0085,-0.9536,19030.3426,NA,NA,NA
MegaProject.exe,13848,0x1F4D621B830,DXGI,1,0,0,Hardware Composed: Independent Flip,19044.4907,NA,7.73310000000000,6.95590000000000,0.53350000000000,2.01860000000000,4.7126,19037.2344,7.7898,7.2563,0.5335,7.1980,2.0769,2.0625,0.0144,-0.0641,19037.2344,NA,NA,NA
MegaProject.exe,13848,0x1F4D621B830,DXGI,1,0,0,Hardware Composed: Independent Flip,19050.7612,NA,6.27050000000000,6.94090000000000,0.52530000000000,2.02160000000000,5.3830,19045.0242,6.2623,5.7370,0.5253,5.7129,2.0457,2.0312,0.0145,0.8489,19045.0242,NA,NA,NA
MegaProject.exe,13848,0x1F4D621B830,DXGI,1,0,0,Hardware Composed: Independent Flip,19058.3794,NA,7.61820000000000,6.91630000000000,0.39410000000000,1.84910000000000,4.6811,19051.2865,7.4870,7.0929,0.3941,7.0684,1.8736,1.8642,0.0094,-0.6540,19051.2865,NA,NA,NA
MegaProject.exe,13848,0x1F4D621B830,DXGI,1,0,0,Hardware Composed: Independent Flip,19064.3576,NA,5.97820000000000,6.95320000000000,0.32390000000000,1.81600000000000,5.6561,19058.7735,5.9080,5.5841,0.3239,5.5580,1.8421,1.8296,0.0125,0.5338,19058.7735,NA,NA,NA
MegaProject.exe,13848,0x1F4D621B830,DXGI,1,0,0,Hardware Composed: Independent Flip,19071.1797,NA,6.82210000000000,6.94990000000000,0.51970000000000,1.97910000000000,5.7839,19064.6815,7.0179,6.4982,0.5197,6.4749,2.0024,1.9937,0.0087,-1.0419,19064.6815,NA,NA,NA
MegaProject.exe,13848,0x1F4D621B830,DXGI,1,0,0,Hardware Composed: Independent Flip,19079.1681,NA,7.98840000000000,7.00350000000000,0.42050000000000,2.13680000000000,4.7990,19071.6994,7.8892,7.4687,0.4205,7.4432,2.1623,2.1466,0.0157,0.0144,19071.6994,NA,NA,NA
MegaProject.exe,13848,0x1F4D621B830,DXGI,1,0,0,Hardware Composed: Independent Flip,19085.6381,NA,6.47000000000000,6.90990000000000,0.39940000000000,2.01150000000000,5.2389,19079.5886,6.4489,6.0495,0.3994,6.0147,2.0463,2.0295,0.0168,0.9793,19079.5886,NA,NA,NA
MegaProject.exe,13848,0x1F4D621B830,DXGI,1,0,0,Hardware Composed: Independent Flip,19092.9919,NA,7.35380000000000,6.93770000000000,0.35690000000000,1.80060000000000,4.8228,19086.0375,7.3113,6.9544,0.3569,6.9315,1.8235,1.8113,0.0122,-0.4888,19086.0375,NA,NA,NA
MegaProject.exe,13848,0x1F4D621B830,DXGI,1,0,0,Hardware Composed: Independent Flip,19099.0351,NA,6.04320000000000,6.94000000000000,0.37810000000000,2.00660000000000,5.7196,19093.3488,6.0644,5.6863,0.3781,5.6578,2.0351,2.0230,0.0121,0.3713,19093.3488,NA,NA,NA
MegaProject.exe,13848,0x1F4D621B830,DXGI,1,0,0,Hardware Composed: Independent Flip,19106.0290,NA,6.99390000000000,6.91000000000000,0.40510000000000,2.30780000000000,5.6357,19099.4132,7.0209,6.6158,0.4051,6.5840,2.3396,2.3256,0.0140,-0.8456,19099.4132,NA,NA,NA
MegaProject.exe,13848,0x1F4D621B830,DXGI,1,0,0,Hardware Composed: Independent Flip,19113.5328,NA,7.50380000000000,6.95880000000000,0.60020000000000,1.85490000000000,5.0907,19106.4341,7.6989,7.0987,0.6002,7.0780,1.8756,1.8654,0.0102,0.0621,19106.4341,NA,NA,NA
MegaProject.exe,13848,0x1F4D621B830,DXGI,1,0,0,Hardware Composed: Independent Flip,19119.9215,NA,6.38870000000000,6.95870000000000,0.37260000000000,1.83330000000000,5.6607,19114.1330,6.1611,5.7885,0.3726,5.7640,1.8578,1.8487,0.0091,0.7402,19114.1330,NA,NA,NA
MegaProject.exe,13848,0x1F4D621B830,DXGI,1,0,0,Hardware Composed: Independent Flip,19127.0878,NA,7.16630000000000,6.95840000000000,0.45110000000000,2.53120000000000,5.4528,19120.2941,7.2448,6.7937,0.4511,6.7565,2.5684,2.5537,0.0147,-0.7973,19120.2941,NA,NA,NA
MegaProject.exe,13848,0x1F4D621B830,DXGI,1,0,0,Hardware Composed: Independent Flip,19134.9052,NA,7.81740000000000,13.86160000000000,0.49300000000000,6.68190000000000,11.4970,19127.5389,7.8593,7.3663,0.4930,7.3442,6.7040,6.6967,0.0073,-6.6168,19127.5389,NA,NA,NA
MegaProject.exe,13848,0x1F4D621B830,DXGI,1,0,0,Hardware Composed: Independent Flip,19149.6092,NA,14.70400000000000,13.88190000000000,0.44700000000000,6.04220000000000,10.6749,19135.3982,14.6580,14.2110,0.4470,14.1751,6.0781,6.0643,0.0138,-6.0226,19135.3982,NA,NA,NA
MegaProject.exe,13848,0x1F4D621B830,DXGI,1,0,0,Hardware Composed: Independent Flip,19162.5176,NA,12.90840000000000,13.93180000000000,0.39870000000000,5.94630000000000,11.6983,19150.0562,12.8601,12.4614,0.3987,12.4278,5.9799,5.9654,0.0145,0.7262,19150.0562,NA,NA,NA
MegaProject.exe,13848,0x1F4D621B830,DXGI,1,0,0,Hardware Composed: Independent Flip,19176.9474,NA,14.42980000000000,13.93960000000000,0.48970000000000,6.05300000000000,11.2081,19162.9163,14.5208,14.0311,0.4897,14.0001,6.0840,6.0684,0.0156,-1.0795,19162.9163,NA,NA,NA
MegaProject.exe,13848,0x1F4D621B830,DXGI,1,0,0,Hardware Composed: Independent Flip,19191.5074,NA,14.56000000000000,13.96250000000000,0.49720000000000,6.23100000000000,10.6106,19177.4371,14.5675,14.0703,0.4972,14.0380,6.2633,6.2517,0.0116,0.5583,19177.4371,NA,NA,NA
MegaProject.exe,13848,0x1F4D621B830,DXGI,1,0,0,Hardware Composed: Independent Flip,19205.2763,NA,13.76890000000000,13.82470000000000,0.52170000000000,6.28430000000000,10.6664,19192.0046,13.7934,13.2717,0.5217,13.2428,6.3132,6.3030,0.0102,0.7428,19192.0046,NA,NA,NA
MegaProject.exe,13848,0x1F4D621B830,DXGI,1,0,0,Hardware Composed: Independent Flip,19219.2652,NA,13.98890000000000,13.77060000000000,0.41710000000000,6.91510000000000,10.4481,19205.7980,13.8843,13.4672,0.4171,13.4368,6.9455,6.9139,0.0316,0.0228,19205.7980,NA,NA,NA
MegaProject.exe,13848,0x1F4D621B830,DXGI,1,0,0,Hardware Composed: Independent Flip,19231.9934,NA,12.72820000000000,13.97220000000000,0.40720000000000,5.90410000000000,11.6921,19219.6823,12.7183,12.3111,0.4072,12.2846,5.9306,5.9195,0.0111,-0.0879,19219.6823,NA,NA,NA
MegaProject.exe,13848,0x1F4D621B830,DXGI,1,0,0,Hardware Composed: Independent Flip,19246.7423,NA,14.74890000000000,13.94370000000000,0.38020000000000,5.83430000000000,10.8869,19232.4006,14.7219,14.3417,0.3802,14.3173,5.8587,5.8409,0.0178,-1.2254,19232.4006,NA,NA,NA
MegaProject.exe,13848,0x1F4D621B830,DXGI,1,0,0,Hardware Composed: Independent Flip,19260.8442,NA,14.10190000000000,13.88610000000000,0.52250000000000,7.09120000000000,10.6711,19247.1225,14.2442,13.7217,0.5225,13.6893,7.1236,7.1143,0.0093,0.8358,19247.1225,NA,NA,NA
MegaProject.exe,13848,0x1F4D621B830,DXGI,1,0,0,Hardware Composed: Independent Flip,19274.9619,NA,14.11770000000000,13.84790000000000,0.46430000000000,7.02880000000000,10.4013,19261.3667,14.0595,13.5952,0.4643,13.5612,7.0628,7.0561,0.0067,0.3963,19261.3667,NA,NA,NA
MegaProject.exe,13848,0x1F4D621B830,DXGI,1,0,0,Hardware Composed: Independent Flip,19287.8449,NA,12.88300000000000,13.93370000000000,0.49900000000000,6.34010000000000,11.4520,19275.4262,12.9177,12.4187,0.4990,12.3821,6.3767,6.3632,0.0135,0.1258,19275.4262,NA,NA,NA
MegaProject.exe,13848,0x1F4D621B830,DXGI,1,0,0,Hardware Composed: Independent Flip,19302.6079,NA,14.76300000000000,14.11910000000000,0.60470000000000,6.29370000000000,10.8081,19288.3439,14.8687,14.2640,0.6047,14.2263,6.3314,6.3195,0.0119,-1.2014,19288.3439,NA,NA,NA
MegaProject.exe,13848,0x1F4D621B830,DXGI,1,0,0,Hardware Composed: Independent Flip,19316.9598,NA,14.35190000000000,13.56820000000000,0.57030000000000,6.48720000000000,10.0244,19303.2126,14.3175,13.7472,0.5703,13.7099,6.5245,6.5202,0.0043,1.3005,19303.2126,NA,NA,NA
MegaProject.exe,13848,0x1F4D621B830,DXGI,1,0,0,Hardware Composed: Independent Flip,19330.2888,NA,13.32900000000000,7.07550000000000,0.48240000000000,1.89350000000000,3.7709,19317.5301,13.2411,12.7587,0.4824,12.7307,1.9215,1.9123,0.0092,7.2420,19317.5301,NA,NA,NA
MegaProject.exe,13848,0x1F4D621B830,DXGI,1,0,0,Hardware Composed: Independent Flip,19335.8752,NA,5.58640000000000,6.81650000000000,0.51580000000000,1.83600000000000,5.0010,19330.7712,5.6198,5.1040,0.5158,5.0795,1.8605,1.8550,0.0055,6.4246,19330.7712,NA,NA,NA
MegaProject.exe,13848,0x1F4D621B830,DXGI,1,0,0,Hardware Composed: Independent Flip,19343.2992,NA,7.42400000000000,6.96400000000000,0.33630000000000,1.75550000000000,4.5410,19336.3910,7.2445,6.9082,0.3363,6.8875,1.7762,1.7673,0.0089,-1.3442,19336.3910,NA,NA,NA
MegaProject.exe,13848,0x1F4D621B830,DXGI,1,0,0,Hardware Composed: Independent Flip,19349.6710,NA,6.37180000000000,6.93600000000000,0.47820000000000,1.83310000000000,5.1052,19343.6355,6.5137,6.0355,0.4782,6.0110,1.8576,1.8516,0.0060,0.3085,19343.6355,NA,NA,NA
MegaProject.exe,13848,0x1F4D621B830,DXGI,1,0,0,Hardware Composed: Independent Flip,19356.1494,NA,6.47840000000000,6.94800000000000,0.41910000000000,1.77910000000000,5.5748,19350.1492,6.4193,6.0002,0.4191,5.9667,1.8126,1.8034,0.0092,-0.4343,19350.1492,NA,NA,NA
MegaProject.exe,13848,0x1F4D621B830,DXGI,1,0,0,Hardware Composed: Independent Flip,19363.6277,NA,7.47830000000000,6.95140000000000,0.48220000000000,1.84870000000000,5.0479,19356.5685,7.5414,7.0592,0.4822,7.0375,1.8704,1.8589,0.0115,-0.5321,19356.5685,NA,NA,NA
MegaProject.exe,13848,0x1F4D621B830,DXGI,1,0,0,Hardware Composed: Independent Flip,19370.1338,NA,6.50610000000000,6.94100000000000,0.48870000000000,1.87550000000000,5.4828,19364.1099,6.5126,6.0239,0.4887,5.9971,1.9023,1.8968,0.0055,0.6004,19364.1099,NA,NA,NA
MegaProject.exe,13848,0x1F4D621B830,DXGI,1,0,0,Hardware Composed: Independent Flip,19377.2347,NA,7.10090000000000,6.93740000000000,0.53350000000000,2.08340000000000,5.3193,19370.6225,7.1457,6.6122,0.5335,6.5796,2.1160,2.1095,0.0065,-0.4248,19370.6225,NA,NA,NA
MegaProject.exe,13848,0x1F4D621B830,DXGI,1,0,0,Hardware Composed: Independent Flip,19384.5920,NA,7.35730000000000,6.94830000000000,0.45860000000000,1.84880000000000,4.9103,19377.7682,7.2824,6.8238,0.4586,6.8004,1.8722,1.8631,0.0091,0.1974,19377.7682,NA,NA,NA
MegaProject.exe,13848,0x1F4D621B830,DXGI,1,0,0,Hardware Composed: Independent Flip,19390.6095,NA,6.01750000000000,6.94560000000000,0.30930000000000,1.81160000000000,5.8384,19385.0506,5.8682,5.5589,0.3093,5.5411,1.8294,1.8245,0.0049,0.3368,19385.0506,NA,NA,NA
MegaProject.exe,13848,0x1F4D621B830,DXGI,1,0,0,Hardware Composed: Independent Flip,19398.1589,NA,7.54940000000000,6.94830000000000,0.35740000000000,1.80830000000000,5.2373,19390.9188,7.5975,7.2401,0.3574,7.2157,1.8327,1.8247,0.0080,-1.0801,19390.9188,NA,NA,NA
MegaProject.exe,13848,0x1F4D621B830,DXGI,1,0,0,Hardware Composed: Independent Flip,19404.6172,NA,6.45830000000000,6.93680000000000,0.33470000000000,1.78850000000000,5.7158,19398.5163,6.4356,6.1009,0.3347,6.0463,1.8431,1.8353,0.0078,0.6607,19398.5163,NA,NA,NA
MegaProject.exe,13848,0x1F4D621B830,DXGI,1,0,0,Hardware Composed: Independent Flip,19411.2777,NA,6.66050000000000,6.95640000000000,0.28510000000000,1.81520000000000,6.0117,19404.9519,6.6109,6.3258,0.2851,6.3091,1.8319,1.8271,0.0048,-0.5208,19404.9519,NA,NA,NA
MegaProject.exe,13848,0x1F4D621B830,DXGI,1,0,0,Hardware Composed: Independent Flip,19419.1682,NA,7.89050000000000,7.05470000000000,0.43000000000000,1.79370000000000,5.1759,19411.5628,8.0354,7.6054,0.4300,7.5812,1.8179,1.8094,0.0085,-0.4438,19411.5628,NA,NA,NA
MegaProject.exe,13848,0x1F4D621B830,DXGI,1,0,0,Hardware Composed: Independent Flip,19425.4910,NA,6.32280000000000,6.94360000000000,0.39890000000000,2.15660000000000,5.7967,19419.5982,6.2917,5.8928,0.3989,5.8700,2.1794,2.1679,0.0115,1.0918,19419.5982,NA,NA,NA
MegaProject.exe,13848,0x1F4D621B830,DXGI,1,0,0,Hardware Composed: Independent Flip,19433.3740,NA,7.88300000000000,6.82770000000000,0.29320000000000,2.06460000000000,4.7414,19425.8899,7.7773,7.4841,0.2932,7.4654,2.0833,2.0732,0.0101,-0.5360,19425.8899,NA,NA,NA
MegaProject.exe,13848,0x1F4D621B830,DXGI,1,0,0,Hardware Composed: Independent Flip,19439.6076,NA,6.23360000000000,6.89980000000000,0.43280000000000,2.24490000000000,5.4076,19433.6672,6.3732,5.9404,0.4328,5.9189,2.2664,2.2554,0.0110,0.8775,19433.6672,NA,NA,NA
MegaProject.exe,13848,0x1F4D621B830,DXGI,1,0,0,Hardware Composed: Independent Flip,19446.5668,NA,6.95920000000000,7.12230000000000,0.44920000000000,2.11930000000000,5.5707,19440.0404,6.9756,6.5264,0.4492,6.5068,2.1389,2.1308,0.0081,-0.7491,19440.0404,NA,NA,NA
MegaProject.exe,13848,0x1F4D621B830,DXGI,1,0,0,Hardware Composed: Independent Flip,19454.1901,NA,7.62330000000000,6.82620000000000,0.35260000000000,2.00010000000000,4.7736,19447.0160,7.5267,7.1741,0.3526,7.1486,2.0256,2.0183,0.0073,0.1494,19447.0160,NA,NA,NA
MegaProject.exe,13848,0x1F4D621B830,DXGI,1,0,0,Hardware Composed: Independent Flip,19460.0984,NA,5.90830000000000,6.90820000000000,0.32800000000000,1.86780000000000,5.7735,19454.5427,5.8837,5.5557,0.3280,5.5384,1.8851,1.8659,0.0192,0.6185,19454.5427,NA,NA,NA
MegaProject.exe,13848,0x1F4D621B830,DXGI,1,0,0,Hardware Composed: Independent Flip,19467.9155,NA,7.81710000000000,6.94310000000000,0.40260000000000,1.73760000000000,4.8995,19460.4264,7.8917,7.4891,0.4026,7.4650,1.7617,1.7538,0.0079,-1.0594,19460.4264,NA,NA,NA
MegaProject.exe,13848,0x1F4D621B830,DXGI,1,0,0,Hardware Composed: Independent Flip,19473.8320,NA,5.91650000000000,6.97110000000000,0.31930000000000,1.75140000000000,5.9541,19468.3181,5.8332,5.5139,0.3193,5.4956,1.7697,1.7634,0.0063,0.9206,19468.3181,NA,NA,NA
MegaProject.exe,13848,0x1F4D621B830,DXGI,1,0,0,Hardware Composed: Independent Flip,19480.8813,NA,7.04930000000000,6.94630000000000,0.32670000000000,1.80640000000000,5.8511,19474.1513,7.0567,6.7300,0.3267,6.7124,1.8240,1.8195,0.0045,-1.1131,19474.1513,NA,NA,NA
MegaProject.exe,13848,0x1F4D621B830,DXGI,1,0,0,Hardware Composed: Independent Flip,19488.9073,NA,8.02600000000000,6.95110000000000,0.43040000000000,1.79790000000000,4.7762,19481.2080,8.1297,7.6993,0.4304,7.6740,1.8232,1.8143,0.0089,0.1056,19481.2080,NA,NA,NA
MegaProject.exe,13848,0x1F4D621B830,DXGI,1,0,0,Hardware Composed: Independent Flip,19494.9739,NA,6.06660000000000,6.93890000000000,0.44380000000000,1.75000000000000,5.6485,19489.3377,6.0800,5.6362,0.4438,5.6143,1.7719,1.7635,0.0084,1.1908,19489.3377,NA,NA,NA
MegaProject.exe,13848,0x1F4D621B830,DXGI,1,0,0,Hardware Composed: Independent Flip,19501.8571,NA,6.88320000000000,6.94730000000000,0.32630000000000,1.79840000000000,5.7126,19495.4177,6.7657,6.4394,0.3263,6.4208,1.8170,1.8129,0.0041,-0.8673,19495.4177,NA,NA,NA
MegaProject.exe,13848,0x1F4D621B830,DXGI,1,0,0,Hardware Composed: Independent Flip,19509.4049,NA,7.54780000000000,7.05240000000000,0.43590000000000,2.26790000000000,5.2172,19502.1834,7.6574,7.2215,0.4359,7.1977,2.2917,2.2797,0.0120,-0.2867,19502.1834,NA,NA,NA
MegaProject.exe,13848,0x1F4D621B830,DXGI,1,0,0,Hardware Composed: Independent Flip,19515.9423,NA,6.53740000000000,6.91370000000000,0.34550000000000,1.94700000000000,5.5935,19509.8408,6.4470,6.1015,0.3455,6.0798,1.9687,1.9572,0.0115,0.7437,19509.8408,NA,NA,NA
MegaProject.exe,13848,0x1F4D621B830,DXGI,1,0,0,Hardware Composed: Independent Flip,19523.5540,NA,7.61170000000000,6.94240000000000,0.42130000000000,2.10630000000000,4.9242,19516.2878,7.6875,7.2662,0.4213,7.2473,2.1252,2.1137,0.0115,-0.4954,19516.2878,NA,NA,NA
MegaProject.exe,13848,0x1F4D621B830,DXGI,1,0,0,Hardware Composed: Independent Flip,19529.5687,NA,6.01470000000000,6.91500000000000,0.30070000000000,2.05040000000000,5.8245,19523.9753,5.8941,5.5934,0.3007,5.5676,2.0762,2.0631,0.0131,0.7725,19523.9753,NA,NA,NA
MegaProject.exe,13848,0x1F4D621B830,DXGI,1,0,0,Hardware Composed: Independent Flip,19536.4385,NA,6.86980000000000,6.90650000000000,0.24080000000000,2.12240000000000,5.8612,19529.8694,6.8099,6.5691,0.2408,6.5523,2.1392,2.1261,0.0131,-1.0124,19529.8694,NA,NA,NA
MegaProject.exe,13848,0x1F4D621B830,DXGI,1,0,0,Hardware Composed: Independent Flip,19544.5430,NA,8.10450000000000,6.88570000000000,0.38080000000000,2.09950000000000,4.6424,19536.6793,8.2445,7.8637,0.3808,7.8433,2.1199,2.1094,0.0105,-0.0758,19536.6793,NA,NA,NA
MegaProject.exe,13848,0x1F4D621B830,DXGI,1,0,0,Hardware Composed: Independent Flip,19550.4791,NA,5.93610000000000,7.07170000000000,0.27960000000000,2.04190000000000,5.7780,19544.9238,5.8349,5.5553,0.2796,5.5345,2.0627,2.0537,0.0090,1.1728,19544.9238,NA,NA,NA
MegaProject.exe,13848,0x1F4D621B830,DXGI,1,0,0,Hardware Composed: Independent Flip,19558.2693,NA,7.79020000000000,6.95130000000000,0.27700000000000,2.04490000000000,4.9391,19550.7587,7.7876,7.5106,0.2770,7.4868,2.0687,2.0588,0.0099,-1.1164,19550.7587,NA,NA,NA
MegaProject.exe,13848,0x1F4D621B830,DXGI,1,0,0,Hardware Composed: Independent Flip,19564.3018,NA,6.03250000000000,6.94630000000000,0.24620000000000,2.04700000000000,5.8529,19558.5463,6.0017,5.7555,0.2462,5.7386,2.0639,2.0549,0.0090,0.8413,19558.5463,NA,NA,NA
MegaProject.exe,13848,0x1F4D621B830,DXGI,1,0,0,Hardware Composed: Independent Flip,19571.2628,NA,6.96100000000000,6.93590000000000,0.35830000000000,2.05820000000000,5.8278,19564.5480,7.0731,6.7148,0.3583,6.6892,2.0838,2.0706,0.0132,-0.9342,19564.5480,NA,NA,NA
MegaProject.exe,13848,0x1F4D621B830,DXGI,1,0,0,Hardware Composed: Independent Flip,19578.7917,NA,7.52890000000000,6.92420000000000,0.31270000000000,2.07670000000000,5.2231,19571.6211,7.4833,7.1706,0.3127,7.1435,2.1038,2.0906,0.0132,0.1489,19571.6211,NA,NA,NA
MegaProject.exe,13848,0x1F4D621B830,DXGI,1,0,0,Hardware Composed: Independent Flip,19584.9442,NA,6.15250000000000,6.89050000000000,0.25160000000000,1.99990000000000,5.9611,19579.1044,6.0914,5.8398,0.2516,5.8258,2.0139,2.0041,0.0098,0.5928,19579.1044,NA,NA,NA
MegaProject.exe,13848,0x1F4D621B830,DXGI,1,0,0,Hardware Composed: Independent Flip,19592.4494,NA,7.50520000000000,6.94800000000000,0.40180000000000,1.78060000000000,5.4039,19585.1958,7.6554,7.2536,0.4018,7.2297,1.8045,1.7932,0.0113,-0.8566,19585.1958,NA,NA,NA
MegaProject.exe,13848,0x1F4D621B830,DXGI,1,0,0,Hardware Composed: Independent Flip,19598.9113,NA,6.46190000000000,6.93200000000000,0.30970000000000,1.82120000000000,5.8740,19592.8512,6.3698,6.0601,0.3097,6.0376,1.8437,1.8370,0.0067,0.7234,19592.8512,NA,NA,NA
MegaProject.exe,13848,0x1F4D621B830,DXGI,1,0,0,Hardware Composed: Independent Flip,19605.8669,NA,6.95560000000000,6.95930000000000,0.29700000000000,1.80520000000000,5.8777,19599.2210,6.9429,6.6459,0.2970,6.6285,1.8226,1.8149,0.0077,-0.5895,19599.2210,NA,NA,NA
MegaProject.exe,13848,0x1F4D621B830,DXGI,1,0,0,Hardware Composed: Independent Flip,19613.6828,NA,7.81590000000000,7.05960000000000,0.30200000000000,1.96480000000000,5.1214,19606.1639,7.8209,7.5189,0.3020,7.4986,1.9851,1.9747,0.0104,-0.1167,19606.1639,NA,NA,NA
MegaProject.exe,13848,0x1F4D621B830,DXGI,1,0,0,Hardware Composed: Independent Flip,19620.4193,NA,6.73650000000000,6.95030000000000,0.39740000000000,2.18120000000000,5.3352,19613.9848,6.8319,6.4345,0.3974,6.4120,2.2037,2.1920,0.0117,0.8706,19613.9848,NA,NA,NA
MegaProject.exe,13848,0x1F4D621B830,DXGI,1,0,0,Hardware Composed: Independent Flip,19626.8694,NA,6.45010000000000,6.94140000000000,0.28930000000000,2.16660000000000,5.8265,19620.8167,6.3420,6.0527,0.2893,6.0363,2.1830,2.1734,0.0096,-0.1095,19620.8167,NA,NA,NA
MegaProject.exe,13848,0x1F4D621B830,DXGI,1,0,0,Hardware Composed: Independent Flip,19634.4127,NA,7.54330000000000,6.87740000000000,0.32950000000000,2.13330000000000,5.1606,19627.1587,7.5835,7.2540,0.3295,7.2098,2.1775,2.1655,0.0120,-0.5354,19627.1587,NA,NA,NA
MegaProject.exe,13848,0x1F4D621B830,DXGI,1,0,0,Hardware Composed: Independent Flip,19640.5961,NA,6.18340000000000,6.88770000000000,0.30050000000000,2.01040000000000,5.8649,19634.7422,6.1544,5.8539,0.3005,5.8371,2.0272,2.0180,0.0092,0.6958,19634.7422,NA,NA,NA
MegaProject.exe,13848,0x1F4D621B830,DXGI,1,0,0,Hardware Composed: Independent Flip,19648.6448,NA,8.04870000000000,6.95370000000000,0.42950000000000,1.78180000000000,4.7699,19640.8966,8.1777,7.7482,0.4295,7.7292,1.8008,1.7943,0.0065,-0.7993,19640.8966,NA,NA,NA
MegaProject.exe,13848,0x1F4D621B830,DXGI,1,0,0,Hardware Composed: Independent Flip,19654.6211,NA,5.97630000000000,6.92820000000000,0.43220000000000,1.81160000000000,5.7218,19649.0743,5.9790,5.5468,0.4322,5.5274,1.8310,1.8266,0.0044,1.2495,19649.0743,NA,NA,NA
MegaProject.exe,13848,0x1F4D621B830,DXGI,1,0,0,Hardware Composed: Independent Flip,19661.4662,NA,6.84510000000000,6.90890000000000,0.28920000000000,1.89440000000000,5.7856,19655.0533,6.7021,6.4129,0.2892,6.3955,1.9118,1.9054,0.0064,-0.9299,19655.0533,NA,NA,NA
MegaProject.exe,13848,0x1F4D621B830,DXGI,1,0,0,Hardware Composed: Independent Flip,19669.4727,NA,8.00650000000000,6.96650000000000,0.33460000000000,1.84170000000000,4.7456,19661.7554,8.0519,7.7173,0.3346,7.6938,1.8652,1.8553,0.0099,-0.2644,19661.7554,NA,NA,NA
MegaProject.exe,13848,0x1F4D621B830,DXGI,1,0,0,Hardware Composed: Independent Flip,19675.3316,NA,5.85890000000000,6.97420000000000,0.32720000000000,1.82650000000000,5.8609,19669.8073,5.8515,5.5243,0.3272,5.5027,1.8481,1.8400,0.0081,1.0777,19669.8073,NA,NA,NA
MegaProject.exe,13848,0x1F4D621B830,DXGI,1,0,0,Hardware Composed: Independent Flip,19682.9727,NA,7.64110000000000,7.06890000000000,0.30420000000000,2.20750000000000,5.2887,19675.6588,7.6181,7.3139,0.3042,7.2965,2.2249,2.2114,0.0135,-1.2174,19675.6588,NA,NA,NA
MegaProject.exe,13848,0x1F4D621B830,DXGI,1,0,0,Hardware Composed: Independent Flip,19689.3409,NA,6.36820000000000,6.87560000000000,0.27570000000000,2.34780000000000,5.7961,19683.2769,6.3397,6.0640,0.2757,6.0475,2.3643,2.3567,0.0076,0.7425,19683.2769,NA,NA,NA
MegaProject.exe,13848,0x1F4D621B830,DXGI,1,0,0,Hardware Composed: Independent Flip,19696.3697,NA,7.02880000000000,7.01110000000000,0.41270000000000,2.26320000000000,5.7784,19689.6166,7.1658,6.7531,0.4127,6.7283,2.2880,2.2784,0.0096,-0.6714,19689.6166,NA,NA,NA
MegaProject.exe,13848,0x1F4D621B830,DXGI,1,0,0,Hardware Composed: Independent Flip,19704.1078,NA,7.73810000000000,6.94570000000000,0.38070000000000,2.20670000000000,4.9860,19696.7824,7.7061,7.3254,0.3807,7.3009,2.2312,2.2186,0.0126,0.2201,19696.7824,NA,NA,NA
MegaProject.exe,13848,0x1F4D621B830,DXGI,1,0,0,Hardware Composed: Independent Flip,19710.1560,NA,6.04820000000000,6.89880000000000,0.32610000000000,2.22330000000000,5.8366,19704.4885,5.9936,5.6675,0.3261,5.6513,2.2395,2.2320,0.0075,0.8073,19704.4885,NA,NA,NA
MegaProject.exe,13848,0x1F4D621B830,DXGI,1,0,0,Hardware Composed: Independent Flip,19717.9390,NA,7.78300000000000,6.94900000000000,0.29510000000000,2.13240000000000,5.0026,19710.4821,7.7520,7.4569,0.2951,7.4328,2.1565,2.1472,0.0093,-0.9554,19710.4821,NA,NA,NA
MegaProject.exe,13848,0x1F4D621B830,DXGI,1,0,0,Hardware Composed: Independent Flip,19724.2226,NA,6.28360000000000,6.95500000000000,0.37250000000000,2.00630000000000,5.6740,19718.2341,6.3610,5.9885,0.3725,5.9325,2.0623,2.0494,0.0129,0.7970,19718.2341,NA,NA,NA
MegaProject.exe,13848,0x1F4D621B830,DXGI,1,0,0,Hardware Composed: Independent Flip,19731.2228,NA,7.00020000000000,6.93910000000000,0.37840000000000,2.01040000000000,5.6129,19724.5951,7.0061,6.6277,0.3784,6.6075,2.0306,2.0230,0.0076,-0.5781,19724.5951,NA,NA,NA
MegaProject.exe,13848,0x1F4D621B830,DXGI,1,0,0,Hardware Composed: Independent Flip,19738.9885,NA,7.76570000000000,6.92910000000000,0.35600000000000,2.30910000000000,4.7763,19731.6012,7.7433,7.3873,0.3560,7.3642,2.3322,2.3243,0.0079,0.0770,19731.6012,NA,NA,NA
MegaProject.exe,13848,0x1F4D621B830,DXGI,1,0,0,Hardware Composed: Independent Flip,19744.9383,NA,5.94980000000000,6.87390000000000,0.37510000000000,2.04340000000000,5.7004,19739.3445,5.9689,5.5938,0.3751,5.5425,2.0947,2.0633,0.0314,0.8694,19739.3445,NA,NA,NA
MegaProject.exe,13848,0x1F4D621B830,DXGI,1,0,0,Hardware Composed: Independent Flip,19751.9558,NA,7.01750000000000,6.95150000000000,0.32580000000000,1.79320000000000,5.6344,19745.3134,6.9682,6.6424,0.3258,6.6242,1.8114,1.8052,0.0062,-0.9826,19745.3134,NA,NA,NA
MegaProject.exe,13848,0x1F4D621B830,DXGI,1,0,0,Hardware Composed: Independent Flip,19759.6634,NA,7.70760000000000,6.96570000000000,0.37380000000000,1.79770000000000,4.8925,19752.2816,7.7556,7.3818,0.3738,7.3616,1.8179,1.8111,0.0068,0.0025,19752.2816,NA,NA,NA
MegaProject.exe,13848,0x1F4D621B830,DXGI,1,0,0,Hardware Composed: Independent Flip,19765.9316,NA,6.26820000000000,6.92510000000000,0.31930000000000,1.83210000000000,5.5494,19760.0372,6.2137,5.8944,0.3193,5.8713,1.8552,1.8479,0.0073,0.8305,19760.0372,NA,NA,NA
MegaProject.exe,13848,0x1F4D621B830,DXGI,1,0,0,Hardware Composed: Independent Flip,19773.4732,NA,7.54160000000000,6.94500000000000,0.25440000000000,1.75810000000000,4.9528,19766.2509,7.4767,7.2223,0.2544,7.2050,1.7754,1.7666,0.0088,-0.7313,19766.2509,NA,NA,NA
MegaProject.exe,13848,0x1F4D621B830,DXGI,1,0,0,Hardware Composed: Independent Flip,19779.5737,NA,6.10050000000000,6.95210000000000,0.30690000000000,1.80600000000000,5.8044,19773.7276,6.1530,5.8461,0.3069,5.8282,1.8239,1.8196,0.0043,0.5246,19773.7276,NA,NA,NA
MegaProject.exe,13848,0x1F4D621B830,DXGI,1,0,0,Hardware Composed: Independent Flip,19786.6028,NA,7.02910000000000,6.93210000000000,0.41320000000000,1.75030000000000,5.7074,19779.8806,7.1354,6.7222,0.4132,6.6982,1.7743,1.7675,0.0068,-0.7791,19779.8806,NA,NA,NA
MegaProject.exe,13848,0x1F4D621B830,DXGI,1,0,0,Hardware Composed: Independent Flip,19794.0653,NA,7.46250000000000,6.95080000000000,0.32420000000000,1.77230000000000,5.1957,19787.0160,7.3735,7.0493,0.3242,6.9991,1.8225,1.8129,0.0096,0.1846,19787.0160,NA,NA,NA
MegaProject.exe,13848,0x1F4D621B830,DXGI,1,0,0,Hardware Composed: Independent Flip,19800.4770,NA,6.41170000000000,6.94520000000000,0.30260000000000,1.80170000000000,5.7292,19794.3895,6.3901,6.0875,0.3026,6.0691,1.8201,1.8159,0.0042,0.4283,19794.3895,NA,NA,NA
MegaProject.exe,13848,0x1F4D621B830,DXGI,1,0,0,Hardware Composed: Independent Flip,19807.8827,NA,7.40570000000000,6.97190000000000,0.31650000000000,1.87750000000000,5.2954,19800.7796,7.4196,7.1031,0.3165,7.0790,1.9016,1.8754,0.0262,-0.5818,19800.7796,NA,NA,NA
MegaProject.exe,13848,0x1F4D621B830,DXGI,1,0,0,Hardware Composed: Independent Flip,19814.5538,NA,6.67110000000000,6.92480000000000,0.38560000000000,1.82010000000000,5.5491,19808.1992,6.7402,6.3546,0.3856,6.3275,1.8472,1.8376,0.0096,0.4948,19808.1992,NA,NA,NA
MegaProject.exe,13848,0x1F4D621B830,DXGI,1,0,0,Hardware Composed: Independent Flip,19821.8414,NA,7.28760000000000,6.94510000000000,0.45490000000000,1.82510000000000,5.2066,19814.9394,7.3569,6.9020,0.4549,6.8813,1.8458,1.8380,0.0078,-0.2049,19814.9394,NA,NA,NA
MegaProject.exe,13848,0x1F4D621B830,DXGI,1,0,0,Hardware Composed: Independent Flip,19828.8321,NA,6.99070000000000,7.03170000000000,0.33360000000000,1.75530000000000,5.2476,19822.2963,6.8694,6.5358,0.3336,6.4998,1.7913,1.7838,0.0075,0.3252,19822.2963,NA,NA,NA
MegaProject.exe,13848,0x1F4D621B830,DXGI,1,0,0,Hardware Composed: Independent Flip,19835.0446,NA,6.21250000000000,6.93290000000000,0.33600000000000,2.14910000000000,5.9680,19829.1657,6.2149,5.8789,0.3360,5.8573,2.1707,2.1583,0.0124,-0.0635,19829.1657,NA,NA,NA
MegaProject.exe,13848,0x1F4D621B830,DXGI,1,0,0,Hardware Composed: Independent Flip,19842.6586,NA,7.61400000000000,6.89060000000000,0.31700000000000,2.05230000000000,5.2446,19835.3806,7.5950,7.2780,0.3170,7.2605,2.0698,2.0592,0.0106,-0.6757,19835.3806,NA,NA,NA
MegaProject.exe,13848,0x1F4D621B830,DXGI,1,0,0,Hardware Composed: Independent Flip,19849.1216,NA,6.46300000000000,6.96510000000000,0.44100000000000,2.35270000000000,5.7467,19842.9756,6.5870,6.1460,0.4410,6.1262,2.3725,2.3640,0.0085,0.6299,19842.9756,NA,NA,NA
MegaProject.exe,13848,0x1F4D621B830,DXGI,1,0,0,Hardware Composed: Independent Flip,19856.1761,NA,7.05450000000000,7.02270000000000,0.40270000000000,2.10980000000000,5.7149,19849.5626,7.0162,6.6135,0.4027,6.5893,2.1340,2.1221,0.0119,-0.4357,19849.5626,NA,NA,NA
MegaProject.exe,13848,0x1F4D621B830,DXGI,1,0,0,Hardware Composed: Independent Flip,19863.8391,NA,7.66300000000000,6.94090000000000,0.33610000000000,2.52520000000000,4.9928,19856.5788,7.5964,7.2603,0.3361,7.2433,2.5422,2.5198,0.0224,0.0753,19856.5788,NA,NA,NA
MegaProject.exe,13848,0x1F4D621B830,DXGI,1,0,0,Hardware Composed: Independent Flip,19870.0593,NA,6.22020000000000,6.90820000000000,0.39370000000000,2.20290000000000,5.6808,19864.1752,6.2778,5.8841,0.3937,5.8655,2.2215,2.2152,0.0063,0.6882,19864.1752,NA,NA,NA
MegaProject.exe,13848,0x1F4D621B830,DXGI,1,0,0,Hardware Composed: Independent Flip,19877.0018,NA,6.94250000000000,6.93700000000000,0.32500000000000,2.07410000000000,5.6753,19870.4530,6.8738,6.5488,0.3250,6.5255,2.0974,2.0841,0.0133,-0.6592,19870.4530,NA,NA,NA
MegaProject.exe,13848,0x1F4D621B830,DXGI,1,0,0,Hardware Composed: Independent Flip,19884.4177,NA,7.41590000000000,6.94740000000000,0.34030000000000,2.11050000000000,5.2068,19877.3268,7.4312,7.0909,0.3403,7.0655,2.1359,2.1224,0.0135,-0.0736,19877.3268,NA,NA,NA
MegaProject.exe,13848,0x1F4D621B830,DXGI,1,0,0,Hardware Composed: Independent Flip,19890.5594,NA,6.14170000000000,6.99440000000000,0.31050000000000,2.12740000000000,6.0595,19884.7580,6.1119,5.8014,0.3105,5.7854,2.1434,2.1356,0.0078,0.4368,19884.7580,NA,NA,NA
MegaProject.exe,13848,0x1F4D621B830,DXGI,1,0,0,Hardware Composed: Independent Flip,19898.6353,NA,8.07590000000000,6.96750000000000,0.31390000000000,2.11190000000000,4.9511,19890.8699,8.0793,7.7654,0.3139,7.7414,2.1359,2.1240,0.0119,-0.8556,19890.8699,NA,NA,NA
MegaProject.exe,13848,0x1F4D621B830,DXGI,1,0,0,Hardware Composed: Independent Flip,19905.0344,NA,6.39910000000000,6.91380000000000,0.34360000000000,2.12390000000000,5.4658,19898.9492,6.4288,6.0852,0.3436,6.0358,2.1733,2.1615,0.0118,1.1655,19898.9492,NA,NA,NA
MegaProject.exe,13848,0x1F4D621B830,DXGI,1,0,0,Hardware Composed: Independent Flip,19911.6787,NA,6.64430000000000,6.95470000000000,0.32070000000000,2.24000000000000,5.7762,19905.3780,6.6214,6.3007,0.3207,6.2837,2.2570,2.2493,0.0077,-0.5259,19905.3780,NA,NA,NA
MegaProject.exe,13848,0x1F4D621B830,DXGI,1,0,0,Hardware Composed: Independent Flip,19919.3622,NA,7.68350000000000,6.87780000000000,0.42550000000000,2.18090000000000,4.9705,19911.9994,7.7883,7.3628,0.4255,7.3353,2.2084,2.1982,0.0102,-0.2564,19911.9994,NA,NA,NA
MegaProject.exe,13848,0x1F4D621B830,DXGI,1,0,0,Hardware Composed: Independent Flip,19925.3747,NA,6.01250000000000,7.00160000000000,0.31660000000000,2.15670000000000,5.9596,19919.7877,5.9036,5.5870,0.3166,5.5637,2.1800,2.1680,0.0120,0.7867,19919.7877,NA,NA,NA
MegaProject.exe,13848,0x1F4D621B830,DXGI,1,0,0,Hardware Composed: Independent Flip,19933.1941,NA,7.81940000000000,6.95310000000000,0.29420000000000,2.19730000000000,5.0933,19925.6913,7.7970,7.5028,0.2942,7.4860,2.2141,2.2010,0.0131,-1.0495,19925.6913,NA,NA,NA
MegaProject.exe,13848,0x1F4D621B830,DXGI,1,0,0,Hardware Composed: Independent Flip,19939.6030,NA,6.40890000000000,6.88480000000000,0.33460000000000,2.23570000000000,5.5692,19933.4883,6.4493,6.1147,0.3346,6.0936,2.2568,2.2494,0.0074,0.9122,19933.4883,NA,NA,NA
MegaProject.exe,13848,0x1F4D621B830,DXGI,1,0,0,Hardware Composed: Independent Flip,19946.3810,NA,6.77800000000000,6.99980000000000,0.31820000000000,2.14430000000000,5.7910,19939.9376,6.7616,6.4434,0.3182,6.4191,2.1686,2.1569,0.0117,-0.5505,19939.9376,NA,NA,NA
MegaProject.exe,13848,0x1F4D621B830,DXGI,1,0,0,Hardware Composed: Independent Flip,19953.9282,NA,7.54720000000000,6.82160000000000,0.30160000000000,2.14140000000000,5.0654,19946.6992,7.5306,7.2290,0.3016,7.2094,2.1610,2.1382,0.0228,-0.0600,19946.6992,NA,NA,NA
MegaProject.exe,13848,0x1F4D621B830,DXGI,1,0,0,Hardware Composed: Independent Flip,19960.2567,NA,6.32850000000000,6.95380000000000,0.41720000000000,1.87730000000000,5.6907,19954.2298,6.4441,6.0269,0.4172,6.0064,1.8978,1.8822,0.0156,0.5768,19954.2298,NA,NA,NA
MegaProject.exe,13848,0x1F4D621B830,DXGI,1,0,0,Hardware Composed: Independent Flip,19968.0198,NA,7.76310000000000,6.94470000000000,0.40150000000000,1.76440000000000,4.8723,19960.6739,7.7474,7.3459,0.4015,7.3201,1.7902,1.7810,0.0092,-0.5006,19960.6739,NA,NA,NA
MegaProject.exe,13848,0x1F4D621B830,DXGI,1,0,0,Hardware Composed: Independent Flip,19973.9189,NA,5.89910000000000,6.93990000000000,0.33570000000000,2.17590000000000,5.9131,19968.4213,5.8333,5.4976,0.3357,5.4751,2.1984,2.1920,0.0064,0.8075,19968.4213,NA,NA,NA
MegaProject.exe,13848,0x1F4D621B830,DXGI,1,0,0,Hardware Composed: Independent Flip,19981.0722,NA,7.15330000000000,6.95250000000000,0.31990000000000,1.81550000000000,5.7123,19974.2546,7.1375,6.8176,0.3199,6.7990,1.8341,1.8295,0.0046,-1.1192,19974.2546,NA,NA,NA
MegaProject.exe,13848,0x1F4D621B830,DXGI,1,0,0,Hardware Composed: Independent Flip,19989.1756,NA,8.10340000000000,6.94190000000000,0.40480000000000,1.76410000000000,4.5508,19981.3921,8.1883,7.7835,0.4048,7.7427,1.8049,1.7964,0.0085,0.1956,19981.3921,NA,NA,NA
MegaProject.exe,13848,0x1F4D621B830,DXGI,1,0,0,Hardware Composed: Independent Flip,19994.9322,NA,5.75660000000000,6.94060000000000,0.37120000000000,1.82170000000000,5.7348,19989.5804,5.7230,5.3518,0.3712,5.3264,1.8471,1.8397,0.0074,1.2477,19989.5804,NA,NA,NA
MegaProject.exe,13848,0x1F4D621B830,DXGI,1,0,0,Hardware Composed: Independent Flip,20001.7029,NA,6.77070000000000,6.94440000000000,0.25670000000000,1.80090000000000,5.9085,19995.3034,6.6562,6.3995,0.2567,6.3827,1.8177,1.8132,0.0045,-1.2214,19995.3034,NA,NA,NA
MegaProject.exe,13848,0x1F4D621B830,DXGI,1,0,0,Hardware Composed: Independent Flip,20009.3141,NA,7.61120000000000,6.89640000000000,0.34950000000000,1.91360000000000,5.1937,20001.9596,7.7040,7.3545,0.3495,7.3293,1.9388,1.9295,0.0093,-0.2402,20001.9596,NA,NA,NA
MegaProject.exe,13848,0x1F4D621B830,DXGI,1,0,0,Hardware Composed: Independent Flip,20015.7060,NA,6.39190000000000,7.05870000000000,0.32190000000000,2.04580000000000,5.8605,20009.6636,6.3643,6.0424,0.3219,6.0199,2.0683,2.0574,0.0109,0.6453,20009.6636,NA,NA,NA
MegaProject.exe,13848,0x1F4D621B830,DXGI,1,0,0,Hardware Composed: Independent Flip,20023.5372,NA,7.83120000000000,6.97970000000000,0.31060000000000,1.95110000000000,5.0090,20016.0279,7.8199,7.5093,0.3106,7.4904,1.9700,1.9567,0.0133,-0.6154,20016.0279,NA,NA,NA
MegaProject.exe,13848,0x1F4D621B830,DXGI,1,0,0,Hardware Composed: Independent Flip,20029.8039,NA,6.26670000000000,6.89890000000000,0.42920000000000,2.04940000000000,5.6412,20023.8478,6.3853,5.9561,0.4292,5.9345,2.0710,2.0600,0.0110,0.9210,20023.8478,NA,NA,NA
MegaProject.exe,13848,0x1F4D621B830,DXGI,1,0,0,Hardware Composed: Independent Flip,20036.6776,NA,6.87370000000000,6.97380000000000,0.41320000000000,1.99160000000000,5.7413,20030.2331,6.8577,6.4445,0.4132,6.4170,2.0191,2.0046,0.0145,-0.5885,20030.2331,NA,NA,NA
MegaProject.exe,13848,0x1F4D621B830,DXGI,1,0,0,Hardware Composed: Independent Flip,20044.2043,NA,7.52670000000000,6.98940000000000,0.31720000000000,2.08100000000000,5.2040,20037.0908,7.4307,7.1135,0.3172,7.0970,2.0975,2.0868,0.0107,-0.1317,20037.0908,NA,NA,NA
MegaProject.exe,13848,0x1F4D621B830,DXGI,1,0,0,Hardware Composed: Independent Flip,20050.5987,NA,6.39440000000000,6.91780000000000,0.34210000000000,2.29880000000000,5.7274,20044.5215,6.4193,6.0772,0.3421,6.0590,2.3170,2.3090,0.0080,0.5129,20044.5215,NA,NA,NA
MegaProject.exe,13848,0x1F4D621B830,DXGI,1,0,0,Hardware Composed: Independent Flip,20058.2949,NA,7.69620000000000,6.84350000000000,0.39370000000000,2.10160000000000,4.8747,20050.9408,7.7478,7.3541,0.3937,7.3252,2.1305,2.1165,0.0140,-0.4242,20050.9408,NA,NA,NA
MegaProject.exe,13848,0x1F4D621B830,DXGI,1,0,0,Hardware Composed: Independent Flip,20064.4610,NA,6.16610000000000,6.93600000000000,0.35030000000000,1.91030000000000,5.6446,20058.6886,6.1227,5.7724,0.3503,5.7544,1.9283,1.9059,0.0224,0.8118,20058.6886,NA,NA,NA
MegaProject.exe,13848,0x1F4D621B830,DXGI,1,0,0,Hardware Composed: Independent Flip,20071.1359,NA,6.67490000000000,6.90320000000000,0.33740000000000,1.82360000000000,5.8729,20064.8113,6.6620,6.3246,0.3374,6.3074,1.8408,1.8334,0.0074,-0.7805,20064.8113,NA,NA,NA
MegaProject.exe,13848,0x1F4D621B830,DXGI,1,0,0,Hardware Composed: Independent Flip,20079.0328,NA,7.89690000000000,6.99620000000000,0.29300000000000,1.79740000000000,4.9722,20071.4733,7.8525,7.5595,0.2930,7.5399,1.8170,1.8119,0.0051,-0.3342,20071.4733,NA,NA,NA
MegaProject.exe,13848,0x1F4D621B830,DXGI,1,0,0,Hardware Composed: Independent Flip,20085.4068,NA,6.37400000000000,6.95610000000000,0.44090000000000,1.77360000000000,5.5543,20079.3258,6.5219,6.0810,0.4409,6.0604,1.7942,1.7806,0.0136,0.8964,20079.3258,NA,NA,NA
MegaProject.exe,13848,0x1F4D621B830,DXGI,1,0,0,Hardware Composed: Independent Flip,20092.7621,NA,7.35530000000000,7.06460000000000,0.47920000000000,1.86450000000000,5.2636,20085.8477,7.3936,6.9144,0.4792,6.8898,1.8891,1.8819,0.0072,-0.5427,20085.8477,NA,NA,NA
MegaProject.exe,13848,0x1F4D621B830,DXGI,1,0,0,Hardware Composed: Independent Flip,20099.2860,NA,6.52390000000000,6.90890000000000,0.35640000000000,2.18450000000000,5.6486,20093.2413,6.4011,6.0447,0.3564,6.0204,2.2088,2.1985,0.0103,0.4847,20093.2413,NA,NA,NA
MegaProject.exe,13848,0x1F4D621B830,DXGI,1,0,0,Hardware Composed: Independent Flip,20106.1191,NA,6.83310000000000,6.93720000000000,0.30680000000000,2.02050000000000,5.7527,20099.6424,6.7835,6.4767,0.3068,6.4590,2.0382,2.0267,0.0115,-0.5361,20099.6424,NA,NA,NA
MegaProject.exe,13848,0x1F4D621B830,DXGI,1,0,0,Hardware Composed: Independent Flip,20113.6010,NA,7.48190000000000,6.98130000000000,0.31060000000000,2.12110000000000,5.2521,20106.4259,7.4857,7.1751,0.3106,7.1423,2.1539,2.1438,0.0101,-0.1978,20106.4259,NA,NA,NA
MegaProject.exe,13848,0x1F4D621B830,DXGI,1,0,0,Hardware Composed: Independent Flip,20120.0182,NA,6.41720000000000,6.95850000000000,0.35340000000000,2.14730000000000,5.7934,20113.9116,6.4600,6.1066,0.3534,6.0722,2.1817,2.1697,0.0120,0.5272,20113.9116,NA,NA,NA
MegaProject.exe,13848,0x1F4D621B830,DXGI,1,0,0,Hardware Composed: Independent Flip,20127.2378,NA,7.21960000000000,6.94910000000000,0.44120000000000,2.14430000000000,5.5229,20120.3716,7.3074,6.8662,0.4412,6.8424,2.1681,2.1563,0.0118,-0.4891,20120.3716,NA,NA,NA
MegaProject.exe,13848,0x1F4D621B830,DXGI,1,0,0,Hardware Composed: Independent Flip,20134.6110,NA,7.37320000000000,6.93940000000000,0.33770000000000,2.19300000000000,5.0891,20127.6790,7.2697,6.9320,0.3377,6.9141,2.2109,2.2017,0.0092,0.3680,20127.6790,NA,NA,NA
MegaProject.exe,13848,0x1F4D621B830,DXGI,1,0,0,Hardware Composed: Independent Flip,20140.7932,NA,6.18220000000000,6.89090000000000,0.30940000000000,2.12880000000000,5.7978,20134.9487,6.1539,5.8445,0.3094,5.8221,2.1512,2.1393,0.0119,0.3788,20134.9487,NA,NA,NA
MegaProject.exe,13848,0x1F4D621B830,DXGI,1,0,0,Hardware Composed: Independent Flip,20148.6742,NA,7.88100000000000,6.94970000000000,0.36710000000000,2.12810000000000,4.8665,20141.1026,7.9387,7.5716,0.3671,7.5473,2.1524,2.1402,0.0122,-0.7958,20141.1026,NA,NA,NA
MegaProject.exe,13848,0x1F4D621B830,DXGI,1,0,0,Hardware Composed: Independent Flip,20154.5705,NA,5.89630000000000,6.92930000000000,0.27780000000000,2.12560000000000,5.8995,20149.0413,5.8070,5.5292,0.2778,5.5139,2.1409,2.1319,0.0090,1.0094,20149.0413,NA,NA,NA
MegaProject.exe,13848,0x1F4D621B830,DXGI,1,0,0,Hardware Composed: Independent Flip,20161.7307,NA,7.16020000000000,6.87960000000000,0.33730000000000,1.96720000000000,5.6189,20154.8483,7.2197,6.8824,0.3373,6.8564,1.9932,1.9686,0.0246,-1.0726,20154.8483,NA,NA,NA
MegaProject.exe,13848,0x1F4D621B830,DXGI,1,0,0,Hardware Composed: Independent Flip,20169.4400,NA,7.70930000000000,6.96210000000000,0.45000000000000,1.84910000000000,4.8717,20162.0680,7.8220,7.3720,0.4500,7.3441,1.8770,1.8639,0.0131,0.2576,20162.0680,NA,NA,NA
MegaProject.exe,13848,0x1F4D621B830,DXGI,1,0,0,Hardware Composed: Independent Flip,20175.5538,NA,6.11380000000000,6.94980000000000,0.41160000000000,1.85510000000000,5.7077,20169.8900,6.0754,5.6638,0.4116,5.6468,1.8721,1.8654,0.0067,0.8722,20169.8900,NA,NA,NA
MegaProject.exe,13848,0x1F4D621B830,DXGI,1,0,0,Hardware Composed: Independent Flip,20183.2238,NA,7.67000000000000,6.96510000000000,0.32900000000000,1.76670000000000,5.0028,20175.9654,7.5874,7.2584,0.3290,7.2385,1.7866,1.7793,0.0073,-0.8897,20175.9654,NA,NA,NA
MegaProject.exe,13848,0x1F4D621B830,DXGI,1,0,0,Hardware Composed: Independent Flip,20189.4958,NA,6.27200000000000,6.88270000000000,0.34200000000000,1.82870000000000,5.6135,20183.5528,6.2850,5.9430,0.3420,5.9261,1.8456,1.8398,0.0058,0.7047,20183.5528,NA,NA,NA
MegaProject.exe,13848,0x1F4D621B830,DXGI,1,0,0,Hardware Composed: Independent Flip,20196.2136,NA,6.71780000000000,6.96860000000000,0.31260000000000,1.82420000000000,5.8643,20189.8378,6.6884,6.3758,0.3126,6.3584,1.8416,1.8354,0.0062,-0.6836,20189.8378,NA,NA,NA
MegaProject.exe,13848,0x1F4D621B830,DXGI,1,0,0,Hardware Composed: Independent Flip,20203.6442,NA,7.43060000000000,6.91070000000000,0.35410000000000,1.81800000000000,5.3444,20196.5262,7.4721,7.1180,0.3541,7.0700,1.8660,1.8585,0.0075,-0.2223,20196.5262,NA,NA,NA
MegaProject.exe,13848,0x1F4D621B830,DXGI,1,0,0,Hardware Composed: Independent Flip,20209.8792,NA,6.23500000000000,6.98020000000000,0.30720000000000,1.80910000000000,6.0896,20203.9983,6.1881,5.8809,0.3072,5.8561,1.8339,1.8285,0.0054,0.4919,20203.9983,NA,NA,NA
MegaProject.exe,13848,0x1F4D621B830,DXGI,1,0,0,Hardware Composed: Independent Flip,20217.8003,NA,7.92110000000000,6.94480000000000,0.34330000000000,1.76650000000000,5.1133,20210.1864,7.9572,7.6139,0.3433,7.5934,1.7870,1.7806,0.0064,-0.7567,20210.1864,NA,8.3527,NA
MegaProject.exe,13848,0x1F4D621B830,DXGI,1,0,0,Hardware Composed: Independent Flip,20223.9471,NA,6.14680000000000,7.00270000000000,0.29790000000000,1.79890000000000,5.9692,20218.1436,6.1014,5.8035,0.2979,5.7857,1.8167,1.8108,0.0059,0.9545,20218.1436,NA,NA,NA
MegaProject.exe,13848,0x1F4D621B830,DXGI,1,0,0,Hardware Composed: Independent Flip,20231.0774,NA,7.13030000000000,6.95660000000000,0.32020000000000,2.15750000000000,5.7955,20224.2450,7.1526,6.8324,0.3202,6.8082,2.1817,2.1692,0.0125,-0.8552,20224.2450,NA,NA,NA
MegaProject.exe,13848,0x1F4D621B830,DXGI,1,0,0,Hardware Composed: Independent Flip,20238.8486,NA,7.77120000000000,6.92730000000000,0.38260000000000,2.06260000000000,4.9516,20231.3976,7.8336,7.4510,0.3826,7.4328,2.0808,2.0712,0.0096,0.2253,20231.3976,NA,NA,NA
MegaProject.exe,13848,0x1F4D621B830,DXGI,1,0,0,Hardware Composed: Independent Flip,20244.7857,NA,5.93710000000000,6.97200000000000,0.33390000000000,2.03420000000000,5.9865,20239.2312,5.8884,5.5545,0.3339,5.5390,2.0497,2.0405,0.0092,0.8616,20239.2312,NA,NA,NA
MegaProject.exe,13848,0x1F4D621B830,DXGI,1,0,0,Hardware Composed: Independent Flip,20251.9121,NA,7.12640000000000,6.99870000000000,0.30500000000000,2.06890000000000,5.8588,20245.1196,7.0975,6.7925,0.3050,6.7552,2.1062,2.0944,0.0118,-1.1103,20245.1196,NA,NA,NA
MegaProject.exe,13848,0x1F4D621B830,DXGI,1,0,0,Hardware Composed: Independent Flip,20259.4956,NA,7.58350000000000,6.88260000000000,0.28620000000000,2.13970000000000,5.1579,20252.2171,7.5647,7.2785,0.2862,7.2614,2.1568,2.1479,0.0089,0.2149,20252.2171,NA,NA,NA
MegaProject.exe,13848,0x1F4D621B830,DXGI,1,0,0,Hardware Composed: Independent Flip,20265.9538,NA,6.45820000000000,6.86870000000000,0.39520000000000,2.15430000000000,5.5684,20259.7818,6.5672,6.1720,0.3952,6.1482,2.1781,2.1473,0.0308,0.6960,20259.7818,NA,NA,NA
MegaProject.exe,13848,0x1F4D621B830,DXGI,1,0,0,Hardware Composed: Independent Flip,20273.3932,NA,7.43940000000000,6.95970000000000,0.32070000000000,1.74120000000000,5.0887,20266.3490,7.3649,7.0442,0.3207,7.0063,1.7791,1.7708,0.0083,-0.3925,20266.3490,NA,NA,NA
MegaProject.exe,13848,0x1F4D621B830,DXGI,1,0,0,Hardware Composed: Independent Flip,20279.4954,NA,6.10220000000000,6.91700000000000,0.34060000000000,1.81290000000000,5.9035,20273.7139,6.1221,5.7815,0.3406,5.7642,1.8302,1.8243,0.0059,0.4479,20273.7139,NA,NA,NA
MegaProject.exe,13848,0x1F4D621B830,DXGI,1,0,0,Hardware Composed: Independent Flip,20286.5847,NA,7.08930000000000,6.90970000000000,0.36320000000000,1.82050000000000,5.7239,20279.8360,7.1119,6.7487,0.3632,6.7264,1.8428,1.8236,0.0192,-0.7876,20279.8360,NA,NA,NA
MegaProject.exe,13848,0x1F4D621B830,DXGI,1,0,0,Hardware Composed: Independent Flip,20294.1580,NA,7.57330000000000,7.00860000000000,0.32160000000000,1.83570000000000,5.1592,20286.9479,7.5317,7.2101,0.3216,7.1921,1.8537,1.8461,0.0076,0.1033,20286.9479,NA,NA,NA
MegaProject.exe,13848,0x1F4D621B830,DXGI,1,0,0,Hardware Composed: Independent Flip,20300.6298,NA,6.47180000000000,6.93940000000000,0.35480000000000,1.82390000000000,5.6268,20294.4796,6.5050,6.1502,0.3548,6.1310,1.8431,1.8329,0.0102,0.5923,20294.4796,NA,NA,NA
MegaProject.exe,13848,0x1F4D621B830,DXGI,1,0,0,Hardware Composed: Independent Flip,20308.0721,NA,7.44230000000000,6.92130000000000,0.39490000000000,1.79220000000000,5.1058,20300.9846,7.4824,7.0875,0.3949,7.0697,1.8100,1.8034,0.0066,-0.4163,20300.9846,NA,NA,NA
MegaProject.exe,13848,0x1F4D621B830,DXGI,1,0,0,Hardware Composed: Independent Flip,20314.1040,NA,6.03190000000000,7.03570000000000,0.26420000000000,1.74350000000000,6.1096,20308.4670,5.9012,5.6370,0.2642,5.6153,1.7652,1.7552,0.0100,0.4467,20308.4670,NA,NA,NA
MegaProject.exe,13848,0x1F4D621B830,DXGI,1,0,0,Hardware Composed: Independent Flip,20321.5674,NA,7.46340000000000,6.87990000000000,0.27020000000000,1.96860000000000,5.5261,20314.3682,7.4694,7.1992,0.2702,7.1785,1.9893,1.9773,0.0120,-0.9787,20314.3682,NA,NA,NA
MegaProject.exe,13848,0x1F4D621B830,DXGI,1,0,0,Hardware Composed: Independent Flip,20328.8874,NA,7.32000000000000,6.88220000000000,0.33170000000000,1.88330000000000,5.0883,20321.8376,7.3815,7.0498,0.3317,7.0324,1.9007,1.8940,0.0067,0.5872,20321.8376,NA,NA,NA
MegaProject.exe,13848,0x1F4D621B830,DXGI,1,0,0,Hardware Composed: Independent Flip,20334.9928,NA,6.10540000000000,7.00680000000000,0.36620000000000,1.90650000000000,5.9897,20329.2191,6.1399,5.7737,0.3662,5.7496,1.9306,1.9221,0.0085,0.3747,20329.2191,NA,NA,NA
MegaProject.exe,13848,0x1F4D621B830,DXGI,1,0,0,Hardware Composed: Independent Flip,20342.6256,NA,7.63280000000000,6.94040000000000,0.32510000000000,1.88240000000000,5.2973,20335.3590,7.5917,7.2666,0.3251,7.2501,1.8989,1.8919,0.0070,-0.8005,20335.3590,NA,NA,NA
MegaProject.exe,13848,0x1F4D621B830,DXGI,1,0,0,Hardware Composed: Independent Flip,20348.9765,NA,6.35090000000000,7.00010000000000,0.32780000000000,1.80270000000000,5.9465,20342.9507,6.3536,6.0258,0.3278,6.0088,1.8197,1.8144,0.0053,0.5916,20342.9507,NA,NA,NA
MegaProject.exe,13848,0x1F4D621B830,DXGI,1,0,0,Hardware Composed: Independent Flip,20356.0399,NA,7.06340000000000,6.96600000000000,0.29390000000000,2.04890000000000,5.8491,20349.3043,7.0295,6.7356,0.2939,6.7132,2.0713,2.0590,0.0123,-0.6124,20349.3043,NA,NA,NA
MegaProject.exe,13848,0x1F4D621B830,DXGI,1,0,0,Hardware Composed: Independent Flip,20363.4864,NA,7.44650000000000,6.87820000000000,0.26410000000000,2.01850000000000,5.2808,20356.3338,7.4167,7.1526,0.2641,7.1376,2.0335,2.0219,0.0116,0.1513,20356.3338,NA,NA,NA
MegaProject.exe,13848,0x1F4D621B830,DXGI,1,0,0,Hardware Composed: Independent Flip,20370.0041,NA,6.51770000000000,6.93650000000000,0.40430000000000,1.80390000000000,5.6996,20363.7505,6.6579,6.2536,0.4043,6.2337,1.8238,1.8171,0.0067,0.4802,20363.7505,NA,NA,NA
MegaProject.exe,13848,0x1F4D621B830,DXGI,1,0,0,Hardware Composed: Independent Flip,20376.8554,NA,6.85130000000000,6.94580000000000,0.31910000000000,1.89160000000000,5.7941,20370.4084,6.7661,6.4470,0.3191,6.4248,1.9138,1.9030,0.0108,-0.2879,20370.4084,NA,NA,NA
MegaProject.exe,13848,0x1F4D621B830,DXGI,1,0,0,Hardware Composed: Independent Flip,20384.3005,NA,7.44510000000000,6.94120000000000,0.38260000000000,1.84840000000000,5.2902,20377.1745,7.5086,7.1260,0.3826,7.1022,1.8722,1.8646,0.0076,-0.1751,20377.1745,NA,NA,NA
MegaProject.exe,13848,0x1F4D621B830,DXGI,1,0,0,Hardware Composed: Independent Flip,20390.6466,NA,6.34610000000000,6.92450000000000,0.31130000000000,1.81350000000000,5.8686,20384.6831,6.2748,5.9635,0.3113,5.9459,1.8311,1.8273,0.0038,0.5841,20384.6831,NA,NA,NA
MegaProject.exe,13848,0x1F4D621B830,DXGI,1,0,0,Hardware Composed: Independent Flip,20398.6728,NA,8.02620000000000,6.99960000000000,0.40750000000000,1.86580000000000,4.8420,20390.9579,8.1224,7.7149,0.4075,7.6946,1.8861,1.8815,0.0046,-0.7248,20390.9579,NA,NA,NA
MegaProject.exe,13848,0x1F4D621B830,DXGI,1,0,0,Hardware Composed: Independent Flip,20404.8478,NA,6.17500000000000,6.91250000000000,0.33060000000000,1.76310000000000,5.5795,20399.0803,6.0981,5.7675,0.3306,5.7429,1.7877,1.7805,0.0072,1.2099,20399.0803,NA,NA,NA
MegaProject.exe,13848,0x1F4D621B830,DXGI,1,0,0,Hardware Composed: Independent Flip,20411.5618,NA,6.71400000000000,6.97190000000000,0.29300000000000,1.82110000000000,5.8374,20405.1784,6.6764,6.3834,0.2930,6.3663,1.8382,1.8332,0.0050,-0.8738,20405.1784,NA,NA,NA
MegaProject.exe,13848,0x1F4D621B830,DXGI,1,0,0,Hardware Composed: Independent Flip,20419.3383,NA,7.77650000000000,6.86760000000000,0.47780000000000,1.98410000000000,4.9285,20411.8548,7.9613,7.4835,0.4778,7.4600,2.0076,1.9835,0.0241,-0.1912,20411.8548,NA,NA,NA
MegaProject.exe,13848,0x1F4D621B830,DXGI,1,0,0,Hardware Composed: Independent Flip,20425.4480,NA,6.10970000000000,7.00400000000000,0.32130000000000,1.83750000000000,5.8228,20419.8161,5.9532,5.6319,0.3213,5.6072,1.8622,1.8515,0.0107,0.9573,20419.8161,NA,NA,NA
MegaProject.exe,13848,0x1F4D621B830,DXGI,1,0,0,Hardware Composed: Independent Flip,20433.1770,NA,7.72900000000000,6.94060000000000,0.29890000000000,1.80180000000000,5.0344,20425.7693,7.7066,7.4077,0.2989,7.3910,1.8185,1.8102,0.0083,-0.9874,20425.7693,NA,NA,NA
MegaProject.exe,13848,0x1F4D621B830,DXGI,1,0,0,Hardware Composed: Independent Flip,20439.3470,NA,6.17000000000000,7.03930000000000,0.32810000000000,1.80130000000000,5.9037,20433.4759,6.1992,5.8711,0.3281,5.8544,1.8180,1.8136,0.0044,0.6673,20433.4759,NA,NA,NA
MegaProject.exe,13848,0x1F4D621B830,DXGI,1,0,0,Hardware Composed: Independent Flip,20446.3042,NA,6.95720000000000,6.96820000000000,0.30160000000000,2.20430000000000,5.9147,20439.6751,6.9307,6.6291,0.3016,6.6054,2.2280,2.2162,0.0118,-0.7690,20439.6751,NA,NA,NA
MegaProject.exe,13848,0x1F4D621B830,DXGI,1,0,0,Hardware Composed: Independent Flip,20454.0776,NA,7.77340000000000,6.95350000000000,0.30360000000000,2.09620000000000,5.0948,20446.6058,7.7754,7.4718,0.3036,7.4397,2.1283,2.1159,0.0124,-0.0228,20446.6058,NA,NA,NA
MegaProject.exe,13848,0x1F4D621B830,DXGI,1,0,0,Hardware Composed: Independent Flip,20460.4067,NA,6.32910000000000,6.93560000000000,0.30060000000000,2.15140000000000,5.7013,20454.3812,6.3261,6.0255,0.3006,6.0079,2.1690,2.1592,0.0098,0.8398,20454.3812,NA,NA,NA
MegaProject.exe,13848,0x1F4D621B830,DXGI,1,0,0,Hardware Composed: Independent Flip,20467.8886,NA,7.48190000000000,6.82800000000000,0.39980000000000,1.96560000000000,5.0474,20460.7073,7.5811,7.1813,0.3998,7.1566,1.9903,1.9807,0.0096,-0.5019,20460.7073,NA,NA,NA
MegaProject.exe,13848,0x1F4D621B830,DXGI,1,0,0,Hardware Composed: Independent Flip,20474.1175,NA,6.22890000000000,6.93270000000000,0.29720000000000,1.78800000000000,5.7512,20468.2884,6.1263,5.8291,0.2972,5.8062,1.8109,1.8028,0.0081,0.6484,20468.2884,NA,NA,NA
MegaProject.exe,13848,0x1F4D621B830,DXGI,1,0,0,Hardware Composed: Independent Flip,20481.2756,NA,7.15810000000000,6.95980000000000,0.31720000000000,1.91260000000000,5.5529,20474.4147,7.1781,6.8609,0.3172,6.8411,1.9324,1.9135,0.0189,-0.8335,20474.4147,NA,NA,NA
MegaProject.exe,13848,0x1F4D621B830,DXGI,1,0,0,Hardware Composed: Independent Flip,20488.8977,NA,7.62210000000000,6.88380000000000,0.31030000000000,1.78820000000000,4.8146,20481.5928,7.6152,7.3049,0.3103,7.2862,1.8069,1.8023,0.0046,0.2943,20481.5928,NA,NA,NA
MegaProject.exe,13848,0x1F4D621B830,DXGI,1,0,0,Hardware Composed: Independent Flip,20494.6627,NA,5.76500000000000,7.00450000000000,0.41550000000000,1.79230000000000,6.0541,20489.2080,5.8702,5.4547,0.4155,5.4057,1.8413,1.8314,0.0099,0.6107,20489.2080,NA,NA,NA
MegaProject.exe,13848,0x1F4D621B830,DXGI,1,0,0,Hardware Composed: Independent Flip,20501.7798,NA,7.11710000000000,7.02150000000000,0.28900000000000,2.03510000000000,5.9585,20495.0782,6.9906,6.7016,0.2890,6.6849,2.0518,2.0439,0.0079,-1.1513,20495.0782,NA,NA,NA
MegaProject.exe,13848,0x1F4D621B830,DXGI,1,0,0,Hardware Composed: Independent Flip,20509.9346,NA,8.15480000000000,6.94060000000000,0.36080000000000,2.04890000000000,4.7443,20502.0688,8.2266,7.8658,0.3608,7.8470,2.0677,2.0597,0.0080,0.0500,20502.0688,NA,NA,NA
MegaProject.exe,13848,0x1F4D621B830,DXGI,1,0,0,Hardware Composed: Independent Flip,20515.8608,NA,5.92620000000000,6.94940000000000,0.39820000000000,2.05890000000000,5.7675,20510.2954,5.9636,5.5654,0.3982,5.5406,2.0837,2.0675,0.0162,1.2772,20510.2954,NA,NA,NA
MegaProject.exe,13848,0x1F4D621B830,DXGI,1,0,0,Hardware Composed: Independent Flip,20523.3177,NA,7.45690000000000,6.95710000000000,0.29080000000000,2.06360000000000,5.2677,20516.2590,7.3495,7.0587,0.2908,7.0417,2.0806,2.0684,0.0122,-0.9935,20516.2590,NA,NA,NA
MegaProject.exe,13848,0x1F4D621B830,DXGI,1,0,0,Hardware Composed: Independent Flip,20529.6017,NA,6.28400000000000,6.97540000000000,0.32880000000000,2.25220000000000,5.9591,20523.6085,6.3220,5.9932,0.3288,5.9755,2.2699,2.2625,0.0074,0.3741,20523.6085,NA,NA,NA
MegaProject.exe,13848,0x1F4D621B830,DXGI,1,0,0,Hardware Composed: Independent Flip,20536.6875,NA,7.08580000000000,6.89850000000000,0.24860000000000,2.09970000000000,5.7718,20529.9305,7.0056,6.7570,0.2486,6.7345,2.1222,2.1104,0.0118,-0.5765,20529.9305,NA,NA,NA
MegaProject.exe,13848,0x1F4D621B830,DXGI,1,0,0,Hardware Composed: Independent Flip,20544.3381,NA,7.65060000000000,6.99110000000000,0.32960000000000,2.10690000000000,5.1123,20536.9361,7.7316,7.4020,0.3296,7.3795,2.1294,2.1175,0.0119,0.0145,20536.9361,NA,NA,NA
MegaProject.exe,13848,0x1F4D621B830,DXGI,1,0,0,Hardware Composed: Independent Flip,20550.5671,NA,6.22900000000000,6.94290000000000,0.29250000000000,2.24700000000000,5.8262,20544.6677,6.1919,5.8994,0.2925,5.8822,2.2642,2.2566,0.0076,0.7887,20544.6677,NA,NA,NA
MegaProject.exe,13848,0x1F4D621B830,DXGI,1,0,0,Hardware Composed: Independent Flip,20558.3092,NA,7.74210000000000,6.94570000000000,0.32510000000000,2.17620000000000,5.0298,20550.8596,7.7747,7.4496,0.3251,7.4097,2.2161,2.2043,0.0118,-0.7538,20550.8596,NA,NA,NA
MegaProject.exe,13848,0x1F4D621B830,DXGI,1,0,0,Hardware Composed: Independent Flip,20564.5824,NA,6.27320000000000,6.95160000000000,0.34610000000000,2.11400000000000,5.7082,20558.6343,6.2942,5.9481,0.3461,5.8934,2.1687,2.1568,0.0119,0.8231,20558.6343,NA,NA,NA
MegaProject.exe,13848,0x1F4D621B830,DXGI,1,0,0,Hardware Composed: Independent Flip,20571.4289,NA,6.84650000000000,6.94630000000000,0.30380000000000,2.18370000000000,5.8080,20564.9285,6.8042,6.5004,0.3038,6.4837,2.2004,2.1920,0.0084,-0.6521,20564.9285,NA,NA,NA
MegaProject.exe,13848,0x1F4D621B830,DXGI,1,0,0,Hardware Composed: Independent Flip,20578.9739,NA,7.54500000000000,6.77550000000000,0.31270000000000,2.14440000000000,5.0385,20571.7327,7.5539,7.2412,0.3127,7.2176,2.1680,2.1559,0.0121,0.0287,20571.7327,NA,NA,NA
MegaProject.exe,13848,0x1F4D621B830,DXGI,1,0,0,Hardware Composed: Independent Flip,20584.9790,NA,6.00510000000000,6.99080000000000,0.32000000000000,2.03390000000000,6.0242,20579.2866,6.0124,5.6924,0.3200,5.6447,2.0816,2.0688,0.0128,0.5631,20579.2866,NA,NA,NA
MegaProject.exe,13848,0x1F4D621B830,DXGI,1,0,0,Hardware Composed: Independent Flip,20593.0870,NA,8.10800000000000,6.94990000000000,0.36080000000000,1.77310000000000,4.8661,20585.2990,8.1488,7.7880,0.3608,7.7684,1.7927,1.7824,0.0103,-0.9375,20585.2990,NA,NA,NA
MegaProject.exe,13848,0x1F4D621B830,DXGI,1,0,0,Hardware Composed: Independent Flip,20599.0612,NA,5.97420000000000,6.88130000000000,0.32910000000000,1.86540000000000,5.7732,20593.4478,5.9425,5.6134,0.3291,5.5958,1.8830,1.8783,0.0047,1.2675,20593.4478,NA,NA,NA
MegaProject.exe,13848,0x1F4D621B830,DXGI,1,0,0,Hardware Composed: Independent Flip,20605.9367,NA,6.87550000000000,7.00370000000000,0.31770000000000,1.84330000000000,5.9014,20599.3903,6.8641,6.5464,0.3177,6.5234,1.8663,1.8575,0.0088,-1.0612,20599.3903,NA,NA,NA
MegaProject.exe,13848,0x1F4D621B830,DXGI,1,0,0,Hardware Composed: Independent Flip,20613.5005,NA,7.56380000000000,6.95010000000000,0.40530000000000,2.17240000000000,5.2877,20606.2544,7.6514,7.2461,0.4053,7.2288,2.1897,2.1814,0.0083,-0.0860,20606.2544,NA,NA,NA
MegaProject.exe,13848,0x1F4D621B830,DXGI,1,0,0,Hardware Composed: Independent Flip,20620.0699,NA,6.56940000000000,7.05940000000000,0.33040000000000,1.78750000000000,5.7777,20613.9058,6.4945,6.1641,0.3304,6.1459,1.8057,1.8008,0.0049,0.5920,20613.9058,NA,NA,NA
MegaProject.exe,13848,0x1F4D621B830,DXGI,1,0,0,Hardware Composed: Independent Flip,20627.0971,NA,7.02720000000000,6.90700000000000,0.31080000000000,2.03870000000000,5.6575,20620.4003,7.0076,6.6968,0.3108,6.6732,2.0623,2.0487,0.0136,-0.4125,20620.4003,NA,NA,NA
MegaProject.exe,13848,0x1F4D621B830,DXGI,1,0,0,Hardware Composed: Independent Flip,20634.5445,NA,7.44740000000000,6.99130000000000,0.41860000000000,2.14350000000000,5.2014,20627.4079,7.5552,7.1366,0.4186,7.1131,2.1670,2.1551,0.0119,0.0163,20627.4079,NA,NA,NA
MegaProject.exe,13848,0x1F4D621B830,DXGI,1,0,0,Hardware Composed: Independent Flip,20640.8752,NA,6.33070000000000,6.93330000000000,0.30210000000000,2.25360000000000,5.8040,20634.9631,6.2142,5.9121,0.3021,5.8956,2.2701,2.2623,0.0078,0.6219,20634.9631,NA,NA,NA
MegaProject.exe,13848,0x1F4D621B830,DXGI,1,0,0,Hardware Composed: Independent Flip,20648.4145,NA,7.53930000000000,6.94870000000000,0.32850000000000,2.17450000000000,5.2134,20641.1773,7.5657,7.2372,0.3285,7.2145,2.1972,2.1852,0.0120,-0.7345,20641.1773,NA,NA,NA
MegaProject.exe,13848,0x1F4D621B830,DXGI,1,0,0,Hardware Composed: Independent Flip,20654.8944,NA,6.47990000000000,6.89510000000000,0.29400000000000,2.13000000000000,5.6286,20648.7430,6.4454,6.1514,0.2940,6.1026,2.1788,2.1671,0.0117,0.6706,20648.7430,NA,NA,NA
MegaProject.exe,13848,0x1F4D621B830,DXGI,1,0,0,Hardware Composed: Independent Flip,20661.7105,NA,6.81610000000000,7.04300000000000,0.41800000000000,2.03410000000000,5.8555,20655.1884,6.9401,6.5221,0.4180,6.5044,2.0518,2.0421,0.0097,-0.5976,20655.1884,NA,NA,NA
MegaProject.exe,13848,0x1F4D621B830,DXGI,1,0,0,Hardware Composed: Independent Flip,20669.3662,NA,7.65570000000000,6.84100000000000,0.40540000000000,2.21410000000000,5.0408,20662.1285,7.6431,7.2377,0.4054,7.2204,2.2314,2.2237,0.0077,0.0991,20662.1285,NA,NA,NA
MegaProject.exe,13848,0x1F4D621B830,DXGI,1,0,0,Hardware Composed: Independent Flip,20675.5587,NA,6.19250000000000,6.99740000000000,0.32030000000000,2.12750000000000,5.8457,20669.7716,6.1074,5.7871,0.3203,5.7560,2.1586,2.1464,0.0122,0.6457,20669.7716,NA,NA,NA
MegaProject.exe,13848,0x1F4D621B830,DXGI,1,0,0,Hardware Composed: Independent Flip,20683.0983,NA,7.53960000000000,6.95470000000000,0.30710000000000,1.96160000000000,5.2608,20675.8790,7.5264,7.2193,0.3071,7.2024,1.9785,1.9636,0.0149,-0.8473,20675.8790,NA,NA,NA
MegaProject.exe,13848,0x1F4D621B830,DXGI,1,0,0,Hardware Composed: Independent Flip,20689.4891,NA,6.39080000000000,6.85700000000000,0.27120000000000,2.17750000000000,5.7270,20683.4054,6.3549,6.0837,0.2712,6.0444,2.2168,2.2093,0.0075,0.6694,20683.4054,NA,NA,NA
MegaProject.exe,13848,0x1F4D621B830,DXGI,1,0,0,Hardware Composed: Independent Flip,20696.3708,NA,6.88170000000000,6.88620000000000,0.33430000000000,1.76400000000000,5.7315,20689.7603,6.9448,6.6105,0.3343,6.5663,1.8082,1.7990,0.0092,-0.5313,20689.7603,NA,NA,NA
MegaProject.exe,13848,0x1F4D621B830,DXGI,1,0,0,Hardware Composed: Independent Flip,20704.1438,NA,7.77300000000000,6.91080000000000,0.37510000000000,1.81360000000000,4.8693,20696.7051,7.8138,7.4387,0.3751,7.4107,1.8416,1.8320,0.0096,0.0340,20696.7051,NA,NA,NA
MegaProject.exe,13848,0x1F4D621B830,DXGI,1,0,0,Hardware Composed: Independent Flip,20710.1593,NA,6.01550000000000,6.94960000000000,0.32090000000000,1.82110000000000,5.8034,20704.5189,5.9613,5.6404,0.3209,5.6232,1.8383,1.8337,0.0046,0.8642,20704.5189,NA,NA,NA
MegaProject.exe,13848,0x1F4D621B830,DXGI,1,0,0,Hardware Composed: Independent Flip,20717.8771,NA,7.71780000000000,6.99950000000000,0.44130000000000,1.77900000000000,5.0851,20710.4802,7.8382,7.3969,0.4413,7.3717,1.8042,1.7957,0.0085,-1.0382,20710.4802,NA,9.0263,NA
MegaProject.exe,13848,0x1F4D621B830,DXGI,1,0,0,Hardware Composed: Independent Flip,20723.9468,NA,6.06970000000000,6.94150000000000,0.42950000000000,2.17310000000000,5.9569,20718.3184,6.0579,5.6284,0.4295,5.6000,2.2015,2.1943,0.0072,0.8967,20718.3184,NA,NA,NA
MegaProject.exe,13848,0x1F4D621B830,DXGI,1,0,0,Hardware Composed: Independent Flip,20731.1038,NA,7.15700000000000,6.93400000000000,0.40180000000000,1.79090000000000,5.7339,20724.3763,7.1293,6.7275,0.4018,6.7089,1.8095,1.8056,0.0039,-0.8761,20724.3763,NA,NA,NA
MegaProject.exe,13848,0x1F4D621B830,DXGI,1,0,0,Hardware Composed: Independent Flip,20738.8590,NA,7.75520000000000,6.95080000000000,0.49790000000000,1.89070000000000,4.9295,20731.5056,7.8513,7.3534,0.4979,7.3243,1.9198,1.9103,0.0095,0.1785,20731.5056,NA,NA,NA
MegaProject.exe,13848,0x1F4D621B830,DXGI,1,0,0,Hardware Composed: Independent Flip,20745.1402,NA,6.28120000000000,6.95770000000000,0.35950000000000,1.82110000000000,5.6060,20739.3569,6.1428,5.7833,0.3595,5.7546,1.8498,1.8407,0.0091,0.8936,20739.3569,NA,NA,NA
MegaProject.exe,13848,0x1F4D621B830,DXGI,1,0,0,Hardware Composed: Independent Flip,20751.8490,NA,6.70880000000000,6.93970000000000,0.33040000000000,1.87500000000000,5.8369,20745.4997,6.6797,6.3493,0.3304,6.3320,1.8923,1.8853,0.0070,-0.7969,20745.4997,NA,NA,NA
MegaProject.exe,13848,0x1F4D621B830,DXGI,1,0,0,Hardware Composed: Independent Flip,20759.5941,NA,7.74510000000000,6.91870000000000,0.31640000000000,1.89200000000000,5.0105,20752.1794,7.7311,7.4147,0.3164,7.3973,1.9094,1.9043,0.0051,-0.2390,20752.1794,NA,10.7119,NA
MegaProject.exe,13848,0x1F4D621B830,DXGI,1,0,0,Hardware Composed: Independent Flip,20765.7015,NA,6.10740000000000,6.97770000000000,0.33320000000000,1.82590000000000,5.8808,20759.9105,6.1242,5.7910,0.3332,5.7681,1.8488,1.8409,0.0079,0.7534,20759.9105,NA,NA,NA
MegaProject.exe,13848,0x1F4D621B830,DXGI,1,0,0,Hardware Composed: Independent Flip,20773.1121,NA,7.41060000000000,6.95090000000000,0.30790000000000,1.86110000000000,5.4211,20766.0347,7.3853,7.0774,0.3079,7.0610,1.8775,1.8701,0.0074,-0.8267,20766.0347,NA,NA,NA
MegaProject.exe,13848,0x1F4D621B830,DXGI,1,0,0,Hardware Composed: Independent Flip,20779.4821,NA,6.37000000000000,7.04290000000000,0.30310000000000,1.83630000000000,6.0940,20773.4200,6.3652,6.0621,0.3031,6.0438,1.8546,1.8499,0.0047,0.3424,20773.4200,NA,NA,NA
MegaProject.exe,13848,0x1F4D621B830,DXGI,1,0,0,Hardware Composed: Independent Flip,20786.8829,NA,7.40080000000000,6.91530000000000,0.41330000000000,2.14870000000000,5.6085,20779.7852,7.5110,7.0977,0.4133,7.0709,2.1755,2.1616,0.0139,-0.5501,20779.7852,NA,8.4399,NA
MegaProject.exe,13848,0x1F4D621B830,DXGI,1,0,0,Hardware Composed: Independent Flip,20794.2913,NA,7.40840000000000,6.94240000000000,0.35880000000000,2.06940000000000,5.1425,20787.2962,7.3539,6.9951,0.3588,6.9722,2.0923,2.0799,0.0124,0.5686,20787.2962,NA,NA,NA
MegaProject.exe,13848,0x1F4D621B830,DXGI,1,0,0,Hardware Composed: Independent Flip,20800.4781,NA,6.18680000000000,6.90290000000000,0.25840000000000,2.24360000000000,5.8586,20794.6501,6.0864,5.8280,0.2584,5.8106,2.2610,2.2534,0.0076,0.4510,20794.6501,NA,NA,NA
MegaProject.exe,13848,0x1F4D621B830,DXGI,1,0,0,Hardware Composed: Independent Flip,20808.4418,NA,7.96370000000000,6.89750000000000,0.53920000000000,1.99250000000000,4.7924,20800.7365,8.2445,7.7053,0.5392,7.6748,2.0230,1.9920,0.0310,-0.8111,20800.7365,NA,NA,NA
MegaProject.exe,13848,0x1F4D621B830,DXGI,1,0,0,Hardware Composed: Independent Flip,20814.4246,NA,5.98280000000000,6.93970000000000,0.41350000000000,1.92700000000000,5.7493,20808.9810,5.8571,5.4436,0.4135,5.4200,1.9506,1.9257,0.0249,1.3048,20808.9810,NA,NA,NA
MegaProject.exe,13848,0x1F4D621B830,DXGI,1,0,0,Hardware Composed: Independent Flip,20821.2671,NA,6.84250000000000,6.96910000000000,0.32080000000000,1.82420000000000,5.8759,20814.8381,6.7498,6.4290,0.3208,6.4123,1.8409,1.8345,0.0064,-1.1120,20814.8381,NA,13.4474,NA
MegaProject.exe,13848,0x1F4D621B830,DXGI,1,0,0,Hardware Composed: Independent Flip,20828.8293,NA,7.56220000000000,6.88250000000000,0.52530000000000,1.82090000000000,5.1962,20821.5879,7.7667,7.2414,0.5253,7.2170,1.8453,1.8369,0.0084,-0.1327,20821.5879,NA,NA,NA
MegaProject.exe,13848,0x1F4D621B830,DXGI,1,0,0,Hardware Composed: Independent Flip,20835.2151,NA,6.38580000000000,7.00180000000000,0.29050000000000,1.81150000000000,5.8122,20829.3546,6.1510,5.8605,0.2905,5.8420,1.8300,1.8256,0.0044,0.7649,20829.3546,NA,NA,NA
MegaProject.exe,13848,0x1F4D621B830,DXGI,1,0,0,Hardware Composed: Independent Flip,20842.9962,NA,7.78110000000000,6.94390000000000,0.32710000000000,1.78910000000000,4.9750,20835.5056,7.8177,7.4906,0.3271,7.4713,1.8084,1.7991,0.0093,-0.7929,20835.5056,NA,NA,NA
MegaProject.exe,13848,0x1F4D621B830,DXGI,1,0,0,Hardware Composed: Independent Flip,20849.1970,NA,6.20080000000000,7.01470000000000,0.32810000000000,1.85690000000000,5.7889,20843.3233,6.2018,5.8737,0.3281,5.8575,1.8731,1.8690,0.0041,0.8030,20843.3233,NA,NA,NA
MegaProject.exe,13848,0x1F4D621B830,DXGI,1,0,0,Hardware Composed: Independent Flip,20856.3773,NA,7.18030000000000,6.96260000000000,0.33120000000000,2.07030000000000,5.5712,20849.5251,7.1834,6.8522,0.3312,6.8291,2.0934,2.0809,0.0125,-0.7608,20849.5251,NA,8.1790,NA
MegaProject.exe,13848,0x1F4D621B830,DXGI,1,0,0,Hardware Composed: Independent Flip,20863.5829,NA,7.20560000000000,6.93170000000000,0.31770000000000,1.99020000000000,5.2973,20856.7085,7.1921,6.8744,0.3177,6.8571,2.0075,1.9951,0.0124,0.2517,20856.7085,NA,NA,NA
MegaProject.exe,13848,0x1F4D621B830,DXGI,1,0,0,Hardware Composed: Independent Flip,20869.9720,NA,6.38910000000000,6.94630000000000,0.30780000000000,2.10920000000000,5.8545,20863.9006,6.3792,6.0714,0.3078,6.0554,2.1252,2.1174,0.0078,0.2458,20863.9006,NA,NA,NA
MegaProject.exe,13848,0x1F4D621B830,DXGI,1,0,0,Hardware Composed: Independent Flip,20877.0194,NA,7.04740000000000,6.99700000000000,0.33290000000000,2.23350000000000,5.8041,20870.2798,7.0725,6.7396,0.3329,6.7170,2.2561,2.2443,0.0118,-0.6178,20870.2798,NA,NA,NA
MegaProject.exe,13848,0x1F4D621B830,DXGI,1,0,0,Hardware Composed: Independent Flip,20884.5245,NA,7.50510000000000,6.94610000000000,0.35180000000000,2.10470000000000,5.2451,20877.3523,7.5240,7.1722,0.3518,7.1480,2.1289,2.1168,0.0121,0.1264,20877.3523,NA,NA,NA
MegaProject.exe,13848,0x1F4D621B830,DXGI,1,0,0,Hardware Composed: Independent Flip,20890.8885,NA,6.36400000000000,6.94030000000000,0.25540000000000,2.28180000000000,5.8214,20884.8763,6.2676,6.0122,0.2554,5.9960,2.2980,2.2905,0.0075,0.5837,20884.8763,NA,12.8827,NA
MegaProject.exe,13848,0x1F4D621B830,DXGI,1,0,0,Hardware Composed: Independent Flip,20898.7122,NA,7.82370000000000,6.98180000000000,0.34450000000000,2.11550000000000,4.9795,20891.1439,7.9128,7.5683,0.3445,7.5432,2.1406,2.1285,0.0121,-0.7142,20891.1439,NA,NA,NA
MegaProject.exe,13848,0x1F4D621B830,DXGI,1,0,0,Hardware Composed: Independent Flip,20905.0185,NA,6.30630000000000,6.90390000000000,0.30280000000000,2.13640000000000,5.5771,20899.0567,6.2646,5.9618,0.3028,5.9374,2.1608,2.1488,0.0120,1.0089,20899.0567,NA,NA,NA
MegaProject.exe,13848,0x1F4D621B830,DXGI,1,0,0,Hardware Composed: Independent Flip,20911.6528,NA,6.63430000000000,6.91770000000000,0.29330000000000,2.20980000000000,5.8605,20905.3213,6.6248,6.3315,0.2933,6.3154,2.2259,2.2179,0.0080,-0.6531,20905.3213,NA,NA,NA
MegaProject.exe,13848,0x1F4D621B830,DXGI,1,0,0,Hardware Composed: Independent Flip,20919.5061,NA,7.85330000000000,6.93190000000000,0.46070000000000,2.31330000000000,4.9391,20911.9461,8.0207,7.5600,0.4607,7.5286,2.3447,2.3342,0.0105,-0.3071,20911.9461,NA,10.4923,NA
MegaProject.exe,13848,0x1F4D621B830,DXGI,1,0,0,Hardware Composed: Independent Flip,20925.8192,NA,6.31310000000000,6.95710000000000,0.31120000000000,2.09110000000000,5.5831,20919.9668,6.1636,5.8524,0.3112,5.8272,2.1163,2.1026,0.0137,1.0636,20919.9668,NA,NA,NA
MegaProject.exe,13848,0x1F4D621B830,DXGI,1,0,0,Hardware Composed: Independent Flip,20933.1442,NA,7.32500000000000,6.98180000000000,0.31930000000000,2.22160000000000,5.2399,20926.1304,7.3331,7.0138,0.3193,6.9971,2.2383,2.2257,0.0126,-0.8182,20926.1304,NA,NA,NA
MegaProject.exe,13848,0x1F4D621B830,DXGI,1,0,0,Hardware Composed: Independent Flip,20939.6864,NA,6.54220000000000,6.82700000000000,0.31510000000000,2.22960000000000,5.5247,20933.4635,6.5380,6.2229,0.3151,6.2038,2.2487,2.2412,0.0075,0.5061,20933.4635,NA,NA,NA
MegaProject.exe,13848,0x1F4D621B830,DXGI,1,0,0,Hardware Composed: Independent Flip,20946.4093,NA,6.72290000000000,7.02090000000000,0.40210000000000,2.04520000000000,5.8227,20940.0015,6.8099,6.4078,0.4021,6.3885,2.0645,2.0537,0.0108,-0.4829,20940.0015,NA,NA,NA
MegaProject.exe,13848,0x1F4D621B830,DXGI,1,0,0,Hardware Composed: Independent Flip,20954.5142,NA,8.10490000000000,6.98020000000000,0.35670000000000,2.17080000000000,4.6980,20946.8114,8.0595,7.7028,0.3567,7.6790,2.1946,2.1825,0.0121,-0.1703,20946.8114,NA,NA,NA
MegaProject.exe,13848,0x1F4D621B830,DXGI,1,0,0,Hardware Composed: Independent Flip,20960.4583,NA,5.94410000000000,6.98180000000000,0.29320000000000,2.22960000000000,5.7357,20954.8709,5.8806,5.5874,0.2932,5.5694,2.2476,2.2395,0.0081,1.0777,20954.8709,NA,12.4062,NA
MegaProject.exe,13848,0x1F4D621B830,DXGI,1,0,0,Hardware Composed: Independent Flip,20968.2355,NA,7.77720000000000,6.90670000000000,0.33320000000000,2.10320000000000,4.8652,20960.7515,7.8172,7.4840,0.3332,7.4593,2.1279,2.1160,0.0119,-1.0261,20960.7515,NA,NA,NA
MegaProject.exe,13848,0x1F4D621B830,DXGI,1,0,0,Hardware Composed: Independent Flip,20974.3742,NA,6.13870000000000,6.95360000000000,0.37770000000000,2.05910000000000,5.6801,20968.5687,6.1832,5.8055,0.3777,5.7574,2.1072,2.0952,0.0120,0.8636,20968.5687,NA,NA,NA
MegaProject.exe,13848,0x1F4D621B830,DXGI,1,0,0,Hardware Composed: Independent Flip,20981.1493,NA,6.77510000000000,6.89180000000000,0.29020000000000,2.22950000000000,5.7968,20974.7519,6.6876,6.3974,0.2902,6.3810,2.2459,2.2375,0.0084,-0.7086,20974.7519,NA,NA,NA
MegaProject.exe,13848,0x1F4D621B830,DXGI,1,0,0,Hardware Composed: Independent Flip,20988.9623,NA,7.81300000000000,6.95510000000000,0.35550000000000,2.15790000000000,4.9389,20981.4395,7.8783,7.5228,0.3555,7.4979,2.1828,2.1705,0.0123,-0.2675,20981.4395,NA,9.9463,NA
MegaProject.exe,13848,0x1F4D621B830,DXGI,1,0,0,Hardware Composed: Independent Flip,20995.2485,NA,6.28620000000000,6.94370000000000,0.30780000000000,2.06270000000000,5.5964,20989.3178,6.2385,5.9307,0.3078,5.9130,2.0804,2.0714,0.0090,0.9346,20989.3178,NA,NA,NA
MegaProject.exe,13848,0x1F4D621B830,DXGI,1,0,0,Hardware Composed: Independent Flip,21001.9257,NA,6.67720000000000,6.92610000000000,0.31280000000000,2.23300000000000,5.8453,20995.5563,6.6822,6.3694,0.3128,6.3521,2.2503,2.2427,0.0076,-0.6876,20995.5563,NA,NA,NA
MegaProject.exe,13848,0x1F4D621B830,DXGI,1,0,0,Hardware Composed: Independent Flip,21009.8439,NA,7.91820000000000,6.89980000000000,0.43670000000000,2.07500000000000,4.8269,21002.2385,8.0421,7.6054,0.4367,7.5786,2.1018,2.0909,0.0109,-0.2176,21002.2385,NA,NA,NA
MegaProject.exe,13848,0x1F4D621B830,DXGI,1,0,0,Hardware Composed: Independent Flip,21016.5499,NA,6.70600000000000,6.94820000000000,0.46700000000000,2.05630000000000,5.0691,21010.2806,6.7363,6.2693,0.4670,6.2425,2.0831,2.0571,0.0260,1.0939,21010.2806,NA,7.4753,NA
MegaProject.exe,13848,0x1F4D621B830,DXGI,1,0,0,Hardware Composed: Independent Flip,21023.5621,NA,7.01220000000000,6.91410000000000,0.41790000000000,1.89180000000000,4.9710,21017.0169,6.9631,6.5452,0.4179,6.5251,1.9119,1.8890,0.0229,-0.1778,21017.0169,NA,NA,NA
MegaProject.exe,13848,0x1F4D621B830,DXGI,1,0,0,Hardware Composed: Independent Flip,21029.6865,NA,6.12440000000000,6.94920000000000,0.35030000000000,1.83780000000000,5.7958,21023.9800,6.0568,5.7065,0.3503,5.6879,1.8564,1.8403,0.0161,0.0139,21023.9800,NA,NA,NA
MegaProject.exe,13848,0x1F4D621B830,DXGI,1,0,0,Hardware Composed: Independent Flip,21036.6758,NA,6.98930000000000,6.95740000000000,0.35580000000000,1.86910000000000,5.7639,21030.0368,6.9948,6.6390,0.3558,6.6134,1.8947,1.8844,0.0103,-0.9006,21030.0368,NA,NA,NA
MegaProject.exe,13848,0x1F4D621B830,DXGI,1,0,0,Hardware Composed: Independent Flip,21044.1841,NA,7.50830000000000,6.94240000000000,0.31870000000000,1.80870000000000,5.1980,21037.0316,7.4712,7.1525,0.3187,7.1303,1.8309,1.8222,0.0087,0.0524,21037.0316,NA,NA,NA
MegaProject.exe,13848,0x1F4D621B830,DXGI,1,0,0,Hardware Composed: Independent Flip,21050.7947,NA,6.61060000000000,6.88720000000000,0.33740000000000,1.79250000000000,5.4746,21044.5028,6.6293,6.2919,0.3374,6.2745,1.8099,1.8059,0.0040,0.5840,21044.5028,NA,12.4403,NA
MegaProject.exe,13848,0x1F4D621B830,DXGI,1,0,0,Hardware Composed: Independent Flip,21058.4690,NA,7.67430000000000,6.94240000000000,0.41740000000000,1.73900000000000,4.7427,21051.1321,7.7543,7.3369,0.4174,7.3163,1.7596,1.7551,0.0045,-0.3131,21051.1321,NA,NA,NA
MegaProject.exe,13848,0x1F4D621B830,DXGI,1,0,0,Hardware Composed: Independent Flip,21064.4997,NA,6.03070000000000,7.00510000000000,0.33790000000000,1.82780000000000,5.7171,21058.8864,5.9512,5.6133,0.3379,5.5909,1.8502,1.8419,0.0083,0.7492,21058.8864,NA,NA,NA
MegaProject.exe,13848,0x1F4D621B830,DXGI,1,0,0,Hardware Composed: Independent Flip,21071.3703,NA,6.87060000000000,6.94690000000000,0.30910000000000,1.76450000000000,5.7934,21064.8376,6.8418,6.5327,0.3091,6.5154,1.7818,1.7758,0.0060,-0.9957,21064.8376,NA,NA,NA
MegaProject.exe,13848,0x1F4D621B830,DXGI,1,0,0,Hardware Composed: Independent Flip,21079.3104,NA,7.94010000000000,6.90850000000000,0.35790000000000,1.82000000000000,4.7618,21071.6794,7.9889,7.6310,0.3579,7.6054,1.8456,1.8382,0.0074,-0.0667,21071.6794,NA,NA,NA
MegaProject.exe,13848,0x1F4D621B830,DXGI,1,0,0,Hardware Composed: Independent Flip,21086.0948,NA,6.78440000000000,6.97920000000000,0.32200000000000,1.81370000000000,4.9566,21079.6683,6.7485,6.4265,0.3220,6.4059,1.8343,1.8273,0.0070,1.0097,21079.6683,NA,7.4104,NA
MegaProject.exe,13848,0x1F4D621B830,DXGI,1,0,0,Hardware Composed: Independent Flip,21092.9144,NA,6.81960000000000,6.94270000000000,0.31450000000000,1.80380000000000,5.0797,21086.4168,6.8121,6.4976,0.3145,6.4811,1.8203,1.8146,0.0057,-0.1942,21086.4168,NA,NA,NA
MegaProject.exe,13848,0x1F4D621B830,DXGI,1,0,0,Hardware Composed: Independent Flip,21099.1387,NA,6.22430000000000,6.92300000000000,0.32110000000000,1.80430000000000,5.7784,21093.2289,6.2309,5.9098,0.3211,5.8920,1.8221,1.8160,0.0061,-0.1109,21093.2289,NA,NA,NA
MegaProject.exe,13848,0x1F4D621B830,DXGI,1,0,0,Hardware Composed: Independent Flip,21106.1113,NA,6.97260000000000,7.08990000000000,0.31660000000000,2.15360000000000,5.8957,21099.4598,6.9681,6.6515,0.3166,6.6260,2.1791,2.1670,0.0121,-0.8590,21099.4598,NA,NA,NA
MegaProject.exe,13848,0x1F4D621B830,DXGI,1,0,0,Hardware Composed: Independent Flip,21114.0203,NA,7.90900000000000,6.94550000000000,0.32910000000000,2.07320000000000,4.9322,21106.4279,7.9215,7.5924,0.3291,7.5396,2.1260,2.1139,0.0121,0.0226,21106.4279,NA,NA,NA
MegaProject.exe,13848,0x1F4D621B830,DXGI,1,0,0,Hardware Composed: Independent Flip,21120.1316,NA,6.11130000000000,6.88870000000000,0.31060000000000,2.20900000000000,5.7096,21114.3494,6.0928,5.7822,0.3106,5.7653,2.2259,2.2166,0.0093,1.0328,21114.3494,NA,12.2096,NA
MegaProject.exe,13848,0x1F4D621B830,DXGI,1,0,0,Hardware Composed: Independent Flip,21127.0366,NA,6.90500000000000,6.86960000000000,0.39690000000000,2.26090000000000,5.6742,21120.4422,6.9913,6.5944,0.3969,6.5678,2.2875,2.2747,0.0128,-0.7768,21120.4422,NA,NA,NA
MegaProject.exe,13848,0x1F4D621B830,DXGI,1,0,0,Hardware Composed: Independent Flip,21134.5588,NA,7.52220000000000,6.95880000000000,0.42170000000000,2.01790000000000,5.1108,21127.4335,7.5470,7.1253,0.4217,7.1003,2.0429,2.0348,0.0081,0.0325,21127.4335,NA,NA,NA
MegaProject.exe,13848,0x1F4D621B830,DXGI,1,0,0,Hardware Composed: Independent Flip,21140.7810,NA,6.22220000000000,6.95650000000000,0.34710000000000,2.13180000000000,5.8451,21134.9805,6.1476,5.8005,0.3471,5.7836,2.1487,2.1444,0.0043,0.5905,21134.9805,NA,NA,NA
MegaProject.exe,13848,0x1F4D621B830,DXGI,1,0,0,Hardware Composed: Independent Flip,21148.5108,NA,7.72980000000000,6.94180000000000,0.41910000000000,2.08520000000000,5.0571,21141.1281,7.8018,7.3827,0.4191,7.3535,2.1144,2.1029,0.0115,-0.7942,21141.1281,NA,9.5238,NA
MegaProject.exe,13848,0x1F4D621B830,DXGI,1,0,0,Hardware Composed: Independent Flip,21154.6239,NA,6.11310000000000,6.93470000000000,0.32170000000000,2.08060000000000,5.8787,21148.9299,6.0157,5.6940,0.3217,5.6714,2.1032,2.0936,0.0096,0.8671,21148.9299,NA,NA,NA
MegaProject.exe,13848,0x1F4D621B830,DXGI,1,0,0,Hardware Composed: Independent Flip,21161.6396,NA,7.01570000000000,6.96150000000000,0.29570000000000,2.27400000000000,5.8245,21154.9456,6.9897,6.6940,0.2957,6.6775,2.2905,2.2804,0.0101,-0.9458,21154.9456,NA,NA,NA
MegaProject.exe,13848,0x1F4D621B830,DXGI,1,0,0,Hardware Composed: Independent Flip,21169.3865,NA,7.74690000000000,6.95270000000000,0.43010000000000,2.36920000000000,5.0303,21161.9353,7.8813,7.4512,0.4301,7.4311,2.3893,2.3791,0.0102,0.0370,21161.9353,NA,NA,NA
MegaProject.exe,13848,0x1F4D621B830,DXGI,1,0,0,Hardware Composed: Independent Flip,21175.7591,NA,6.37260000000000,7.01070000000000,0.46350000000000,2.48260000000000,5.6684,21169.8166,6.4060,5.9425,0.4635,5.9231,2.5020,2.4933,0.0087,0.8706,21169.8166,NA,NA,NA
MegaProject.exe,13848,0x1F4D621B830,DXGI,1,0,0,Hardware Composed: Independent Flip,21183.4773,NA,7.71820000000000,6.93370000000000,0.35430000000000,2.38490000000000,4.8839,21176.2226,7.6090,7.2547,0.3543,7.2355,2.4041,2.3940,0.0101,-0.5277,21176.2226,NA,NA,NA
MegaProject.exe,13848,0x1F4D621B830,DXGI,1,0,0,Hardware Composed: Independent Flip,21189.5303,NA,6.05300000000000,6.96120000000000,0.32570000000000,2.36680000000000,5.7921,21183.8316,6.0244,5.6987,0.3257,5.6819,2.3836,2.3760,0.0076,0.6478,21183.8316,NA,10.6201,NA
MegaProject.exe,13848,0x1F4D621B830,DXGI,1,0,0,Hardware Composed: Independent Flip,21196.4463,NA,6.91600000000000,6.97000000000000,0.40840000000000,2.33820000000000,5.8461,21189.8560,6.9987,6.5903,0.4084,6.5670,2.3615,2.3474,0.0141,-0.9456,21189.8560,NA,NA,NA
MegaProject.exe,13848,0x1F4D621B830,DXGI,1,0,0,Hardware Composed: Independent Flip,21204.1854,NA,7.73910000000000,6.94850000000000,0.33930000000000,2.46060000000000,5.0555,21196.8547,7.6700,7.3307,0.3393,7.3109,2.4804,2.4664,0.0140,0.0502,21196.8547,NA,NA,NA
MegaProject.exe,13848,0x1F4D621B830,DXGI,1,0,0,Hardware Composed: Independent Flip,21210.3334,NA,6.14800000000000,6.91000000000000,0.31140000000000,2.47390000000000,5.8175,21204.5247,6.1201,5.8087,0.3114,5.7913,2.4913,2.4836,0.0077,0.7600,21204.5247,NA,NA,NA
MegaProject.exe,13848,0x1F4D621B830,DXGI,1,0,0,Hardware Composed: Independent Flip,21218.3918,NA,8.05840000000000,6.93960000000000,0.28340000000000,2.27640000000000,4.6987,21210.6448,8.0304,7.7470,0.2834,7.7189,2.3045,2.2892,0.0153,-0.8195,21210.6448,NA,7.6981,NA
MegaProject.exe,13848,0x1F4D621B830,DXGI,1,0,0,Hardware Composed: Independent Flip,21224.1216,NA,5.72980000000000,6.95040000000000,0.29370000000000,2.33300000000000,5.9193,21218.6752,5.7401,5.4464,0.2937,5.4296,2.3498,2.3398,0.0100,1.0800,21218.6752,NA,NA,NA
MegaProject.exe,13848,0x1F4D621B830,DXGI,1,0,0,Hardware Composed: Independent Flip,21231.1185,NA,6.99690000000000,6.93460000000000,0.43530000000000,2.45640000000000,5.8570,21224.4153,7.1385,6.7032,0.4353,6.6834,2.4762,2.4493,0.0269,-1.1945,21224.4153,NA,NA,NA
MegaProject.exe,13848,0x1F4D621B830,DXGI,1,0,0,Hardware Composed: Independent Flip,21238.7044,NA,7.58590000000000,6.92990000000000,0.42550000000000,2.33880000000000,5.2010,21231.5538,7.5761,7.1506,0.4255,7.1254,2.3640,2.3497,0.0143,0.2086,21231.5538,NA,NA,NA
MegaProject.exe,13848,0x1F4D621B830,DXGI,1,0,0,Hardware Composed: Independent Flip,21244.9243,NA,6.21990000000000,6.96180000000000,0.34780000000000,2.34280000000000,5.9429,21239.1299,6.1422,5.7944,0.3478,5.7786,2.3586,2.3460,0.0126,0.6143,21239.1299,NA,NA,NA
MegaProject.exe,13848,0x1F4D621B830,DXGI,1,0,0,Hardware Composed: Independent Flip,21251.9576,NA,7.03330000000000,6.95720000000000,0.29740000000000,2.31830000000000,5.8668,21245.2721,6.9829,6.6855,0.2974,6.6696,2.3342,2.3224,0.0118,-0.8150,21245.2721,NA,11.8832,NA
MegaProject.exe,13848,0x1F4D621B830,DXGI,1,0,0,Hardware Composed: Independent Flip,21259.7975,NA,7.83990000000000,6.91190000000000,0.32650000000000,2.31880000000000,4.9388,21252.2550,7.8690,7.5425,0.3265,7.5194,2.3419,2.3280,0.0139,0.0710,21252.2550,NA,NA,NA
MegaProject.exe,13848,0x1F4D621B830,DXGI,1,0,0,Hardware Composed: Independent Flip,21265.9682,NA,6.17070000000000,6.88870000000000,0.28080000000000,2.40050000000000,5.6568,21260.1240,6.1250,5.8442,0.2808,5.8288,2.4159,2.3872,0.0287,0.9803,21260.1240,NA,NA,NA
MegaProject.exe,13848,0x1F4D621B830,DXGI,1,0,0,Hardware Composed: Independent Flip,21273.4151,NA,7.44690000000000,6.89240000000000,0.27770000000000,2.05750000000000,5.1023,21266.2490,7.4438,7.1661,0.2777,7.1494,2.0742,2.0664,0.0078,-0.7674,21266.2490,NA,NA,NA
MegaProject.exe,13848,0x1F4D621B830,DXGI,1,0,0,Hardware Composed: Independent Flip,21279.7584,NA,6.34330000000000,7.00080000000000,0.27630000000000,2.02910000000000,5.7598,21273.6928,6.3419,6.0656,0.2763,6.0470,2.0477,2.0413,0.0064,0.4430,21273.6928,NA,8.8778,NA
MegaProject.exe,13848,0x1F4D621B830,DXGI,1,0,0,Hardware Composed: Independent Flip,21286.7207,NA,6.96230000000000,6.94680000000000,0.28310000000000,2.08250000000000,5.7443,21280.0347,6.9691,6.6860,0.2831,6.6679,2.1006,2.0905,0.0101,-0.6049,21280.0347,NA,NA,NA
MegaProject.exe,13848,0x1F4D621B830,DXGI,1,0,0,Hardware Composed: Independent Flip,21294.0964,NA,7.37570000000000,6.94340000000000,0.44150000000000,1.98040000000000,5.3120,21287.0038,7.5341,7.0926,0.4415,7.0768,1.9962,1.9902,0.0060,0.0257,21287.0038,NA,NA,NA
MegaProject.exe,13848,0x1F4D621B830,DXGI,1,0,0,Hardware Composed: Independent Flip,21300.4490,NA,6.35260000000000,6.94250000000000,0.25380000000000,2.05520000000000,5.9019,21294.5379,6.1649,5.9111,0.2538,5.8881,2.0782,2.0707,0.0075,0.5916,21294.5379,NA,NA,NA
MegaProject.exe,13848,0x1F4D621B830,DXGI,1,0,0,Hardware Composed: Independent Flip,21308.2940,NA,7.84500000000000,6.92090000000000,0.31620000000000,1.98400000000000,4.9778,21300.7028,7.9074,7.5912,0.3162,7.5676,2.0076,1.9994,0.0082,-0.7560,21300.7028,NA,NA,NA
MegaProject.exe,13848,0x1F4D621B830,DXGI,1,0,0,Hardware Composed: Independent Flip,21314.5424,NA,6.24840000000000,7.02470000000000,0.35070000000000,2.04120000000000,5.7541,21308.6102,6.2829,5.9322,0.3507,5.9145,2.0589,2.0515,0.0074,0.8827,21308.6102,NA,NA,NA
MegaProject.exe,13848,0x1F4D621B830,DXGI,1,0,0,Hardware Composed: Independent Flip,21321.4845,NA,6.94210000000000,6.83690000000000,0.37290000000000,2.25400000000000,5.6489,21314.8931,6.9643,6.5914,0.3729,6.5728,2.2726,2.2655,0.0071,-0.5540,21314.8931,NA,9.4180,NA
MegaProject.exe,13848,0x1F4D621B830,DXGI,1,0,0,Hardware Composed: Independent Flip,21329.2746,NA,7.79010000000000,6.99590000000000,0.51510000000000,2.33180000000000,4.8547,21321.8574,7.9323,7.4172,0.5151,7.3854,2.3636,2.3498,0.0138,-0.0316,21321.8574,NA,NA,NA
MegaProject.exe,13848,0x1F4D621B830,DXGI,1,0,0,Hardware Composed: Independent Flip,21335.5643,NA,6.28970000000000,6.91220000000000,0.43180000000000,2.14570000000000,5.4772,21329.7897,6.2064,5.7746,0.4318,5.7550,2.1653,2.1453,0.0200,1.0201,21329.7897,NA,NA,NA
MegaProject.exe,13848,0x1F4D621B830,DXGI,1,0,0,Hardware Composed: Independent Flip,21342.6427,NA,7.07840000000000,6.98390000000000,0.47650000000000,2.09790000000000,5.3827,21335.9961,7.1231,6.6466,0.4765,6.6222,2.1223,2.1132,0.0091,-0.7775,21335.9961,NA,NA,NA
MegaProject.exe,13848,0x1F4D621B830,DXGI,1,0,0,Hardware Composed: Independent Flip,21349.2719,NA,6.62920000000000,6.93980000000000,0.42530000000000,2.16750000000000,5.6933,21343.1192,6.5780,6.1527,0.4253,6.1252,2.1950,2.1818,0.0132,0.1833,21343.1192,NA,NA,NA
MegaProject.exe,13848,0x1F4D621B830,DXGI,1,0,0,Hardware Composed: Independent Flip,21356.1702,NA,6.89830000000000,6.94710000000000,0.30790000000000,2.05060000000000,5.7421,21349.6972,6.7809,6.4730,0.3079,6.4524,2.0712,2.0631,0.0081,-0.3691,21349.6972,NA,13.9123,NA
MegaProject.exe,13848,0x1F4D621B830,DXGI,1,0,0,Hardware Composed: Independent Flip,21363.6798,NA,7.50960000000000,6.96410000000000,0.30390000000000,2.00630000000000,5.1966,21356.4781,7.5056,7.2017,0.3039,7.1773,2.0307,2.0234,0.0073,-0.1832,21356.4781,NA,NA,NA
MegaProject.exe,13848,0x1F4D621B830,DXGI,1,0,0,Hardware Composed: Independent Flip,21369.8468,NA,6.16700000000000,6.92320000000000,0.33380000000000,2.07120000000000,5.9528,21363.9837,6.1969,5.8631,0.3338,5.8405,2.0938,2.0852,0.0086,0.5824,21363.9837,NA,NA,NA
MegaProject.exe,13848,0x1F4D621B830,DXGI,1,0,0,Hardware Composed: Independent Flip,21376.8128,NA,6.96600000000000,6.95770000000000,0.31020000000000,2.02970000000000,5.9445,21370.1806,6.9424,6.6322,0.3102,6.6159,2.0460,2.0390,0.0070,-0.7608,21370.1806,NA,NA,NA
MegaProject.exe,13848,0x1F4D621B830,DXGI,1,0,0,Hardware Composed: Independent Flip,21384.6604,NA,7.84760000000000,6.94400000000000,0.30300000000000,2.09750000000000,5.0409,21377.1230,7.8404,7.5374,0.3030,7.5174,2.1175,2.1088,0.0087,-0.0016,21377.1230,NA,10.8477,NA
MegaProject.exe,13848,0x1F4D621B830,DXGI,1,0,0,Hardware Composed: Independent Flip,21390.8116,NA,6.15120000000000,6.93520000000000,0.27150000000000,2.06070000000000,5.8249,21384.9634,6.1197,5.8482,0.2715,5.8248,2.0841,2.0758,0.0083,0.9052,21384.9634,NA,NA,NA
MegaProject.exe,13848,0x1F4D621B830,DXGI,1,0,0,Hardware Composed: Independent Flip,21398.3137,NA,7.50210000000000,6.91740000000000,0.27080000000000,2.03210000000000,5.2402,21391.0831,7.5014,7.2306,0.2708,7.2118,2.0509,2.0414,0.0095,-0.7977,21391.0831,NA,NA,NA
MegaProject.exe,13848,0x1F4D621B830,DXGI,1,0,0,Hardware Composed: Independent Flip,21404.3347,NA,6.02100000000000,6.98420000000000,0.26270000000000,1.98560000000000,6.2034,21398.5845,6.0129,5.7502,0.2627,5.7341,2.0017,1.9953,0.0064,0.5172,21398.5845,NA,NA,NA
MegaProject.exe,13848,0x1F4D621B830,DXGI,1,0,0,Hardware Composed: Independent Flip,21411.8243,NA,7.48960000000000,6.94490000000000,0.37700000000000,2.13710000000000,5.6587,21404.5974,7.6039,7.2269,0.3770,7.2031,2.1609,2.1509,0.0100,-0.9320,21404.5974,NA,NA,NA
MegaProject.exe,13848,0x1F4D621B830,DXGI,1,0,0,Hardware Composed: Independent Flip,21419.1609,NA,7.33660000000000,6.92080000000000,0.41950000000000,2.15770000000000,5.2429,21412.2013,7.3791,6.9596,0.4195,6.9414,2.1759,2.1660,0.0099,0.6831,21412.2013,NA,13.8348,NA
MegaProject.exe,13848,0x1F4D621B830,DXGI,1,0,0,Hardware Composed: Independent Flip,21425.5161,NA,6.35520000000000,6.95490000000000,0.31880000000000,2.07280000000000,5.8426,21419.5804,6.2545,5.9357,0.3188,5.9180,2.0905,2.0837,0.0068,0.4242,21419.5804,NA,NA,NA
MegaProject.exe,13848,0x1F4D621B830,DXGI,1,0,0,Hardware Composed: Independent Flip,21433.1082,NA,7.59210000000000,6.93450000000000,0.40060000000000,2.03210000000000,5.1850,21425.8349,7.6739,7.2733,0.4006,7.2344,2.0710,2.0621,0.0089,-0.6800,21425.8349,NA,NA,NA
MegaProject.exe,13848,0x1F4D621B830,DXGI,1,0,0,Hardware Composed: Independent Flip,21439.6552,NA,6.54700000000000,6.93900000000000,0.31500000000000,2.07890000000000,5.5770,21433.5088,6.4614,6.1464,0.3150,6.1283,2.0970,2.0880,0.0090,0.7349,21433.5088,NA,NA,NA
MegaProject.exe,13848,0x1F4D621B830,DXGI,1,0,0,Hardware Composed: Independent Flip,21446.3727,NA,6.71750000000000,6.96860000000000,0.26050000000000,2.06930000000000,5.8281,21439.9702,6.6630,6.4025,0.2605,6.3845,2.0873,2.0795,0.0078,-0.5072,21439.9702,NA,11.4213,NA
MegaProject.exe,13848,0x1F4D621B830,DXGI,1,0,0,Hardware Composed: Independent Flip,21453.7437,NA,7.37100000000000,6.94810000000000,0.28850000000000,2.04980000000000,5.4052,21446.6332,7.3990,7.1105,0.2885,7.0899,2.0704,2.0617,0.0087,-0.2851,21446.6332,NA,NA,NA
MegaProject.exe,13848,0x1F4D621B830,DXGI,1,0,0,Hardware Composed: Independent Flip,21460.2506,NA,6.50690000000000,7.01500000000000,0.23860000000000,2.08160000000000,5.9133,21454.0322,6.4570,6.2184,0.2386,6.2010,2.0990,2.0694,0.0296,0.3840,21454.0322,NA,NA,NA
MegaProject.exe,13848,0x1F4D621B830,DXGI,1,0,0,Hardware Composed: Independent Flip,21467.8280,NA,7.57740000000000,6.94820000000000,0.25670000000000,2.37490000000000,5.2841,21460.4892,7.5955,7.3388,0.2567,7.3221,2.3916,2.3800,0.0116,-0.4912,21460.4892,NA,NA,NA
MegaProject.exe,13848,0x1F4D621B830,DXGI,1,0,0,Hardware Composed: Independent Flip,21474.1435,NA,6.31550000000000,6.93990000000000,0.24930000000000,2.33810000000000,5.9085,21468.0847,6.3081,6.0588,0.2493,6.0373,2.3596,2.3471,0.0125,0.6556,21468.0847,NA,NA,NA
MegaProject.exe,13848,0x1F4D621B830,DXGI,1,0,0,Hardware Composed: Independent Flip,21481.0245,NA,6.88100000000000,6.95510000000000,0.23450000000000,2.22690000000000,5.9826,21474.3928,6.8662,6.6317,0.2345,6.6157,2.2429,2.2348,0.0081,-0.6470,21474.3928,NA,NA,NA
MegaProject.exe,13848,0x1F4D621B830,DXGI,1,0,0,Hardware Composed: Independent Flip,21489.1788,NA,8.15430000000000,6.95520000000000,0.30980000000000,2.32560000000000,4.7835,21481.2590,8.2296,7.9198,0.3098,7.8932,2.3522,2.3402,0.0120,-0.0890,21481.2590,NA,11.9441,NA
MegaProject.exe,13848,0x1F4D621B830,DXGI,1,0,0,Hardware Composed: Independent Flip,21495.0986,NA,5.91980000000000,6.92980000000000,0.26520000000000,2.42040000000000,5.7935,21489.4886,5.8752,5.6100,0.2652,5.5923,2.4381,2.4264,0.0117,1.2998,21489.4886,NA,NA,NA
MegaProject.exe,13848,0x1F4D621B830,DXGI,1,0,0,Hardware Composed: Independent Flip,21502.1171,NA,7.01850000000000,6.93830000000000,0.31730000000000,2.44690000000000,5.7133,21495.3638,7.0706,6.7533,0.3173,6.7313,2.4689,2.4569,0.0120,-1.0631,21495.3638,NA,NA,NA
MegaProject.exe,13848,0x1F4D621B830,DXGI,1,0,0,Hardware Composed: Independent Flip,21509.5727,NA,7.45560000000000,6.94880000000000,0.32010000000000,2.29870000000000,5.2065,21502.4344,7.4584,7.1383,0.3201,7.1199,2.3171,2.3075,0.0096,0.1218,21502.4344,NA,NA,NA
MegaProject.exe,13848,0x1F4D621B830,DXGI,1,0,0,Hardware Composed: Independent Flip,21515.8306,NA,6.25790000000000,6.91340000000000,0.32480000000000,2.31780000000000,5.8620,21509.8928,6.2626,5.9378,0.3248,5.9140,2.3416,2.3294,0.0122,0.5450,21509.8928,NA,9.5276,NA
MegaProject.exe,13848,0x1F4D621B830,DXGI,1,0,0,Hardware Composed: Independent Flip,21523.4321,NA,7.60150000000000,7.01930000000000,0.30980000000000,2.30030000000000,5.2798,21516.1554,7.5865,7.2767,0.3098,7.2404,2.3366,2.3238,0.0128,-0.7567,21516.1554,NA,NA,NA
MegaProject.exe,13848,0x1F4D621B830,DXGI,1,0,0,Hardware Composed: Independent Flip,21529.7717,NA,6.33960000000000,6.84070000000000,0.29320000000000,2.54220000000000,5.7809,21523.7419,6.3230,6.0298,0.2932,6.0133,2.5587,2.5496,0.0091,0.7458,21523.7419,NA,NA,NA
MegaProject.exe,13848,0x1F4D621B830,DXGI,1,0,0,Hardware Composed: Independent Flip,21536.7370,NA,6.96530000000000,6.89910000000000,0.45490000000000,2.41120000000000,5.7147,21530.0649,7.1270,6.6721,0.4549,6.6449,2.4384,2.4128,0.0256,-0.5761,21530.0649,NA,NA,NA
MegaProject.exe,13848,0x1F4D621B830,DXGI,1,0,0,Hardware Composed: Independent Flip,21544.3506,NA,7.61360000000000,6.94390000000000,0.39820000000000,2.09760000000000,5.0450,21537.1919,7.5569,7.1587,0.3982,7.1325,2.1238,2.1008,0.0230,0.1831,21537.1919,NA,NA,NA
MegaProject.exe,13848,0x1F4D621B830,DXGI,1,0,0,Hardware Composed: Independent Flip,21550.6066,NA,6.25600000000000,6.99660000000000,0.26160000000000,2.05800000000000,5.7856,21544.7488,6.1194,5.8578,0.2616,5.8405,2.0753,2.0694,0.0059,0.5603,21544.7488,NA,14.0695,NA
MegaProject.exe,13848,0x1F4D621B830,DXGI,1,0,0,Hardware Composed: Independent Flip,21558.1449,NA,7.53830000000000,6.93060000000000,0.26270000000000,2.07310000000000,5.1779,21550.8682,7.5394,7.2767,0.2627,7.2538,2.0960,2.0886,0.0074,-0.8112,21550.8682,NA,NA,NA
MegaProject.exe,13848,0x1F4D621B830,DXGI,1,0,0,Hardware Composed: Independent Flip,21564.3521,NA,6.20720000000000,6.94430000000000,0.36330000000000,2.09350000000000,5.9150,21558.4076,6.3078,5.9445,0.3633,5.9227,2.1153,2.1062,0.0091,0.5951,21558.4076,NA,NA,NA
MegaProject.exe,13848,0x1F4D621B830,DXGI,1,0,0,Hardware Composed: Independent Flip,21571.2862,NA,6.93410000000000,6.94540000000000,0.29780000000000,2.02380000000000,5.9263,21564.7154,6.8686,6.5708,0.2978,6.5544,2.0402,2.0348,0.0054,-0.6376,21564.7154,NA,NA,NA
MegaProject.exe,13848,0x1F4D621B830,DXGI,1,0,0,Hardware Composed: Independent Flip,21579.0155,NA,7.72930000000000,7.02030000000000,0.31810000000000,2.50180000000000,5.2173,21571.5840,7.7496,7.4315,0.3181,7.4073,2.5260,2.5185,0.0075,-0.1517,21571.5840,NA,11.0232,NA
MegaProject.exe,13848,0x1F4D621B830,DXGI,1,0,0,Hardware Composed: Independent Flip,21585.7913,NA,6.77580000000000,6.86720000000000,0.37500000000000,2.09020000000000,5.3087,21579.3336,6.8327,6.4577,0.3750,6.4381,2.1098,2.1020,0.0078,0.8824,21579.3336,NA,NA,NA
MegaProject.exe,13848,0x1F4D621B830,DXGI,1,0,0,Hardware Composed: Independent Flip,21593.3112,NA,7.51990000000000,7.06630000000000,0.41880000000000,2.40790000000000,4.8551,21586.1663,7.5637,7.1449,0.4188,7.1242,2.4286,2.4185,0.0101,-0.2336,21586.1663,NA,NA,NA
MegaProject.exe,13848,0x1F4D621B830,DXGI,1,0,0,Hardware Composed: Independent Flip,21599.3653,NA,6.05410000000000,6.83150000000000,0.30480000000000,2.49210000000000,5.6325,21593.7300,5.9401,5.6353,0.3048,5.6182,2.5092,2.5002,0.0090,0.7322,21593.7300,NA,NA,NA
MegaProject.exe,13848,0x1F4D621B830,DXGI,1,0,0,Hardware Composed: Independent Flip,21606.0402,NA,6.67490000000000,7.06360000000000,0.43040000000000,2.43010000000000,6.0212,21599.6701,6.8005,6.3701,0.4304,6.3449,2.4553,2.4428,0.0125,-1.1235,21599.6701,NA,NA,NA
MegaProject.exe,13848,0x1F4D621B830,DXGI,1,0,0,Hardware Composed: Independent Flip,21613.8813,NA,7.84110000000000,6.94060000000000,0.47010000000000,2.31690000000000,5.1207,21606.4706,7.8808,7.4107,0.4701,7.3882,2.3394,2.3260,0.0134,-0.1401,21606.4706,NA,NA,NA
MegaProject.exe,13848,0x1F4D621B830,DXGI,1,0,0,Hardware Composed: Independent Flip,21620.1848,NA,6.30350000000000,6.94540000000000,0.31170000000000,2.48020000000000,5.7626,21614.3514,6.1451,5.8334,0.3117,5.8019,2.5117,2.5016,0.0101,0.9354,21614.3514,NA,12.1870,NA
MegaProject.exe,13848,0x1F4D621B830,DXGI,1,0,0,Hardware Composed: Independent Flip,21627.1516,NA,6.96680000000000,6.93990000000000,0.24820000000000,2.38280000000000,5.7357,21620.4965,6.9033,6.6551,0.2482,6.6329,2.4050,2.3930,0.0120,-0.7948,21620.4965,NA,NA,NA
MegaProject.exe,13848,0x1F4D621B830,DXGI,1,0,0,Hardware Composed: Independent Flip,21634.5694,NA,7.41780000000000,6.88230000000000,0.31530000000000,2.33320000000000,5.2002,21627.3998,7.4849,7.1696,0.3153,7.1462,2.3566,2.3441,0.0125,0.0210,21627.3998,NA,NA,NA
MegaProject.exe,13848,0x1F4D621B830,DXGI,1,0,0,Hardware Composed: Independent Flip,21641.0925,NA,6.52310000000000,6.95980000000000,0.38680000000000,2.58730000000000,5.6369,21634.8847,6.5946,6.2078,0.3868,6.1886,2.6065,2.5798,0.0267,0.5251,21634.8847,NA,NA,NA
MegaProject.exe,13848,0x1F4D621B830,DXGI,1,0,0,Hardware Composed: Independent Flip,21648.6535,NA,7.56100000000000,6.95630000000000,0.35490000000000,2.33770000000000,5.0322,21641.4793,7.5291,7.1742,0.3549,7.1485,2.3634,2.3552,0.0082,-0.3617,21641.4793,NA,9.8858,NA
MegaProject.exe,13848,0x1F4D621B830,DXGI,1,0,0,Hardware Composed: Independent Flip,21654.9456,NA,6.29210000000000,6.94130000000000,0.39850000000000,2.31840000000000,5.6814,21649.0084,6.3357,5.9372,0.3985,5.9139,2.3417,2.3295,0.0122,0.5878,21649.0084,NA,NA,NA
MegaProject.exe,13848,0x1F4D621B830,DXGI,1,0,0,Hardware Composed: Independent Flip,21661.7409,NA,6.79530000000000,6.93950000000000,0.28170000000000,2.36290000000000,5.8256,21655.3441,6.6785,6.3968,0.2817,6.3799,2.3798,2.3700,0.0098,-0.6038,21655.3441,NA,NA,NA
MegaProject.exe,13848,0x1F4D621B830,DXGI,1,0,0,Hardware Composed: Independent Flip,21669.3398,NA,7.59890000000000,6.88530000000000,0.40740000000000,2.37910000000000,5.1120,21662.0226,7.7246,7.3172,0.4074,7.2986,2.3977,2.3881,0.0096,-0.2068,21662.0226,NA,NA,NA
MegaProject.exe,13848,0x1F4D621B830,DXGI,1,0,0,Hardware Composed: Independent Flip,21676.7143,NA,7.37450000000000,7.02100000000000,0.25700000000000,2.35930000000000,4.7585,21669.7472,7.2241,6.9671,0.2570,6.9441,2.3823,2.3678,0.0145,0.7036,21669.7472,NA,7.5722,NA
MegaProject.exe,13848,0x1F4D621B830,DXGI,1,0,0,Hardware Composed: Independent Flip,21683.0721,NA,6.35780000000000,6.95270000000000,0.28800000000000,2.36410000000000,5.3534,21676.9713,6.3888,6.1008,0.2880,6.0836,2.3813,2.3683,0.0130,0.2714,21676.9713,NA,NA,NA
MegaProject.exe,13848,0x1F4D621B830,DXGI,1,0,0,Hardware Composed: Independent Flip,21689.4808,NA,6.40870000000000,6.84100000000000,0.25120000000000,2.32460000000000,5.7857,21683.3601,6.3719,6.1207,0.2512,6.1035,2.3418,2.3300,0.0118,-0.4522,21683.3601,NA,NA,NA
MegaProject.exe,13848,0x1F4D621B830,DXGI,1,0,0,Hardware Composed: Independent Flip,21696.3917,NA,6.91090000000000,6.95600000000000,0.25750000000000,2.06750000000000,5.8308,21689.7320,6.9172,6.6597,0.2575,6.6410,2.0862,2.0798,0.0064,-0.5841,21689.7320,NA,NA,NA
MegaProject.exe,13848,0x1F4D621B830,DXGI,1,0,0,Hardware Composed: Independent Flip,21704.3282,NA,7.93650000000000,6.92480000000000,0.37400000000000,2.06980000000000,4.8191,21696.6492,8.0530,7.6790,0.3740,7.6521,2.0967,2.0868,0.0099,-0.0076,21696.6492,NA,NA,NA
MegaProject.exe,13848,0x1F4D621B830,DXGI,1,0,0,Hardware Composed: Independent Flip,21710.2599,NA,5.93170000000000,6.94980000000000,0.36250000000000,2.11480000000000,5.8372,21704.7022,5.9202,5.5577,0.3625,5.5407,2.1318,2.1175,0.0143,1.1032,21704.7022,NA,NA,NA
MegaProject.exe,13848,0x1F4D621B830,DXGI,1,0,0,Hardware Composed: Independent Flip,21718.0007,NA,7.74080000000000,6.93850000000000,0.42030000000000,2.19130000000000,5.0349,21710.6224,7.7986,7.3783,0.4203,7.3538,2.2158,2.1877,0.0281,-1.0183,21710.6224,NA,9.2032,NA
MegaProject.exe,13848,0x1F4D621B830,DXGI,1,0,0,Hardware Composed: Independent Flip,21724.1662,NA,6.16550000000000,6.93590000000000,0.28050000000000,2.06940000000000,5.8053,21718.4210,6.0257,5.7452,0.2805,5.7230,2.0916,2.0723,0.0193,0.8627,21718.4210,NA,NA,NA
MegaProject.exe,13848,0x1F4D621B830,DXGI,1,0,0,Hardware Composed: Independent Flip,21730.9603,NA,6.79410000000000,6.94320000000000,0.29980000000000,2.05710000000000,5.9544,21724.4467,6.8134,6.5136,0.2998,6.4962,2.0745,2.0624,0.0121,-0.9175,21724.4467,NA,NA,NA
MegaProject.exe,13848,0x1F4D621B830,DXGI,1,0,0,Hardware Composed: Independent Flip,21738.5759,NA,7.61560000000000,13.88710000000000,0.32590000000000,5.84810000000000,12.2259,21731.2601,7.6417,7.3158,0.3259,7.2927,5.8712,5.8482,0.0230,-7.0737,21731.2601,NA,NA,NA
MegaProject.exe,13848,0x1F4D621B830,DXGI,1,0,0,Hardware Composed: Independent Flip,21752.8926,NA,14.31670000000000,13.91390000000000,0.45390000000000,5.93560000000000,11.8231,21738.9018,14.4447,13.9908,0.4539,13.9625,5.9639,5.9484,0.0155,-6.2722,21738.9018,NA,21.0058,NA
MegaProject.exe,13848,0x1F4D621B830,DXGI,1,0,0,Hardware Composed: Independent Flip,21767.1384,NA,14.24580000000000,13.86810000000000,0.49810000000000,5.94720000000000,11.4454,21753.3465,14.2900,13.7919,0.4981,13.7610,5.9781,5.9637,0.0144,0.5766,21753.3465,NA,NA,NA
MegaProject.exe,13848,0x1F4D621B830,DXGI,1,0,0,Hardware Composed: Independent Flip,21781.3199,NA,14.18150000000000,13.92010000000000,0.59240000000000,6.04730000000000,11.1840,21767.6365,14.2758,13.6834,0.5924,13.6500,6.0807,6.0457,0.0350,0.3699,21767.6365,NA,18.5399,NA
MegaProject.exe,13848,0x1F4D621B830,DXGI,1,0,0,Hardware Composed: Independent Flip,21795.4746,NA,14.15470000000000,13.97180000000000,0.45310000000000,6.39420000000000,11.0011,21781.9123,14.0154,13.5623,0.4531,13.5326,6.4239,6.4103,0.0136,0.3040,21781.9123,NA,NA,NA
MegaProject.exe,13848,0x1F4D621B830,DXGI,1,0,0,Hardware Composed: Independent Flip,21809.1527,NA,13.67810000000000,13.85940000000000,0.35790000000000,6.19080000000000,11.1824,21795.9277,13.5829,13.2250,0.3579,13.2040,6.2118,6.1987,0.0131,0.1560,21795.9277,NA,15.5305,NA
MegaProject.exe,13848,0x1F4D621B830,DXGI,1,0,0,Hardware Composed: Independent Flip,21822.4279,NA,13.27520000000000,13.89140000000000,0.42010000000000,6.12000000000000,11.7986,21809.5106,13.3374,12.9173,0.4201,12.8922,6.1451,6.1344,0.0107,-0.3085,21809.5106,NA,NA,NA
MegaProject.exe,13848,0x1F4D621B830,DXGI,1,0,0,Hardware Composed: Independent Flip,21837.0185,NA,14.59060000000000,13.91670000000000,0.48400000000000,6.37330000000000,11.1247,21822.8480,14.6545,14.1705,0.4840,14.1447,6.3991,6.3857,0.0134,-0.5793,21822.8480,NA,NA,NA
MegaProject.exe,13848,0x1F4D621B830,DXGI,1,0,0,Hardware Composed: Independent Flip,21851.3271,NA,14.30860000000000,13.96600000000000,0.42510000000000,6.18920000000000,10.7821,21837.5025,14.2497,13.8246,0.4251,13.7977,6.2161,6.2039,0.0122,0.6885,21837.5025,NA,26.3151,NA
MegaProject.exe,13848,0x1F4D621B830,DXGI,1,0,0,Hardware Composed: Independent Flip,21864.9158,NA,13.58870000000000,13.83170000000000,0.44120000000000,6.31080000000000,11.0251,21851.7522,13.6048,13.1636,0.4412,13.1387,6.3357,6.3258,0.0099,0.4180,21851.7522,NA,NA,NA
MegaProject.exe,13848,0x1F4D621B830,DXGI,1,0,0,Hardware Composed: Independent Flip,21878.0112,NA,13.09540000000000,13.97600000000000,0.41890000000000,6.32490000000000,11.9057,21865.3570,13.0731,12.6542,0.4189,12.6288,6.3503,6.3382,0.0121,-0.3712,21865.3570,NA,NA,NA
MegaProject.exe,13848,0x1F4D621B830,DXGI,1,0,0,Hardware Composed: Independent Flip,21892.5090,NA,14.49780000000000,13.72150000000000,0.35610000000000,6.06780000000000,11.1294,21878.4301,14.4350,14.0789,0.3561,14.0545,6.0922,6.0794,0.0128,-0.6484,21878.4301,NA,26.0724,NA
MegaProject.exe,13848,0x1F4D621B830,DXGI,1,0,0,Hardware Composed: Independent Flip,21906.3929,NA,13.88390000000000,14.05860000000000,0.42280000000000,6.20980000000000,11.3041,21892.8651,13.9506,13.5278,0.4228,13.5015,6.2361,6.2279,0.0082,0.3764,21892.8651,NA,21.9992,NA
MegaProject.exe,13848,0x1F4D621B830,DXGI,1,0,0,Hardware Composed: Independent Flip,21920.7822,NA,14.38930000000000,13.79110000000000,0.41240000000000,6.58520000000000,10.7059,21906.8157,14.3789,13.9665,0.4124,13.9408,6.6109,6.6037,0.0072,0.1595,21906.8157,NA,NA,NA
MegaProject.exe,13848,0x1F4D621B830,DXGI,1,0,0,Hardware Composed: Independent Flip,21934.1924,NA,13.41020000000000,13.93900000000000,0.41810000000000,6.63550000000000,11.2347,21921.1946,13.4159,12.9978,0.4181,12.9740,6.6593,6.6473,0.0120,0.4399,21921.1946,NA,NA,NA
MegaProject.exe,13848,0x1F4D621B830,DXGI,1,0,0,Hardware Composed: Independent Flip,21947.1581,NA,12.96570000000000,13.75760000000000,0.34020000000000,6.59930000000000,12.0266,21934.6105,12.8878,12.5476,0.3402,12.5227,6.6242,6.6121,0.0121,-0.3417,21934.6105,NA,NA,NA
MegaProject.exe,13848,0x1F4D621B830,DXGI,1,0,0,Hardware Composed: Independent Flip,21961.9076,NA,14.74950000000000,13.89120000000000,0.43550000000000,6.13270000000000,11.1683,21947.4983,14.8448,14.4093,0.4355,14.3812,6.1608,6.1366,0.0242,-1.0034,21947.4983,NA,NA,NA
MegaProject.exe,13848,0x1F4D621B830,DXGI,1,0,0,Hardware Composed: Independent Flip,21975.6084,NA,13.70080000000000,13.91490000000000,0.42340000000000,6.24240000000000,11.3824,21962.3431,13.6887,13.2653,0.4234,13.2412,6.2665,6.2579,0.0086,0.9299,21962.3431,NA,NA,NA
MegaProject.exe,13848,0x1F4D621B830,DXGI,1,0,0,Hardware Composed: Independent Flip,21989.5250,NA,13.91660000000000,13.94500000000000,0.35320000000000,6.62160000000000,11.4108,21976.0318,13.8464,13.4932,0.3532,13.4745,6.6403,6.6274,0.0129,-0.2563,21976.0318,NA,NA,NA
MegaProject.exe,13848,0x1F4D621B830,DXGI,1,0,0,Hardware Composed: Independent Flip,22003.4408,NA,13.91580000000000,13.88200000000000,0.34060000000000,7.06440000000000,11.3770,21989.8782,13.9032,13.5626,0.3406,13.5113,7.1157,7.1051,0.0106,-0.0356,21989.8782,NA,NA,NA
MegaProject.exe,13848,0x1F4D621B830,DXGI,1,0,0,Hardware Composed: Independent Flip,22018.2051,NA,14.76430000000000,13.88300000000000,0.35500000000000,6.20180000000000,10.4957,22003.7814,14.7787,14.4237,0.3550,14.3967,6.2288,6.2196,0.0092,0.0202,22003.7814,NA,NA,NA
MegaProject.exe,13848,0x1F4D621B830,DXGI,1,0,0,Hardware Composed: Independent Flip,22031.3268,NA,13.12170000000000,14.04250000000000,0.50430000000000,6.64090000000000,11.4165,22018.5601,13.2710,12.7667,0.5043,12.7475,6.6601,6.6542,0.0059,0.7362,22018.5601,NA,NA,NA
MegaProject.exe,13848,0x1F4D621B830,DXGI,1,0,0,Hardware Composed: Independent Flip,22045.6274,NA,14.30060000000000,13.64070000000000,0.47220000000000,6.71550000000000,10.7566,22031.8311,14.2685,13.7963,0.4722,13.7706,6.7412,6.7291,0.0121,-0.3697,22031.8311,NA,NA,NA
MegaProject.exe,13848,0x1F4D621B830,DXGI,1,0,0,Hardware Composed: Independent Flip,22058.7892,NA,13.16180000000000,13.92660000000000,0.38510000000000,6.45500000000000,11.5214,22046.0996,13.0747,12.6896,0.3851,12.6648,6.4798,6.4507,0.0291,0.3419,22046.0996,NA,NA,NA
MegaProject.exe,13848,0x1F4D621B830,DXGI,1,0,0,Hardware Composed: Independent Flip,22072.5544,NA,13.76520000000000,13.88950000000000,0.43950000000000,8.14810000000000,11.6457,22059.1743,13.8196,13.3801,0.4395,13.3480,8.1802,8.1629,0.0173,-0.8148,22059.1743,NA,NA,NA
MegaProject.exe,13848,0x1F4D621B830,DXGI,1,0,0,Hardware Composed: Independent Flip,22086.7436,NA,14.18920000000000,13.95090000000000,0.40390000000000,6.50320000000000,11.4074,22072.9939,14.1536,13.7497,0.4039,13.7249,6.5280,6.5155,0.0125,-0.1313,22072.9939,NA,NA,NA
MegaProject.exe,13848,0x1F4D621B830,DXGI,1,0,0,Hardware Composed: Independent Flip,22100.7358,NA,13.99220000000000,13.97310000000000,0.45270000000000,6.51450000000000,11.3883,22087.1475,14.0410,13.5883,0.4527,13.5575,6.5453,6.5295,0.0158,0.1805,22087.1475,NA,NA,NA
MegaProject.exe,13848,0x1F4D621B830,DXGI,1,0,0,Hardware Composed: Independent Flip,22114.9369,NA,14.20110000000000,13.73340000000000,0.46270000000000,6.24420000000000,10.9206,22101.1885,14.2111,13.7484,0.4627,13.7199,6.2727,6.2519,0.0208,0.3076,22101.1885,NA,NA,NA
MegaProject.exe,13848,0x1F4D621B830,DXGI,1,0,0,Hardware Composed: Independent Flip,22128.0115,NA,13.07460000000000,13.90520000000000,0.37280000000000,6.03210000000000,11.7512,22115.3996,12.9847,12.6119,0.3728,12.5855,6.0585,6.0534,0.0051,0.3059,22115.3996,NA,NA,NA
MegaProject.exe,13848,0x1F4D621B830,DXGI,1,0,0,Hardware Composed: Independent Flip,22142.1372,NA,14.12570000000000,14.05120000000000,0.49360000000000,6.45450000000000,11.6767,22128.3843,14.2465,13.7529,0.4936,13.7280,6.4794,6.4704,0.0090,-1.0665,22128.3843,NA,NA,NA
MegaProject.exe,13848,0x1F4D621B830,DXGI,1,0,0,Hardware Composed: Independent Flip,22156.3634,NA,14.22620000000000,13.72350000000000,0.36940000000000,6.23280000000000,11.1740,22142.6308,14.1020,13.7326,0.3694,13.7081,6.2573,6.2457,0.0116,0.5230,22142.6308,NA,NA,NA
MegaProject.exe,13848,0x1F4D621B830,DXGI,1,0,0,Hardware Composed: Independent Flip,22170.2656,NA,13.90220000000000,13.89980000000000,0.39720000000000,6.00920000000000,11.1716,22156.7328,13.9300,13.5328,0.3972,13.5068,6.0352,6.0242,0.0110,0.2022,22156.7328,NA,NA,NA
MegaProject.exe,13848,0x1F4D621B830,DXGI,1,0,0,Hardware Composed: Independent Flip,22184.3713,NA,14.10570000000000,13.96050000000000,0.46650000000000,6.68150000000000,11.0264,22170.6628,14.1750,13.7085,0.4665,13.6828,6.7072,6.6963,0.0109,-0.0305,22170.6628,NA,NA,NA
MegaProject.exe,13848,0x1F4D621B830,DXGI,1,0,0,Hardware Composed: Independent Flip,22197.2148,NA,12.84350000000000,13.96140000000000,0.40620000000000,6.42630000000000,12.1443,22184.8378,12.7832,12.3770,0.4062,12.3522,6.4511,6.4383,0.0128,0.2136,22184.8378,NA,NA,NA
MegaProject.exe,13848,0x1F4D621B830,DXGI,1,0,0,Hardware Composed: Independent Flip,22212.2621,NA,15.04730000000000,13.99530000000000,0.33850000000000,6.38220000000000,11.0923,22197.6210,14.9796,14.6411,0.3385,14.6171,6.4062,6.3939,0.0123,-1.2121,22197.6210,NA,NA,NA
MegaProject.exe,13848,0x1F4D621B830,DXGI,1,0,0,Hardware Composed: Independent Flip,22225.9741,NA,13.71200000000000,13.80790000000000,0.36680000000000,6.49130000000000,11.1882,22212.6006,13.7403,13.3735,0.3668,13.3475,6.5173,6.5070,0.0103,1.1717,22212.6006,NA,NA,NA
MegaProject.exe,13848,0x1F4D621B830,DXGI,1,0,0,Hardware Composed: Independent Flip,22240.0951,NA,14.12100000000000,13.86630000000000,0.42020000000000,6.30970000000000,10.9335,22226.3409,14.1744,13.7542,0.4202,13.7274,6.3365,6.3273,0.0092,-0.1260,22226.3409,NA,NA,NA
MegaProject.exe,13848,0x1F4D621B830,DXGI,1,0,0,Hardware Composed: Independent Flip,22252.9655,NA,12.87040000000000,13.77380000000000,0.42260000000000,7.89740000000000,11.8369,22240.5153,12.8728,12.4502,0.4226,12.4260,7.9216,7.9080,0.0136,0.4006,22240.5153,NA,NA,NA
MegaProject.exe,13848,0x1F4D621B830,DXGI,1,0,0,Hardware Composed: Independent Flip,22267.7222,NA,14.75670000000000,14.00420000000000,0.47050000000000,6.67810000000000,11.0844,22253.3881,14.8046,14.3341,0.4705,14.3036,6.7086,6.6973,0.0113,-1.1314,22253.3881,NA,NA,NA
MegaProject.exe,13848,0x1F4D621B830,DXGI,1,0,0,Hardware Composed: Independent Flip,22281.4197,NA,13.69750000000000,13.72790000000000,0.41630000000000,6.45500000000000,11.1148,22268.1927,13.6433,13.2270,0.4163,13.2060,6.4760,6.4623,0.0137,1.0767,22268.1927,NA,NA,NA
MegaProject.exe,13848,0x1F4D621B830,DXGI,1,0,0,Hardware Composed: Independent Flip,22294.9606,NA,13.54090000000000,13.88720000000000,0.33260000000000,6.24250000000000,11.4611,22281.8360,13.4572,13.1246,0.3326,13.0996,6.2675,6.2373,0.0302,-0.2439,22281.8360,NA,NA,NA
MegaProject.exe,13848,0x1F4D621B830,DXGI,1,0,0,Hardware Composed: Independent Flip,22308.8433,NA,13.88270000000000,13.97690000000000,0.41840000000000,6.10730000000000,11.5553,22295.2932,13.9685,13.5501,0.4184,13.5236,6.1338,6.0987,0.0351,-0.5197,22295.2932,NA,NA,NA
MegaProject.exe,13848,0x1F4D621B830,DXGI,1,0,0,Hardware Composed: Independent Flip,22322.5021,NA,13.65880000000000,13.82280000000000,0.40330000000000,6.41750000000000,11.7193,22309.2617,13.6437,13.2404,0.4033,13.2145,6.4434,6.4208,0.0226,0.1457,22309.2617,NA,NA,NA
MegaProject.exe,13848,0x1F4D621B830,DXGI,1,0,0,Hardware Composed: Independent Flip,22337.6554,NA,15.15330000000000,13.89960000000000,0.43280000000000,5.88280000000000,10.4656,22322.9054,15.1828,14.7500,0.4328,14.7269,5.9059,5.9010,0.0049,-0.2559,22322.9054,NA,NA,NA
MegaProject.exe,13848,0x1F4D621B830,DXGI,1,0,0,Hardware Composed: Independent Flip,22350.8457,NA,13.19030000000000,13.95610000000000,0.45690000000000,6.33860000000000,11.2314,22338.0882,13.2144,12.7575,0.4569,12.7302,6.3659,6.3521,0.0138,1.2267,22338.0882,NA,NA,NA
MegaProject.exe,13848,0x1F4D621B830,DXGI,1,0,0,Hardware Composed: Independent Flip,22365.0077,NA,14.16200000000000,13.83190000000000,0.59580000000000,6.41760000000000,10.9013,22351.3026,14.3009,13.7051,0.5958,13.6784,6.4443,6.4032,0.0411,-0.6175,22351.3026,NA,NA,NA
MegaProject.exe,13848,0x1F4D621B830,DXGI,1,0,0,Hardware Composed: Independent Flip,22377.9601,NA,12.95240000000000,14.06010000000000,0.44190000000000,6.59270000000000,12.0090,22365.6035,12.7985,12.3566,0.4419,12.3292,6.6201,6.6059,0.0142,0.2408,22365.6035,NA,NA,NA
MegaProject.exe,13848,0x1F4D621B830,DXGI,1,0,0,Hardware Composed: Independent Flip,22392.8450,NA,14.88490000000000,13.81950000000000,0.35940000000000,7.98440000000000,10.9436,22378.4020,14.8024,14.4430,0.3594,14.4177,8.0097,7.9960,0.0137,-1.0210,22378.4020,NA,NA,NA
MegaProject.exe,13848,0x1F4D621B830,DXGI,1,0,0,Hardware Composed: Independent Flip,22406.6238,NA,13.77880000000000,13.91630000000000,0.45080000000000,6.73050000000000,11.0811,22393.2044,13.8702,13.4194,0.4508,13.3940,6.7559,6.7436,0.0123,0.8861,22393.2044,NA,NA,NA
MegaProject.exe,13848,0x1F4D621B830,DXGI,1,0,0,Hardware Composed: Independent Flip,22420.4340,NA,13.81020000000000,13.73950000000000,0.41960000000000,6.35780000000000,11.0104,22407.0746,13.7790,13.3594,0.4196,13.3352,6.3820,6.3719,0.0101,0.1307,22407.0746,NA,NA,NA
MegaProject.exe,13848,0x1F4D621B830,DXGI,1,0,0,Hardware Composed: Independent Flip,22434.1184,NA,13.68440000000000,13.84800000000000,0.44210000000000,6.61440000000000,11.1740,22420.8536,13.7069,13.2648,0.4421,13.2384,6.6408,6.6188,0.0220,-0.0690,22420.8536,NA,NA,NA
MegaProject.exe,13848,0x1F4D621B830,DXGI,1,0,0,Hardware Composed: Independent Flip,22447.2462,NA,13.12780000000000,13.94250000000000,0.39510000000000,6.02200000000000,11.9887,22434.5605,13.0808,12.6857,0.3951,12.6643,6.0434,6.0389,0.0045,-0.2356,22434.5605,NA,NA,NA
MegaProject.exe,13848,0x1F4D621B830,DXGI,1,0,0,Hardware Composed: Independent Flip,22461.7361,NA,14.48990000000000,13.97240000000000,0.38140000000000,6.29250000000000,11.4712,22447.6413,14.4762,14.0948,0.3814,14.0683,6.3190,6.3054,0.0136,-0.8916,22447.6413,NA,NA,NA
MegaProject.exe,13848,0x1F4D621B830,DXGI,1,0,0,Hardware Composed: Independent Flip,22476.3993,NA,14.66320000000000,13.76470000000000,0.53090000000000,6.20420000000000,10.5727,22462.1175,14.8127,14.2818,0.5309,14.2507,6.2353,6.2259,0.0094,0.7115,22462.1175,NA,NA,NA
MegaProject.exe,13848,0x1F4D621B830,DXGI,1,0,0,Hardware Composed: Independent Flip,22489.8764,NA,13.47710000000000,14.09880000000000,0.41350000000000,6.38780000000000,11.1944,22476.9302,13.3597,12.9462,0.4135,12.9221,6.4119,6.4000,0.0119,0.7139,22476.9302,NA,NA,NA
MegaProject.exe,13848,0x1F4D621B830,DXGI,1,0,0,Hardware Composed: Independent Flip,22503.3896,NA,13.51320000000000,13.88690000000000,0.47230000000000,6.73720000000000,11.5681,22490.2899,13.5720,13.0997,0.4723,13.0754,6.7615,6.7491,0.0124,-0.5272,22490.2899,NA,NA,NA
MegaProject.exe,13848,0x1F4D621B830,DXGI,1,0,0,Hardware Composed: Independent Flip,22517.7488,NA,14.35920000000000,13.85970000000000,0.37010000000000,6.33410000000000,11.0686,22503.8619,14.2570,13.8869,0.3701,13.8634,6.3576,6.3455,0.0121,-0.2877,22503.8619,NA,NA,NA
MegaProject.exe,13848,0x1F4D621B830,DXGI,1,0,0,Hardware Composed: Independent Flip,22531.1904,NA,13.44160000000000,6.93250000000000,0.45050000000000,2.26210000000000,4.5595,22518.1189,13.5220,13.0715,0.4505,13.0472,2.2864,2.2741,0.0123,7.3245,22518.1189,NA,NA,NA
MegaProject.exe,13848,0x1F4D621B830,DXGI,1,0,0,Hardware Composed: Independent Flip,22536.9686,NA,5.77820000000000,6.91700000000000,0.28360000000000,2.73990000000000,5.6983,22531.6409,5.6113,5.3277,0.2836,5.3109,2.7567,2.7468,0.0099,6.6050,22531.6409,NA,NA,NA
MegaProject.exe,13848,0x1F4D621B830,DXGI,1,0,0,Hardware Composed: Independent Flip,22544.7949,NA,7.82630000000000,6.97320000000000,0.41420000000000,2.12850000000000,4.8452,22537.2522,7.9569,7.5427,0.4142,7.5241,2.1471,2.1371,0.0100,-1.3619,22537.2522,NA,NA,NA
MegaProject.exe,13848,0x1F4D621B830,DXGI,1,0,0,Hardware Composed: Independent Flip,22550.8559,NA,6.06100000000000,6.90850000000000,0.25460000000000,2.17200000000000,5.6927,22545.2091,5.9014,5.6468,0.2546,5.6288,2.1900,2.1806,0.0094,1.0484,22545.2091,NA,NA,NA
MegaProject.exe,13848,0x1F4D621B830,DXGI,1,0,0,Hardware Composed: Independent Flip,22558.4866,NA,7.63070000000000,6.94130000000000,0.31580000000000,2.12890000000000,5.0033,22551.1105,7.6919,7.3761,0.3158,7.3529,2.1521,2.1380,0.0141,-1.0399,22551.1105,NA,NA,NA
MegaProject.exe,13848,0x1F4D621B830,DXGI,1,0,0,Hardware Composed: Independent Flip,22564.5352,NA,6.04860000000000,6.96160000000000,0.29160000000000,2.19020000000000,5.9163,22558.8024,6.0244,5.7328,0.2916,5.7174,2.2056,2.1959,0.0097,0.7303,22558.8024,NA,NA,NA
MegaProject.exe,13848,0x1F4D621B830,DXGI,1,0,0,Hardware Composed: Independent Flip,22571.6364,NA,7.10120000000000,6.97720000000000,0.42730000000000,2.20270000000000,5.7923,22564.8268,7.2369,6.8096,0.4273,6.7760,2.2363,2.2235,0.0128,-0.9528,22564.8268,NA,NA,NA
MegaProject.exe,13848,0x1F4D621B830,DXGI,1,0,0,Hardware Composed: Independent Flip,22579.1600,NA,7.52360000000000,6.94190000000000,0.36720000000000,2.26440000000000,5.2106,22572.0637,7.4635,7.0963,0.3672,7.0528,2.3079,2.2959,0.0120,0.2950,22572.0637,NA,NA,NA
MegaProject.exe,13848,0x1F4D621B830,DXGI,1,0,0,Hardware Composed: Independent Flip,22585.6238,NA,6.46380000000000,6.94470000000000,0.35630000000000,2.36340000000000,5.6915,22579.5272,6.4529,6.0966,0.3563,6.0789,2.3811,2.3718,0.0093,0.5188,22579.5272,NA,NA,NA
MegaProject.exe,13848,0x1F4D621B830,DXGI,1,0,0,Hardware Composed: Independent Flip,22593.3423,NA,7.71850000000000,6.91270000000000,0.30110000000000,2.23700000000000,4.8857,22585.9801,7.6633,7.3622,0.3011,7.3404,2.2588,2.2483,0.0105,-0.4598,22585.9801,NA,NA,NA
MegaProject.exe,13848,0x1F4D621B830,DXGI,1,0,0,Hardware Composed: Independent Flip,22599.5610,NA,6.21870000000000,6.92120000000000,0.31850000000000,2.24590000000000,5.5882,22593.6434,6.2361,5.9176,0.3185,5.8830,2.2805,2.2671,0.0134,0.7421,22593.6434,NA,NA,NA
MegaProject.exe,13848,0x1F4D621B830,DXGI,1,0,0,Hardware Composed: Independent Flip,22606.2584,NA,6.69740000000000,6.88940000000000,0.31750000000000,2.28190000000000,5.7802,22599.8795,6.6964,6.3789,0.3175,6.3628,2.2980,2.2887,0.0093,-0.6533,22599.8795,NA,NA,NA
MegaProject.exe,13848,0x1F4D621B830,DXGI,1,0,0,Hardware Composed: Independent Flip,22613.9681,NA,7.70970000000000,6.90620000000000,0.37230000000000,2.10470000000000,4.9767,22606.5759,7.7645,7.3922,0.3723,7.3676,2.1293,2.1179,0.0114,-0.2098,22606.5759,NA,NA,NA
MegaProject.exe,13848,0x1F4D621B830,DXGI,1,0,0,Hardware Composed: Independent Flip,22620.0593,NA,6.09120000000000,7.04780000000000,0.44730000000000,2.02960000000000,5.9333,22614.3404,6.1662,5.7189,0.4473,5.6949,2.0536,2.0426,0.0110,0.7167,22614.3404,NA,NA,NA
MegaProject.exe,13848,0x1F4D621B830,DXGI,1,0,0,Hardware Composed: Independent Flip,22627.1667,NA,7.10740000000000,6.88170000000000,0.30490000000000,2.26770000000000,5.7076,22620.5066,6.9650,6.6601,0.3049,6.6438,2.2840,2.2745,0.0095,-0.7155,22620.5066,NA,13.4362,NA
MegaProject.exe,13848,0x1F4D621B830,DXGI,1,0,0,Hardware Composed: Independent Flip,22634.9376,NA,7.77090000000000,6.97590000000000,0.39620000000000,2.33050000000000,4.9126,22627.4716,7.8622,7.4660,0.3962,7.4325,2.3640,2.3545,0.0095,-0.0109,22627.4716,NA,NA,NA
MegaProject.exe,13848,0x1F4D621B830,DXGI,1,0,0,Hardware Composed: Independent Flip,22640.9817,NA,6.04410000000000,7.03950000000000,0.34600000000000,2.32960000000000,5.9080,22635.3338,5.9939,5.6479,0.3460,5.6321,2.3454,2.3371,0.0083,0.8227,22635.3338,NA,NA,NA
MegaProject.exe,13848,0x1F4D621B830,DXGI,1,0,0,Hardware Composed: Independent Flip,22649.0962,NA,8.11450000000000,6.89680000000000,0.40580000000000,2.05320000000000,4.6903,22641.3277,8.1743,7.7685,0.4058,7.7441,2.0776,2.0651,0.0125,-0.9029,22641.3277,NA,NA,NA
MegaProject.exe,13848,0x1F4D621B830,DXGI,1,0,0,Hardware Composed: Independent Flip,22654.8371,NA,5.74090000000000,6.98090000000000,0.31620000000000,2.11790000000000,5.9303,22649.5020,5.6513,5.3351,0.3162,5.3188,2.1342,2.1232,0.0110,1.1934,22649.5020,NA,NA,NA
MegaProject.exe,13848,0x1F4D621B830,DXGI,1,0,0,Hardware Composed: Independent Flip,22661.8925,NA,7.05540000000000,6.85200000000000,0.31550000000000,2.09860000000000,5.7269,22655.1533,7.0547,6.7392,0.3155,6.6892,2.1486,2.1359,0.0127,-1.2007,22655.1533,NA,NA,NA
MegaProject.exe,13848,0x1F4D621B830,DXGI,1,0,0,Hardware Composed: Independent Flip,22669.6142,NA,7.72170000000000,6.90520000000000,0.26330000000000,1.94170000000000,4.9104,22662.2080,7.6695,7.4062,0.2633,7.3895,1.9584,1.9484,0.0100,0.1495,22662.2080,NA,NA,NA
MegaProject.exe,13848,0x1F4D621B830,DXGI,1,0,0,Hardware Composed: Independent Flip,22675.6780,NA,6.06380000000000,6.93870000000000,0.43610000000000,1.90940000000000,5.7853,22669.8775,6.2366,5.8005,0.4361,5.7800,1.9299,1.9107,0.0192,0.7308,22669.8775,NA,NA,NA
MegaProject.exe,13848,0x1F4D621B830,DXGI,1,0,0,Hardware Composed: Independent Flip,22683.2993,NA,7.62130000000000,6.90570000000000,0.36520000000000,1.85950000000000,5.0697,22676.1141,7.5504,7.1852,0.3652,7.1605,1.8842,1.8750,0.0092,-0.6691,22676.1141,NA,NA,NA
MegaProject.exe,13848,0x1F4D621B830,DXGI,1,0,0,Hardware Composed: Independent Flip,22689.6176,NA,6.31830000000000,6.94550000000000,0.32040000000000,1.87550000000000,5.6969,22683.6645,6.2735,5.9531,0.3204,5.9355,1.8931,1.8843,0.0088,0.6049,22683.6645,NA,NA,NA
MegaProject.exe,13848,0x1F4D621B830,DXGI,1,0,0,Hardware Composed: Independent Flip,22696.5149,NA,6.89730000000000,7.00100000000000,0.25410000000000,1.89090000000000,5.8006,22689.9380,6.8310,6.5769,0.2541,6.5609,1.9069,1.9005,0.0064,-0.7275,22689.9380,NA,NA,NA
MegaProject.exe,13848,0x1F4D621B830,DXGI,1,0,0,Hardware Composed: Independent Flip,22703.9991,NA,7.48420000000000,6.94370000000000,0.49320000000000,1.85170000000000,5.2601,22696.7690,7.7233,7.2301,0.4932,7.1992,1.8826,1.8733,0.0093,-0.1127,22696.7690,NA,NA,NA
MegaProject.exe,13848,0x1F4D621B830,DXGI,1,0,0,Hardware Composed: Independent Flip,22710.3485,NA,6.34940000000000,6.95100000000000,0.31180000000000,1.91030000000000,5.8617,22704.4923,6.1680,5.8562,0.3118,5.8343,1.9322,1.9248,0.0074,0.7723,22704.4923,NA,NA,NA
MegaProject.exe,13848,0x1F4D621B830,DXGI,1,0,0,Hardware Composed: Independent Flip,22718.0957,NA,7.74720000000000,6.94060000000000,0.32290000000000,1.87430000000000,5.0551,22710.6603,7.7583,7.4354,0.3229,7.4086,1.9011,1.8952,0.0059,-0.7726,22710.6603,NA,NA,NA
MegaProject.exe,13848,0x1F4D621B830,DXGI,1,0,0,Hardware Composed: Independent Flip,22724.2833,NA,6.18760000000000,6.94440000000000,0.32360000000000,1.91220000000000,5.8119,22718.4186,6.1883,5.8647,0.3236,5.8430,1.9339,1.9269,0.0070,0.8139,22718.4186,NA,NA,NA
MegaProject.exe,13848,0x1F4D621B830,DXGI,1,0,0,Hardware Composed: Independent Flip,22731.1993,NA,6.91600000000000,6.94390000000000,0.29730000000000,1.90120000000000,5.8398,22724.6069,6.8897,6.5924,0.2973,6.5718,1.9218,1.9141,0.0077,-0.7556,22724.6069,NA,NA,NA
MegaProject.exe,13848,0x1F4D621B830,DXGI,1,0,0,Hardware Composed: Independent Flip,22739.0014,NA,7.80210000000000,7.02630000000000,0.29850000000000,2.34450000000000,5.0640,22731.4966,7.8033,7.5048,0.2985,7.4878,2.3615,2.3521,0.0094,-0.1366,22731.4966,NA,NA,NA
MegaProject.exe,13848,0x1F4D621B830,DXGI,1,0,0,Hardware Composed: Independent Flip,22745.5432,NA,6.54180000000000,6.95220000000000,0.32640000000000,2.12110000000000,5.4744,22739.2999,6.5697,6.2433,0.3264,6.2192,2.1452,2.1356,0.0096,0.8511,22739.2999,NA,NA,NA
MegaProject.exe,13848,0x1F4D621B830,DXGI,1,0,0,Hardware Composed: Independent Flip,22752.2456,NA,6.70240000000000,6.93550000000000,0.32070000000000,2.15700000000000,5.7075,22745.8696,6.6967,6.3760,0.3207,6.3546,2.1784,2.1661,0.0123,-0.3658,22745.8696,NA,NA,NA
MegaProject.exe,13848,0x1F4D621B830,DXGI,1,0,0,Hardware Composed: Independent Flip,22759.7471,NA,7.50150000000000,6.91740000000000,0.30770000000000,2.18330000000000,5.1234,22752.5663,7.4885,7.1808,0.3077,7.1633,2.2008,2.1923,0.0085,-0.2207,22752.5663,NA,NA,NA
MegaProject.exe,13848,0x1F4D621B830,DXGI,1,0,0,Hardware Composed: Independent Flip,22765.9178,NA,6.17070000000000,7.01670000000000,0.32490000000000,2.36060000000000,5.9694,22760.0548,6.1879,5.8630,0.3249,5.8272,2.3964,2.3868,0.0096,0.4718,22760.0548,NA,NA,NA
MegaProject.exe,13848,0x1F4D621B830,DXGI,1,0,0,Hardware Composed: Independent Flip,22774.3630,NA,8.44520000000000,6.82370000000000,0.47310000000000,2.14370000000000,4.3479,22766.2427,8.5934,8.1203,0.4731,8.0574,2.2066,2.1935,0.0131,-0.6358,22766.2427,NA,NA,NA
MegaProject.exe,13848,0x1F4D621B830,DXGI,1,0,0,Hardware Composed: Independent Flip,22780.1754,NA,5.81240000000000,6.94120000000000,0.39420000000000,1.98710000000000,5.4767,22774.8361,5.7335,5.3393,0.3942,5.3166,2.0098,1.9933,0.0165,1.6522,22774.8361,NA,NA,NA
MegaProject.exe,13848,0x1F4D621B830,DXGI,1,0,0,Hardware Composed: Independent Flip,22786.7972,NA,6.62180000000000,6.93840000000000,0.30250000000000,1.91070000000000,5.7933,22780.5696,6.5301,6.2276,0.3025,6.2017,1.9366,1.9299,0.0067,-1.2049,22780.5696,NA,NA,NA
MegaProject.exe,13848,0x1F4D621B830,DXGI,1,0,0,Hardware Composed: Independent Flip,22794.1673,NA,7.37010000000000,6.96750000000000,0.29860000000000,1.90600000000000,5.3907,22787.0997,7.3662,7.0676,0.2986,7.0299,1.9437,1.9319,0.0118,-0.4374,22787.0997,NA,NA,NA
MegaProject.exe,13848,0x1F4D621B830,DXGI,1,0,0,Hardware Composed: Independent Flip,22800.4820,NA,6.31470000000000,6.94750000000000,0.24680000000000,1.91290000000000,6.0235,22794.4659,6.2629,6.0161,0.2468,5.9985,1.9305,1.9239,0.0066,0.4187,22794.4659,NA,NA,NA
MegaProject.exe,13848,0x1F4D621B830,DXGI,1,0,0,Hardware Composed: Independent Flip,22808.0374,NA,7.55540000000000,6.94410000000000,0.28340000000000,1.91960000000000,5.4122,22800.7288,7.5920,7.3086,0.2834,7.2854,1.9428,1.9365,0.0063,-0.6812,22800.7288,NA,NA,NA
MegaProject.exe,13848,0x1F4D621B830,DXGI,1,0,0,Hardware Composed: Independent Flip,22814.5564,NA,6.51900000000000,6.93260000000000,0.26080000000000,1.90570000000000,5.8258,22808.3208,6.4964,6.2356,0.2608,6.2012,1.9401,1.9308,0.0093,0.6594,22808.3208,NA,NA,NA
MegaProject.exe,13848,0x1F4D621B830,DXGI,1,0,0,Hardware Composed: Independent Flip,22821.3707,NA,6.81430000000000,6.94760000000000,0.24140000000000,1.84380000000000,5.9591,22814.8172,6.7949,6.5535,0.2414,6.5369,1.8604,1.8527,0.0077,-0.4512,22814.8172,NA,NA,NA
MegaProject.exe,13848,0x1F4D621B830,DXGI,1,0,0,Hardware Composed: Independent Flip,22828.8451,NA,7.47440000000000,6.88840000000000,0.35050000000000,1.83920000000000,5.3731,22821.6121,7.5835,7.2330,0.3505,7.2156,1.8566,1.8487,0.0079,-0.0935,22821.6121,NA,NA,NA
MegaProject.exe,13848,0x1F4D621B830,DXGI,1,0,0,Hardware Composed: Independent Flip,22835.2311,NA,6.38600000000000,6.94140000000000,0.31810000000000,1.81940000000000,5.9285,22829.1956,6.3536,6.0355,0.3181,6.0139,1.8410,1.8334,0.0076,0.6421,22829.1956,NA,NA,NA
MegaProject.exe,13848,0x1F4D621B830,DXGI,1,0,0,Hardware Composed: Independent Flip,22842.9726,NA,7.74150000000000,7.14740000000000,0.29130000000000,2.32890000000000,5.3344,22835.5492,7.7147,7.4234,0.2913,7.4070,2.3453,2.3330,0.0123,-0.7938,22835.5492,NA,NA,NA
MegaProject.exe,13848,0x1F4D621B830,DXGI,1,0,0,Hardware Composed: Independent Flip,22849.7124,NA,6.73980000000000,6.78100000000000,0.41670000000000,2.13730000000000,5.3756,22843.2639,6.8652,6.4485,0.4167,6.4291,2.1567,2.1490,0.0077,0.9337,22843.2639,NA,NA,NA
MegaProject.exe,13848,0x1F4D621B830,DXGI,1,0,0,Hardware Composed: Independent Flip,22856.3512,NA,6.63880000000000,6.97450000000000,0.34410000000000,1.92010000000000,5.7113,22850.1291,6.5662,6.2221,0.3441,6.1981,1.9441,1.9359,0.0082,-0.1093,22850.1291,NA,NA,NA
MegaProject.exe,13848,0x1F4D621B830,DXGI,1,0,0,Hardware Composed: Independent Flip,22863.7603,NA,7.40910000000000,6.93740000000000,0.39390000000000,1.80910000000000,5.2396,22856.6953,7.4589,7.0650,0.3939,7.0166,1.8575,1.8489,0.0086,-0.3712,22856.6953,NA,NA,NA
MegaProject.exe,13848,0x1F4D621B830,DXGI,1,0,0,Hardware Composed: Independent Flip,22870.0867,NA,6.32640000000000,6.94180000000000,0.30060000000000,1.87520000000000,5.8550,22864.1542,6.2331,5.9325,0.3006,5.9160,1.8917,1.8861,0.0056,0.5171,22864.1542,NA,NA,NA
MegaProject.exe,13848,0x1F4D621B830,DXGI,1,0,0,Hardware Composed: Independent Flip,22877.2433,NA,7.15660000000000,6.93270000000000,0.48330000000000,2.02890000000000,5.6311,22870.3873,7.3393,6.8560,0.4833,6.8297,2.0552,2.0316,0.0236,-0.6996,22870.3873,NA,NA,NA
MegaProject.exe,13848,0x1F4D621B830,DXGI,1,0,0,Hardware Composed: Independent Flip,22884.6704,NA,7.42710000000000,6.96040000000000,0.39440000000000,1.92410000000000,5.1644,22877.7266,7.3382,6.9438,0.3944,6.9187,1.9492,1.9389,0.0103,0.3789,22877.7266,NA,NA,NA
MegaProject.exe,13848,0x1F4D621B830,DXGI,1,0,0,Hardware Composed: Independent Flip,22891.0390,NA,6.36860000000000,6.94740000000000,0.33310000000000,1.88860000000000,5.7432,22885.0648,6.3073,5.9742,0.3331,5.9569,1.9059,1.8999,0.0060,0.3908,22885.0648,NA,NA,NA
MegaProject.exe,13848,0x1F4D621B830,DXGI,1,0,0,Hardware Composed: Independent Flip,22898.4950,NA,7.45600000000000,6.91100000000000,0.35410000000000,1.90610000000000,5.1982,22891.3721,7.4770,7.1229,0.3541,7.0991,1.9299,1.9219,0.0080,-0.6037,22891.3721,NA,NA,NA
MegaProject.exe,13848,0x1F4D621B830,DXGI,1,0,0,Hardware Composed: Independent Flip,22904.7250,NA,6.23000000000000,6.97760000000000,0.33270000000000,1.90810000000000,5.9458,22898.8491,6.2086,5.8759,0.3327,5.8527,1.9313,1.9236,0.0077,0.4994,22898.8491,NA,NA,NA
MegaProject.exe,13848,0x1F4D621B830,DXGI,1,0,0,Hardware Composed: Independent Flip,22911.7234,NA,6.99840000000000,6.94410000000000,0.31640000000000,1.90820000000000,5.8915,22905.0577,6.9821,6.6657,0.3164,6.6496,1.9243,1.9201,0.0042,-0.7355,22905.0577,NA,NA,NA
MegaProject.exe,13848,0x1F4D621B830,DXGI,1,0,0,Hardware Composed: Independent Flip,22919.4407,NA,7.71730000000000,6.91960000000000,0.31580000000000,1.86600000000000,5.0938,22912.0398,7.7167,7.4009,0.3158,7.3573,1.9096,1.9051,0.0045,0.0625,22912.0398,NA,NA,NA
MegaProject.exe,13848,0x1F4D621B830,DXGI,1,0,0,Hardware Composed: Independent Flip,22925.4783,NA,6.03760000000000,7.09900000000000,0.31870000000000,1.89030000000000,6.1552,22919.7565,6.0405,5.7218,0.3187,5.6651,1.9470,1.9389,0.0081,0.6177,22919.7565,NA,NA,NA
MegaProject.exe,13848,0x1F4D621B830,DXGI,1,0,0,Hardware Composed: Independent Flip,22933.4951,NA,8.01680000000000,6.90710000000000,0.38190000000000,2.16890000000000,5.0455,22925.7970,8.0800,7.6981,0.3819,7.6589,2.2081,2.1983,0.0098,-0.8666,22925.7970,NA,NA,NA
MegaProject.exe,13848,0x1F4D621B830,DXGI,1,0,0,Hardware Composed: Independent Flip,22939.8516,NA,6.35650000000000,6.93730000000000,0.32300000000000,2.36560000000000,5.6263,22933.8770,6.2976,5.9746,0.3230,5.9563,2.3839,2.3742,0.0097,1.1427,22933.8770,NA,NA,NA
MegaProject.exe,13848,0x1F4D621B830,DXGI,1,0,0,Hardware Composed: Independent Flip,22946.5838,NA,6.73220000000000,6.98690000000000,0.35320000000000,2.36090000000000,5.8810,22940.1746,6.7624,6.4092,0.3532,6.3846,2.3855,2.3734,0.0121,-0.6893,22940.1746,NA,NA,NA
MegaProject.exe,13848,0x1F4D621B830,DXGI,1,0,0,Hardware Composed: Independent Flip,22954.3868,NA,7.80300000000000,6.89760000000000,0.29000000000000,2.13110000000000,4.9756,22946.9370,7.7398,7.4498,0.2900,7.4327,2.1482,2.1387,0.0095,-0.1352,22946.9370,NA,NA,NA
MegaProject.exe,13848,0x1F4D621B830,DXGI,1,0,0,Hardware Composed: Independent Flip,22960.6886,NA,6.30180000000000,6.94190000000000,0.27090000000000,2.16850000000000,5.6157,22954.6768,6.2827,6.0118,0.2709,5.9926,2.1877,2.1792,0.0085,0.7979,22954.6768,NA,NA,NA
MegaProject.exe,13848,0x1F4D621B830,DXGI,1,0,0,Hardware Composed: Independent Flip,22968.2984,NA,7.60980000000000,6.96000000000000,0.27640000000000,2.13660000000000,4.9659,22960.9595,7.6153,7.3389,0.2764,7.3136,2.1619,2.1465,0.0154,-0.6773,22960.9595,NA,NA,NA
MegaProject.exe,13848,0x1F4D621B830,DXGI,1,0,0,Hardware Composed: Independent Flip,22974.2723,NA,5.97390000000000,6.89110000000000,0.29520000000000,2.16770000000000,5.8831,22968.5748,5.9927,5.6975,0.2952,5.6807,2.1845,2.1714,0.0131,0.7242,22968.5748,NA,NA,NA
MegaProject.exe,13848,0x1F4D621B830,DXGI,1,0,0,Hardware Composed: Independent Flip,22981.5418,NA,7.26950000000000,6.89960000000000,0.49150000000000,1.90730000000000,5.5132,22974.5675,7.4658,6.9743,0.4915,6.9560,1.9256,1.9143,0.0113,-0.9069,22974.5675,NA,NA,NA
MegaProject.exe,13848,0x1F4D621B830,DXGI,1,0,0,Hardware Composed: Independent Flip,22988.9177,NA,7.37590000000000,6.95020000000000,0.43360000000000,1.91690000000000,5.0875,22982.0333,7.3180,6.8844,0.4336,6.8579,1.9434,1.9327,0.0107,0.5156,22982.0333,NA,NA,NA
MegaProject.exe,13848,0x1F4D621B830,DXGI,1,0,0,Hardware Composed: Independent Flip,22994.9464,NA,6.02870000000000,6.95450000000000,0.46440000000000,1.98150000000000,6.0133,22989.3513,6.0595,5.5951,0.4644,5.5777,1.9989,1.9919,0.0070,0.3635,22989.3513,NA,NA,NA
MegaProject.exe,13848,0x1F4D621B830,DXGI,1,0,0,Hardware Composed: Independent Flip,23001.9194,NA,6.97300000000000,7.02050000000000,0.35800000000000,1.91740000000000,6.0608,22995.4108,6.8666,6.5086,0.3580,6.4905,1.9355,1.9300,0.0055,-0.9610,22995.4108,NA,NA,NA
MegaProject.exe,13848,0x1F4D621B830,DXGI,1,0,0,Hardware Composed: Independent Flip,23009.5458,NA,7.62640000000000,6.85570000000000,0.31280000000000,2.19480000000000,5.2901,23002.2774,7.5812,7.2684,0.3128,7.2459,2.2173,2.2098,0.0075,0.0109,23002.2774,NA,NA,NA
MegaProject.exe,13848,0x1F4D621B830,DXGI,1,0,0,Hardware Composed: Independent Flip,23016.0222,NA,6.47640000000000,7.03750000000000,0.31790000000000,2.16830000000000,5.8512,23009.8586,6.4815,6.1636,0.3179,6.1389,2.1930,2.1815,0.0115,0.5437,23009.8586,NA,NA,NA
MegaProject.exe,13848,0x1F4D621B830,DXGI,1,0,0,Hardware Composed: Independent Flip,23023.9226,NA,7.90040000000000,6.93840000000000,0.41700000000000,2.18700000000000,4.8892,23016.3401,7.9995,7.5825,0.4170,7.5434,2.2261,2.2139,0.0122,-0.4569,23016.3401,NA,NA,NA
MegaProject.exe,13848,0x1F4D621B830,DXGI,1,0,0,Hardware Composed: Independent Flip,23029.9725,NA,6.04990000000000,6.94370000000000,0.30660000000000,2.13130000000000,5.7830,23024.3396,5.9395,5.6329,0.3066,5.6156,2.1486,2.1412,0.0074,1.0558,23024.3396,NA,NA,NA
MegaProject.exe,13848,0x1F4D621B830,DXGI,1,0,0,Hardware Composed: Independent Flip,23036.9403,NA,6.96780000000000,6.99060000000000,0.30460000000000,2.17000000000000,5.8058,23030.2791,6.9658,6.6612,0.3046,6.6390,2.1922,2.1799,0.0123,-1.0511,23030.2791,NA,NA,NA
MegaProject.exe,13848,0x1F4D621B830,DXGI,1,0,0,Hardware Composed: Independent Flip,23044.6021,NA,7.66180000000000,6.99120000000000,0.31250000000000,2.21800000000000,5.1352,23037.2449,7.6697,7.3572,0.3125,7.3413,2.2339,2.2245,0.0094,-0.0254,23037.2449,NA,NA,NA
MegaProject.exe,13848,0x1F4D621B830,DXGI,1,0,0,Hardware Composed: Independent Flip,23050.9607,NA,6.35860000000000,6.85940000000000,0.28190000000000,2.35670000000000,5.6360,23044.9146,6.3280,6.0461,0.2819,6.0245,2.3783,2.3708,0.0075,0.8103,23044.9146,NA,NA,NA
MegaProject.exe,13848,0x1F4D621B830,DXGI,1,0,0,Hardware Composed: Independent Flip,23058.9169,NA,7.95620000000000,6.98280000000000,0.39570000000000,2.37940000000000,4.6626,23051.2426,8.0700,7.6743,0.3957,7.6545,2.3992,2.3883,0.0109,-0.6548,23051.2426,NA,NA,NA
MegaProject.exe,13848,0x1F4D621B830,DXGI,1,0,0,Hardware Composed: Independent Flip,23064.9749,NA,6.05800000000000,6.91140000000000,0.43000000000000,2.27780000000000,5.5160,23059.3126,6.0923,5.6623,0.4300,5.6374,2.3027,2.2949,0.0078,1.1586,23059.3126,NA,NA,NA
MegaProject.exe,13848,0x1F4D621B830,DXGI,1,0,0,Hardware Composed: Independent Flip,23071.7486,NA,6.77370000000000,6.85860000000000,0.24950000000000,2.18200000000000,5.6009,23065.4049,6.5932,6.3437,0.2495,6.3217,2.2040,2.1920,0.0120,-0.7663,23065.4049,NA,NA,NA
MegaProject.exe,13848,0x1F4D621B830,DXGI,1,0,0,Hardware Composed: Independent Flip,23079.0455,NA,7.29690000000000,6.95700000000000,0.34380000000000,2.17620000000000,5.2610,23071.9981,7.3912,7.0474,0.3438,7.0226,2.2010,2.1858,0.0152,-0.3638,23071.9981,NA,NA,NA
MegaProject.exe,13848,0x1F4D621B830,DXGI,1,0,0,Hardware Composed: Independent Flip,23085.5672,NA,6.52170000000000,6.91980000000000,0.28490000000000,1.95160000000000,5.6591,23079.3893,6.4628,6.1779,0.2849,6.1586,1.9709,1.9493,0.0216,0.4714,23079.3893,NA,NA,NA
MegaProject.exe,13848,0x1F4D621B830,DXGI,1,0,0,Hardware Composed: Independent Flip,23093.1792,NA,7.61200000000000,6.95590000000000,0.27470000000000,1.83070000000000,5.0030,23085.8521,7.6018,7.3271,0.2747,7.3032,1.8546,1.8471,0.0075,-0.4931,23085.8521,NA,NA,NA
MegaProject.exe,13848,0x1F4D621B830,DXGI,1,0,0,Hardware Composed: Independent Flip,23099.4074,NA,6.22820000000000,6.93610000000000,0.26510000000000,1.92520000000000,5.7109,23093.4539,6.2186,5.9535,0.2651,5.9307,1.9480,1.9363,0.0117,0.6657,23093.4539,NA,NA,NA
MegaProject.exe,13848,0x1F4D621B830,DXGI,1,0,0,Hardware Composed: Independent Flip,23106.0195,NA,6.61210000000000,6.97510000000000,0.25230000000000,1.89980000000000,6.0739,23099.6725,6.5993,6.3470,0.2523,6.3298,1.9170,1.9098,0.0072,-0.7565,23099.6725,NA,NA,NA
MegaProject.exe,13848,0x1F4D621B830,DXGI,1,0,0,Hardware Composed: Independent Flip,23113.8839,NA,7.86440000000000,6.92910000000000,0.31200000000000,1.87800000000000,5.1386,23106.2718,7.9241,7.6121,0.3120,7.5900,1.9001,1.8943,0.0058,-0.3298,23106.2718,NA,NA,NA
MegaProject.exe,13848,0x1F4D621B830,DXGI,1,0,0,Hardware Composed: Independent Flip,23120.0893,NA,6.20540000000000,6.95050000000000,0.25780000000000,1.86960000000000,5.8837,23114.1959,6.1512,5.8934,0.2578,5.8237,1.9393,1.9287,0.0106,0.9736,23114.1959,NA,NA,NA
MegaProject.exe,13848,0x1F4D621B830,DXGI,1,0,0,Hardware Composed: Independent Flip,23126.8957,NA,6.80640000000000,6.94030000000000,0.30410000000000,1.90640000000000,6.0176,23120.3471,6.8527,6.5486,0.3041,6.5315,1.9235,1.9169,0.0066,-0.7891,23120.3471,NA,NA,NA
MegaProject.exe,13848,0x1F4D621B830,DXGI,1,0,0,Hardware Composed: Independent Flip,23134.6424,NA,7.74670000000000,6.94670000000000,0.27250000000000,1.93820000000000,5.2176,23127.1998,7.7151,7.4426,0.2725,7.4245,1.9563,1.9510,0.0053,-0.0940,23127.1998,NA,11.9906,NA
MegaProject.exe,13848,0x1F4D621B830,DXGI,1,0,0,Hardware Composed: Independent Flip,23140.9907,NA,6.34830000000000,6.88510000000000,0.33360000000000,1.89880000000000,5.7544,23134.9149,6.4094,6.0758,0.3336,6.0527,1.9219,1.9148,0.0071,0.8300,23134.9149,NA,NA,NA
MegaProject.exe,13848,0x1F4D621B830,DXGI,1,0,0,Hardware Composed: Independent Flip,23148.3503,NA,7.35960000000000,6.94520000000000,0.40530000000000,1.90600000000000,5.3400,23141.3243,7.4313,7.0260,0.4053,7.0084,1.9236,1.9156,0.0080,-0.5358,23141.3243,NA,NA,NA
MegaProject.exe,13848,0x1F4D621B830,DXGI,1,0,0,Hardware Composed: Independent Flip,23154.6308,NA,6.28050000000000,7.00500000000000,0.24450000000000,1.91650000000000,6.0645,23148.7556,6.1197,5.8752,0.2445,5.8574,1.9343,1.9286,0.0057,0.4263,23148.7556,NA,NA,NA
MegaProject.exe,13848,0x1F4D621B830,DXGI,1,0,0,Hardware Composed: Independent Flip,23161.7546,NA,7.12380000000000,6.94280000000000,0.29540000000000,1.89450000000000,5.8835,23154.8753,7.1747,6.8793,0.2954,6.8557,1.9181,1.9102,0.0079,-0.8231,23154.8753,NA,8.9445,NA
MegaProject.exe,13848,0x1F4D621B830,DXGI,1,0,0,Hardware Composed: Independent Flip,23169.3146,NA,7.56000000000000,6.93890000000000,0.41490000000000,1.82080000000000,5.2624,23162.0500,7.6795,7.2646,0.4149,7.2406,1.8448,1.8374,0.0074,0.2358,23162.0500,NA,NA,NA
MegaProject.exe,13848,0x1F4D621B830,DXGI,1,0,0,Hardware Composed: Independent Flip,23175.9967,NA,6.68210000000000,7.03570000000000,0.31380000000000,1.91220000000000,5.6160,23169.7295,6.5810,6.2672,0.3138,6.2444,1.9350,1.9301,0.0049,0.6438,23169.7295,NA,NA,NA
MegaProject.exe,13848,0x1F4D621B830,DXGI,1,0,0,Hardware Composed: Independent Flip,23184.0344,NA,8.03770000000000,6.84870000000000,0.47690000000000,2.26980000000000,4.4270,23176.3105,8.2008,7.7239,0.4769,7.6942,2.2995,2.2604,0.0391,-0.2677,23176.3105,NA,NA,NA
MegaProject.exe,13848,0x1F4D621B830,DXGI,1,0,0,Hardware Composed: Independent Flip,23189.7441,NA,5.70970000000000,6.95790000000000,0.50500000000000,1.92330000000000,5.6752,23184.5113,5.7378,5.2328,0.5050,5.2065,1.9496,1.9400,0.0096,1.2429,23184.5113,NA,NA,NA
MegaProject.exe,13848,0x1F4D621B830,DXGI,1,0,0,Hardware Composed: Independent Flip,23196.5338,NA,6.78970000000000,6.96100000000000,0.32030000000000,1.88590000000000,5.8465,23190.2491,6.6050,6.2847,0.3203,6.2677,1.9029,1.8969,0.0060,-1.2232,23190.2491,NA,13.1384,NA
MegaProject.exe,13848,0x1F4D621B830,DXGI,1,0,0,Hardware Composed: Independent Flip,23204.1951,NA,7.66130000000000,6.92950000000000,0.37050000000000,1.88160000000000,5.1147,23196.8541,7.7115,7.3410,0.3705,7.3168,1.9058,1.8975,0.0083,-0.3245,23196.8541,NA,NA,NA
MegaProject.exe,13848,0x1F4D621B830,DXGI,1,0,0,Hardware Composed: Independent Flip,23210.4158,NA,6.22070000000000,6.99920000000000,0.34530000000000,1.88660000000000,5.8932,23204.5656,6.1955,5.8502,0.3453,5.8065,1.9303,1.9218,0.0085,0.7123,23204.5656,NA,NA,NA
MegaProject.exe,13848,0x1F4D621B830,DXGI,1,0,0,Hardware Composed: Independent Flip,23218.2454,NA,7.82960000000000,6.98680000000000,0.33140000000000,2.08750000000000,5.0504,23210.7611,7.8157,7.4843,0.3314,7.4662,2.1056,2.0955,0.0101,-0.7913,23210.7611,NA,NA,NA
MegaProject.exe,13848,0x1F4D621B830,DXGI,1,0,0,Hardware Composed: Independent Flip,23224.3878,NA,6.14240000000000,6.92380000000000,0.36050000000000,2.12020000000000,5.8318,23218.5768,6.1715,5.8110,0.3605,5.7892,2.1420,2.1320,0.0100,0.8919,23218.5768,NA,10.3871,NA
MegaProject.exe,13848,0x1F4D621B830,DXGI,1,0,0,Hardware Composed: Independent Flip,23231.6948,NA,7.30700000000000,6.94420000000000,0.29290000000000,2.14340000000000,5.4690,23224.7483,7.2394,6.9465,0.2929,6.9240,2.1659,2.1528,0.0131,-0.7727,23224.7483,NA,NA,NA
MegaProject.exe,13848,0x1F4D621B830,DXGI,1,0,0,Hardware Composed: Independent Flip,23239.1353,NA,7.44050000000000,6.92510000000000,0.48940000000000,2.19130000000000,4.9536,23231.9877,7.6370,7.1476,0.4894,7.1287,2.2102,2.2017,0.0085,0.3143,23231.9877,NA,NA,NA
MegaProject.exe,13848,0x1F4D621B830,DXGI,1,0,0,Hardware Composed: Independent Flip,23245.0250,NA,5.88970000000000,6.99420000000000,0.32840000000000,2.11920000000000,6.0581,23239.6247,5.7287,5.4003,0.3284,5.3840,2.1355,2.1255,0.0100,0.6428,23239.6247,NA,NA,NA
MegaProject.exe,13848,0x1F4D621B830,DXGI,1,0,0,Hardware Composed: Independent Flip,23252.1750,NA,7.15000000000000,6.97980000000000,0.36100000000000,2.09680000000000,5.8879,23245.3534,7.1826,6.8216,0.3610,6.7877,2.1307,2.1191,0.0116,-1.2511,23245.3534,NA,NA,NA
MegaProject.exe,13848,0x1F4D621B830,DXGI,1,0,0,Hardware Composed: Independent Flip,23260.0554,NA,7.88040000000000,6.85580000000000,0.39730000000000,2.26180000000000,4.8633,23252.5360,7.9167,7.5194,0.3973,7.5010,2.2802,2.2696,0.0106,0.3268,23252.5360,NA,13.8144,NA
MegaProject.exe,13848,0x1F4D621B830,DXGI,1,0,0,Hardware Composed: Independent Flip,23266.0348,NA,5.97940000000000,6.98560000000000,0.34320000000000,2.11240000000000,5.8695,23260.4527,5.9253,5.5821,0.3432,5.5654,2.1291,2.1190,0.0101,0.9311,23260.4527,NA,NA,NA
MegaProject.exe,13848,0x1F4D621B830,DXGI,1,0,0,Hardware Composed: Independent Flip,23273.6198,NA,7.58500000000000,6.95070000000000,0.28670000000000,2.15790000000000,5.2352,23266.3780,7.5285,7.2418,0.2867,7.1915,2.2082,2.1961,0.0121,-1.0254,23266.3780,NA,NA,NA
MegaProject.exe,13848,0x1F4D621B830,DXGI,1,0,0,Hardware Composed: Independent Flip,23279.8775,NA,6.25770000000000,6.88950000000000,0.25070000000000,2.20580000000000,5.8670,23273.9065,6.2217,5.9710,0.2507,5.9548,2.2220,2.2106,0.0114,0.6390,23273.9065,NA,NA,NA
MegaProject.exe,13848,0x1F4D621B830,DXGI,1,0,0,Hardware Composed: Independent Flip,23287.1616,NA,7.28410000000000,7.00600000000000,0.33010000000000,2.20680000000000,5.5889,23280.1282,7.3635,7.0334,0.3301,7.0119,2.2283,2.2170,0.0113,-0.7843,23280.1282,NA,NA,NA
MegaProject.exe,13848,0x1F4D621B830,DXGI,1,0,0,Hardware Composed: Independent Flip,23294.8984,NA,7.73680000000000,6.93200000000000,0.45760000000000,2.14730000000000,4.7841,23287.4917,7.8643,7.4067,0.4576,7.3784,2.1756,2.1604,0.0152,0.4315,23287.4917,NA,7.4987,NA
MegaProject.exe,13848,0x1F4D621B830,DXGI,1,0,0,Hardware Composed: Independent Flip,23300.7986,NA,5.90020000000000,6.93690000000000,0.38850000000000,2.16860000000000,5.8208,23295.3560,5.8311,5.4426,0.3885,5.4262,2.1850,2.1745,0.0105,0.9274,23295.3560,NA,NA,NA
MegaProject.exe,13848,0x1F4D621B830,DXGI,1,0,0,Hardware Composed: Independent Flip,23308.3841,NA,7.58550000000000,6.94030000000000,0.39330000000000,2.15290000000000,5.1756,23301.1871,7.5903,7.1970,0.3933,7.1735,2.1764,2.1657,0.0107,-1.1092,23301.1871,NA,NA,NA
MegaProject.exe,13848,0x1F4D621B830,DXGI,1,0,0,Hardware Composed: Independent Flip,23314.6665,NA,6.28240000000000,6.99300000000000,0.32480000000000,2.14740000000000,5.8862,23308.7774,6.2139,5.8891,0.3248,5.8685,2.1680,2.1560,0.0120,0.5973,23308.7774,NA,NA,NA
MegaProject.exe,13848,0x1F4D621B830,DXGI,1,0,0,Hardware Composed: Independent Flip,23321.6420,NA,6.97550000000000,6.81520000000000,0.28970000000000,2.15490000000000,5.7259,23314.9913,6.9404,6.6507,0.2897,6.6344,2.1712,2.1610,0.0102,-0.6013,23314.9913,NA,NA,NA
MegaProject.exe,13848,0x1F4D621B830,DXGI,1,0,0,Hardware Composed: Independent Flip,23329.3594,NA,7.71740000000000,6.96150000000000,0.46340000000000,1.88980000000000,4.9700,23321.9317,7.8911,7.4277,0.4634,7.4050,1.9125,1.9054,0.0071,-0.0211,23321.9317,NA,11.5325,NA
MegaProject.exe,13848,0x1F4D621B830,DXGI,1,0,0,Hardware Composed: Independent Flip,23335.4422,NA,6.08280000000000,6.94930000000000,0.35020000000000,1.92410000000000,5.8365,23329.8228,5.9696,5.6194,0.3502,5.5961,1.9474,1.9356,0.0118,0.9418,23329.8228,NA,NA,NA
MegaProject.exe,13848,0x1F4D621B830,DXGI,1,0,0,Hardware Composed: Independent Flip,23342.9804,NA,7.53820000000000,6.93350000000000,0.31570000000000,1.77940000000000,5.2318,23335.7924,7.5037,7.1880,0.3157,7.1696,1.7978,1.7918,0.0060,-0.9639,23335.7924,NA,NA,NA
MegaProject.exe,13848,0x1F4D621B830,DXGI,1,0,0,Hardware Composed: Independent Flip,23349.2736,NA,6.29320000000000,6.95000000000000,0.28340000000000,1.89630000000000,5.8886,23343.2961,6.2609,5.9775,0.2834,5.9613,1.9125,1.9082,0.0043,0.5537,23343.2961,NA,NA,NA
MegaProject.exe,13848,0x1F4D621B830,DXGI,1,0,0,Hardware Composed: Independent Flip,23356.4758,NA,7.20220000000000,6.94170000000000,0.32470000000000,1.91800000000000,5.6281,23349.5570,7.2435,6.9188,0.3247,6.8954,1.9414,1.9330,0.0084,-0.6808,23349.5570,NA,NA,NA
MegaProject.exe,13848,0x1F4D621B830,DXGI,1,0,0,Hardware Composed: Independent Flip,23363.8159,NA,7.34010000000000,6.94240000000000,0.32440000000000,1.87810000000000,5.2304,23356.8005,7.3398,7.0154,0.3244,6.9921,1.9014,1.8944,0.0070,0.3011,23356.8005,NA,15.1342,NA
MegaProject.exe,13848,0x1F4D621B830,DXGI,1,0,0,Hardware Composed: Independent Flip,23370.3818,NA,6.56590000000000,6.95900000000000,0.30320000000000,2.39540000000000,5.6235,23364.1403,6.5447,6.2415,0.3032,6.2251,2.4118,2.4044,0.0074,0.3808,23364.1403,NA,NA,NA
MegaProject.exe,13848,0x1F4D621B830,DXGI,1,0,0,Hardware Composed: Independent Flip,23377.2537,NA,6.87190000000000,7.05670000000000,0.30750000000000,2.16650000000000,5.8083,23370.6850,6.8762,6.5687,0.3075,6.5446,2.1906,2.1779,0.0127,-0.5120,23370.6850,NA,NA,NA
MegaProject.exe,13848,0x1F4D621B830,DXGI,1,0,0,Hardware Composed: Independent Flip,23385.1720,NA,7.91830000000000,6.81990000000000,0.48510000000000,2.31610000000000,4.7099,23377.5612,8.0959,7.6108,0.4851,7.5921,2.3348,2.3107,0.0241,0.0563,23377.5612,NA,NA,NA
MegaProject.exe,13848,0x1F4D621B830,DXGI,1,0,0,Hardware Composed: Independent Flip,23391.4814,NA,6.30940000000000,6.95930000000000,0.41140000000000,1.96540000000000,5.3598,23385.6571,6.2357,5.8243,0.4114,5.8074,1.9823,1.9747,0.0076,1.1366,23385.6571,NA,13.1183,NA
MegaProject.exe,13848,0x1F4D621B830,DXGI,1,0,0,Hardware Composed: Independent Flip,23398.8895,NA,7.40810000000000,6.96350000000000,0.37140000000000,1.89210000000000,4.9152,23391.8928,7.3681,6.9967,0.3714,6.9704,1.9184,1.9077,0.0107,-0.7278,23391.8928,NA,NA,NA
MegaProject.exe,13848,0x1F4D621B830,DXGI,1,0,0,Hardware Composed: Independent Flip,23405.0011,NA,6.11160000000000,6.92330000000000,0.33900000000000,1.91040000000000,5.7269,23399.2609,6.0792,5.7402,0.3390,5.7157,1.9349,1.9250,0.0099,0.4448,23399.2609,NA,NA,NA
MegaProject.exe,13848,0x1F4D621B830,DXGI,1,0,0,Hardware Composed: Independent Flip,23411.9066,NA,6.90550000000000,6.93970000000000,0.32330000000000,1.86910000000000,5.7611,23405.3401,6.8898,6.5665,0.3233,6.5202,1.9154,1.9087,0.0067,-0.8605,23405.3401,NA,NA,NA
MegaProject.exe,13848,0x1F4D621B830,DXGI,1,0,0,Hardware Composed: Independent Flip,23419.6239,NA,7.71730000000000,6.92950000000000,0.31850000000000,2.07960000000000,4.9733,23412.2299,7.7125,7.3940,0.3185,7.3770,2.0966,2.0882,0.0084,-0.0397,23412.2299,NA,NA,NA
MegaProject.exe,13848,0x1F4D621B830,DXGI,1,0,0,Hardware Composed: Independent Flip,23425.8569,NA,6.23300000000000,6.96320000000000,0.27280000000000,1.93440000000000,5.7035,23419.9424,6.1873,5.9145,0.2728,5.8914,1.9575,1.9471,0.0104,0.7493,23419.9424,NA,7.9204,NA
MegaProject.exe,13848,0x1F4D621B830,DXGI,1,0,0,Hardware Composed: Independent Flip,23433.2241,NA,7.36720000000000,7.06000000000000,0.32590000000000,2.07310000000000,5.3963,23426.1297,7.4203,7.0944,0.3259,7.0772,2.0903,2.0771,0.0132,-0.8727,23426.1297,NA,NA,NA
MegaProject.exe,13848,0x1F4D621B830,DXGI,1,0,0,Hardware Composed: Independent Flip,23439.7621,NA,6.53800000000000,6.96190000000000,0.28740000000000,2.34480000000000,5.8202,23433.5500,6.4995,6.2121,0.2874,6.1929,2.3640,2.3565,0.0075,0.4584,23433.5500,NA,NA,NA
MegaProject.exe,13848,0x1F4D621B830,DXGI,1,0,0,Hardware Composed: Independent Flip,23446.8413,NA,7.07920000000000,6.90940000000000,0.40410000000000,2.32860000000000,5.6504,23440.0495,7.1959,6.7918,0.4041,6.7661,2.3543,2.3424,0.0119,-0.4099,23440.0495,NA,NA,NA
MegaProject.exe,13848,0x1F4D621B830,DXGI,1,0,0,Hardware Composed: Independent Flip,23454.6707,NA,7.82940000000000,6.89580000000000,0.49090000000000,2.11540000000000,4.7168,23447.2454,7.9162,7.4253,0.4909,7.3941,2.1466,2.1345,0.0121,0.3001,23447.2454,NA,NA,NA
MegaProject.exe,13848,0x1F4D621B830,DXGI,1,0,0,Hardware Composed: Independent Flip,23460.6170,NA,5.94630000000000,7.01260000000000,0.30300000000000,2.12630000000000,5.7831,23455.1616,5.7584,5.4554,0.3030,5.4382,2.1435,2.1327,0.0108,0.9036,23455.1616,NA,12.3533,NA
MegaProject.exe,13848,0x1F4D621B830,DXGI,1,0,0,Hardware Composed: Independent Flip,23468.2309,NA,7.61390000000000,6.94600000000000,0.30420000000000,2.30850000000000,5.1152,23460.9200,7.6151,7.3109,0.3042,7.2929,2.3265,2.3166,0.0099,-1.1876,23460.9200,NA,NA,NA
MegaProject.exe,13848,0x1F4D621B830,DXGI,1,0,0,Hardware Composed: Independent Flip,23474.5090,NA,6.27810000000000,6.94750000000000,0.37000000000000,2.21170000000000,5.7846,23468.5351,6.3439,5.9739,0.3700,5.9518,2.2338,2.2214,0.0124,0.6676,23468.5351,NA,NA,NA
MegaProject.exe,13848,0x1F4D621B830,DXGI,1,0,0,Hardware Composed: Independent Flip,23481.3914,NA,6.88240000000000,6.89320000000000,0.30740000000000,2.29160000000000,5.7954,23474.8790,6.8198,6.5124,0.3074,6.4953,2.3087,2.3013,0.0074,-0.5493,23474.8790,NA,NA,NA
MegaProject.exe,13848,0x1F4D621B830,DXGI,1,0,0,Hardware Composed: Independent Flip,23488.9241,NA,7.53270000000000,6.90030000000000,0.41320000000000,2.12430000000000,5.1630,23481.6988,7.6385,7.2253,0.4132,7.1993,2.1503,2.1398,0.0105,-0.0805,23481.6988,NA,10.2950,NA
MegaProject.exe,13848,0x1F4D621B830,DXGI,1,0,0,Hardware Composed: Independent Flip,23495.3368,NA,6.41270000000000,6.91510000000000,0.41360000000000,2.22840000000000,5.6654,23489.3373,6.4131,5.9995,0.4136,5.9775,2.2504,2.2227,0.0277,0.7234,23489.3373,NA,NA,NA
MegaProject.exe,13848,0x1F4D621B830,DXGI,1,0,0,Hardware Composed: Independent Flip,23502.3733,NA,7.03650000000000,6.95620000000000,0.32430000000000,2.01430000000000,5.5851,23495.7504,6.9472,6.6229,0.3243,6.6040,2.0332,2.0248,0.0084,-0.5431,23495.7504,NA,NA,NA
MegaProject.exe,13848,0x1F4D621B830,DXGI,1,0,0,Hardware Composed: Independent Flip,23509.8750,NA,7.50170000000000,6.88400000000000,0.33910000000000,1.89930000000000,4.9674,23502.6976,7.5165,7.1774,0.3391,7.1583,1.9184,1.9140,0.0044,0.0632,23502.6976,NA,NA,NA
MegaProject.exe,13848,0x1F4D621B830,DXGI,1,0,0,Hardware Composed: Independent Flip,23515.9570,NA,6.08200000000000,6.99150000000000,0.33270000000000,1.94060000000000,5.8769,23510.2141,6.0756,5.7429,0.3327,5.7180,1.9655,1.9568,0.0087,0.5250,23510.2141,NA,NA,NA
MegaProject.exe,13848,0x1F4D621B830,DXGI,1,0,0,Hardware Composed: Independent Flip,23523.9995,NA,8.04250000000000,6.95400000000000,0.31170000000000,1.89370000000000,4.7884,23516.2897,8.0215,7.7098,0.3117,7.6873,1.9162,1.9084,0.0078,-0.8784,23516.2897,NA,NA,NA
MegaProject.exe,13848,0x1F4D621B830,DXGI,1,0,0,Hardware Composed: Independent Flip,23529.9684,NA,5.96890000000000,6.95780000000000,0.29950000000000,1.88670000000000,5.7773,23524.3112,5.9567,5.6572,0.2995,5.6387,1.9052,1.9011,0.0041,1.0637,23524.3112,NA,12.2504,NA
MegaProject.exe,13848,0x1F4D621B830,DXGI,1,0,0,Hardware Composed: Independent Flip,23536.9524,NA,6.98400000000000,6.92300000000000,0.31990000000000,1.91560000000000,5.7163,23530.2679,7.0044,6.6845,0.3199,6.6628,1.9373,1.9299,0.0074,-0.9663,23530.2679,NA,NA,NA
MegaProject.exe,13848,0x1F4D621B830,DXGI,1,0,0,Hardware Composed: Independent Flip,23544.8553,NA,7.90290000000000,6.95030000000000,0.32680000000000,1.91150000000000,4.7637,23537.2723,7.9098,7.5830,0.3268,7.5603,1.9342,1.9271,0.0071,0.0541,23537.2723,NA,NA,NA
MegaProject.exe,13848,0x1F4D621B830,DXGI,1,0,0,Hardware Composed: Independent Flip,23551.0009,NA,6.14560000000000,6.94940000000000,0.28770000000000,1.89840000000000,5.5675,23545.1821,6.1065,5.8188,0.2877,5.8016,1.9156,1.9099,0.0057,0.9604,23545.1821,NA,NA,NA
MegaProject.exe,13848,0x1F4D621B830,DXGI,1,0,0,Hardware Composed: Independent Flip,23558.5787,NA,7.57780000000000,6.94410000000000,0.30990000000000,1.91930000000000,4.9338,23551.2886,7.6000,7.2901,0.3099,7.2662,1.9432,1.9342,0.0090,-0.8376,23551.2886,NA,9.8087,NA
MegaProject.exe,13848,0x1F4D621B830,DXGI,1,0,0,Hardware Composed: Independent Flip,23564.8495,NA,6.27080000000000,6.94300000000000,0.30690000000000,1.88490000000000,5.6060,23558.8886,6.2678,5.9609,0.3069,5.9259,1.9199,1.9130,0.0069,0.6570,23558.8886,NA,NA,NA
MegaProject.exe,13848,0x1F4D621B830,DXGI,1,0,0,Hardware Composed: Independent Flip,23571.5931,NA,6.74360000000000,6.94310000000000,0.24700000000000,1.88740000000000,5.8055,23565.1564,6.6837,6.4367,0.2470,6.4191,1.9050,1.9009,0.0041,-0.6753,23565.1564,NA,NA,NA
MegaProject.exe,13848,0x1F4D621B830,DXGI,1,0,0,Hardware Composed: Independent Flip,23579.1798,NA,7.58670000000000,6.94700000000000,0.34260000000000,1.91080000000000,5.1658,23571.8401,7.6823,7.3397,0.3426,7.3166,1.9339,1.9267,0.0072,-0.2633,23571.8401,NA,NA,NA
MegaProject.exe,13848,0x1F4D621B830,DXGI,1,0,0,Hardware Composed: Independent Flip,23586.5620,NA,7.38220000000000,6.94530000000000,0.34880000000000,1.92210000000000,4.7289,23579.5224,7.3884,7.0396,0.3488,7.0176,1.9441,1.9340,0.0101,0.7370,23579.5224,NA,7.5947,NA
MegaProject.exe,13848,0x1F4D621B830,DXGI,1,0,0,Hardware Composed: Independent Flip,23592.9063,NA,6.34430000000000,6.95070000000000,0.31590000000000,1.82560000000000,5.3353,23586.9108,6.3114,5.9955,0.3159,5.9800,1.8411,1.8334,0.0077,0.4377,23586.9108,NA,NA,NA
MegaProject.exe,13848,0x1F4D621B830,DXGI,1,0,0,Hardware Composed: Independent Flip,23599.2430,NA,6.33670000000000,6.92370000000000,0.23560000000000,2.15200000000000,5.9223,23593.2222,6.2564,6.0208,0.2356,6.0044,2.1684,2.1598,0.0086,-0.6123,23593.2222,NA,NA,NA
MegaProject.exe,13848,0x1F4D621B830,DXGI,1,0,0,Hardware Composed: Independent Flip,23606.3646,NA,7.12160000000000,6.96600000000000,0.40640000000000,2.14660000000000,5.7667,23599.4786,7.2924,6.8860,0.4064,6.8662,2.1664,2.1452,0.0212,-0.7096,23599.4786,NA,NA,NA
MegaProject.exe,13848,0x1F4D621B830,DXGI,1,0,0,Hardware Composed: Independent Flip,23614.0704,NA,7.70580000000000,6.95820000000000,0.28640000000000,1.84110000000000,5.0191,23606.7710,7.5858,7.2994,0.2864,7.2754,1.8651,1.8537,0.0114,0.3342,23606.7710,NA,NA,NA
MegaProject.exe,13848,0x1F4D621B830,DXGI,1,0,0,Hardware Composed: Independent Flip,23620.2745,NA,6.20410000000000,6.93030000000000,0.27110000000000,1.89650000000000,5.7453,23614.3568,6.1888,5.9177,0.2711,5.8994,1.9148,1.9067,0.0081,0.6555,23614.3568,NA,NA,NA
MegaProject.exe,13848,0x1F4D621B830,DXGI,1,0,0,Hardware Composed: Independent Flip,23627.1182,NA,6.84370000000000,6.95050000000000,0.31880000000000,1.90900000000000,5.8521,23620.5456,6.8914,6.5726,0.3188,6.5471,1.9345,1.9246,0.0099,-0.7617,23620.5456,NA,8.9307,NA
MegaProject.exe,13848,0x1F4D621B830,DXGI,1,0,0,Hardware Composed: Independent Flip,23634.6241,NA,7.50590000000000,6.94730000000000,0.26680000000000,2.03660000000000,5.2935,23627.4370,7.4539,7.1871,0.2668,7.1641,2.0596,2.0460,0.0136,-0.0559,23627.4370,NA,NA,NA
MegaProject.exe,13848,0x1F4D621B830,DXGI,1,0,0,Hardware Composed: Independent Flip,23640.8818,NA,6.25770000000000,6.94360000000000,0.30440000000000,1.95650000000000,5.9794,23634.8909,6.2953,5.9909,0.3044,5.9744,1.9730,1.9671,0.0059,0.5103,23634.8909,NA,NA,NA
MegaProject.exe,13848,0x1F4D621B830,DXGI,1,0,0,Hardware Composed: Independent Flip,23648.7693,NA,7.88750000000000,6.93550000000000,0.32560000000000,1.92290000000000,5.0274,23641.1862,7.9087,7.5831,0.3256,7.5615,1.9445,1.9363,0.0082,-0.6402,23641.1862,NA,NA,NA
MegaProject.exe,13848,0x1F4D621B830,DXGI,1,0,0,Hardware Composed: Independent Flip,23656.2631,NA,7.49380000000000,7.02410000000000,0.24700000000000,2.13550000000000,4.5577,23649.0949,7.4152,7.1682,0.2470,7.1447,2.1590,2.1433,0.0157,0.8846,23649.0949,NA,7.3030,NA
MegaProject.exe,13848,0x1F4D621B830,DXGI,1,0,0,Hardware Composed: Independent Flip,23661.8955,NA,5.63240000000000,6.94890000000000,0.23740000000000,2.19920000000000,5.8742,23656.5101,5.6228,5.3854,0.2374,5.3685,2.2161,2.2016,0.0145,0.4663,23656.5101,NA,NA,NA
MegaProject.exe,13848,0x1F4D621B830,DXGI,1,0,0,Hardware Composed: Independent Flip,23669.8316,NA,7.93610000000000,6.94900000000000,0.27270000000000,2.21050000000000,4.8871,23662.1329,7.9714,7.6987,0.2727,7.6804,2.2288,2.2192,0.0096,-1.3262,23662.1329,NA,NA,NA
MegaProject.exe,13848,0x1F4D621B830,DXGI,1,0,0,Hardware Composed: Independent Flip,23675.7209,NA,5.88930000000000,6.95120000000000,0.31550000000000,2.15260000000000,5.9490,23670.1043,5.9321,5.6166,0.3155,5.5921,2.1771,2.1655,0.0116,1.0202,23670.1043,NA,NA,NA
MegaProject.exe,13848,0x1F4D621B830,DXGI,1,0,0,Hardware Composed: Independent Flip,23683.5176,NA,7.79670000000000,6.93820000000000,0.29040000000000,2.17370000000000,5.0905,23676.0364,7.7716,7.4812,0.2904,7.4283,2.2266,2.2140,0.0126,-1.0061,23676.0364,NA,NA,NA
MegaProject.exe,13848,0x1F4D621B830,DXGI,1,0,0,Hardware Composed: Independent Flip,23689.7626,NA,6.24500000000000,6.98160000000000,0.31210000000000,2.33190000000000,5.8271,23683.8080,6.2667,5.9546,0.3121,5.9376,2.3489,2.3414,0.0075,0.7900,23683.8080,NA,12.0922,NA
MegaProject.exe,13848,0x1F4D621B830,DXGI,1,0,0,Hardware Composed: Independent Flip,23696.7479,NA,6.98530000000000,6.94340000000000,0.30140000000000,2.23320000000000,5.7852,23690.0747,6.9746,6.6732,0.3014,6.6486,2.2578,2.2460,0.0118,-0.6767,23690.0747,NA,NA,NA
MegaProject.exe,13848,0x1F4D621B830,DXGI,1,0,0,Hardware Composed: Independent Flip,23704.2716,NA,7.52370000000000,6.95390000000000,0.31050000000000,2.17040000000000,5.2154,23697.0493,7.5328,7.2223,0.3105,7.2000,2.1927,2.1806,0.0121,0.0207,23697.0493,NA,NA,NA
MegaProject.exe,13848,0x1F4D621B830,DXGI,1,0,0,Hardware Composed: Independent Flip,23710.5782,NA,6.30660000000000,6.88720000000000,0.30400000000000,2.27970000000000,5.7960,23704.5821,6.3001,5.9961,0.3040,5.9804,2.2954,2.2875,0.0079,0.6456,23704.5821,NA,NA,NA
MegaProject.exe,13848,0x1F4D621B830,DXGI,1,0,0,Hardware Composed: Independent Flip,23718.7043,NA,8.12610000000000,6.89150000000000,0.34170000000000,1.89920000000000,4.5614,23710.8822,8.1638,7.8221,0.3417,7.8002,1.9211,1.9092,0.0119,-0.5914,23710.8822,NA,9.4585,NA
MegaProject.exe,13848,0x1F4D621B830,DXGI,1,0,0,Hardware Composed: Independent Flip,23724.4602,NA,5.75590000000000,6.93710000000000,0.34580000000000,1.94460000000000,5.7426,23719.0460,5.7600,5.4142,0.3458,5.3902,1.9686,1.9592,0.0094,1.2267,23719.0460,NA,NA,NA
MegaProject.exe,13848,0x1F4D621B830,DXGI,1,0,0,Hardware Composed: Independent Flip,23731.1524,NA,6.69220000000000,7.01250000000000,0.29880000000000,2.20260000000000,6.0629,23724.8060,6.6452,6.3464,0.2988,6.3286,2.2204,2.2117,0.0087,-1.2525,23724.8060,NA,NA,NA
MegaProject.exe,13848,0x1F4D621B830,DXGI,1,0,0,Hardware Composed: Independent Flip,23739.1292,NA,7.97680000000000,6.82400000000000,0.34830000000000,2.17640000000000,4.9101,23731.4512,8.0263,7.6780,0.3483,7.6374,2.2170,2.2030,0.0140,-0.1788,23731.4512,NA,NA,NA
MegaProject.exe,13848,0x1F4D621B830,DXGI,1,0,0,Hardware Composed: Independent Flip,23745.1020,NA,5.97280000000000,7.06440000000000,0.31360000000000,2.12560000000000,6.0017,23739.4775,5.9381,5.6245,0.3136,5.5617,2.1884,2.1750,0.0134,0.9619,23739.4775,NA,NA,NA
MegaProject.exe,13848,0x1F4D621B830,DXGI,1,0,0,Hardware Composed: Independent Flip,23752.1030,NA,7.00100000000000,6.94810000000000,0.32160000000000,2.03140000000000,5.9488,23745.4156,7.0090,6.6874,0.3216,6.6585,2.0603,2.0510,0.0093,-1.0100,23745.4156,NA,NA,NA
MegaProject.exe,13848,0x1F4D621B830,DXGI,1,0,0,Hardware Composed: Independent Flip,23759.7385,NA,7.63550000000000,6.93110000000000,0.41980000000000,2.12530000000000,5.2444,23752.4246,7.7337,7.3139,0.4198,7.2891,2.1501,2.1394,0.0107,0.0779,23752.4246,NA,11.0448,NA
MegaProject.exe,13848,0x1F4D621B830,DXGI,1,0,0,Hardware Composed: Independent Flip,23765.9759,NA,6.23740000000000,6.95540000000000,0.33520000000000,2.21370000000000,5.9624,23760.1583,6.1528,5.8176,0.3352,5.7946,2.2367,2.2252,0.0115,0.7783,23760.1583,NA,NA,NA
MegaProject.exe,13848,0x1F4D621B830,DXGI,1,0,0,Hardware Composed: Independent Flip,23773.6782,NA,7.70230000000000,6.99080000000000,0.32850000000000,2.31270000000000,5.2509,23766.3111,7.6956,7.3671,0.3285,7.3478,2.3320,2.3193,0.0127,-0.8380,23766.3111,NA,NA,NA
MegaProject.exe,13848,0x1F4D621B830,DXGI,1,0,0,Hardware Composed: Independent Flip,23780.0676,NA,6.38940000000000,6.91990000000000,0.29570000000000,2.27840000000000,5.7814,23774.0067,6.3566,6.0609,0.2957,6.0431,2.2962,2.2891,0.0071,0.7757,23774.0067,NA,NA,NA
MegaProject.exe,13848,0x1F4D621B830,DXGI,1,0,0,Hardware Composed: Independent Flip,23786.9578,NA,6.89020000000000,6.92780000000000,0.26570000000000,2.13740000000000,5.8190,23780.3633,6.8602,6.5945,0.2657,6.5730,2.1589,2.1445,0.0144,-0.5712,23780.3633,NA,8.9987,NA
MegaProject.exe,13848,0x1F4D621B830,DXGI,1,0,0,Hardware Composed: Independent Flip,23795.0758,NA,8.11800000000000,6.89270000000000,0.41720000000000,2.11880000000000,4.5937,23787.2235,8.2695,7.8523,0.4172,7.7972,2.1739,2.1609,0.0130,-0.0325,23787.2235,NA,NA,NA
MegaProject.exe,13848,0x1F4D621B830,DXGI,1,0,0,Hardware Composed: Independent Flip,23801.0370,NA,5.96120000000000,6.89570000000000,0.37820000000000,1.95690000000000,5.5282,23795.4930,5.9222,5.5440,0.3782,5.5199,1.9810,1.9647,0.0163,1.3738,23795.4930,NA,NA,NA
MegaProject.exe,13848,0x1F4D621B830,DXGI,1,0,0,Hardware Composed: Independent Flip,23808.6234,NA,7.58640000000000,6.97590000000000,0.32830000000000,1.92260000000000,4.9177,23801.4152,7.5365,7.2082,0.3283,7.1810,1.9498,1.9372,0.0126,-1.0537,23801.4152,NA,NA,NA
MegaProject.exe,13848,0x1F4D621B830,DXGI,1,0,0,Hardware Composed: Independent Flip,23814.7781,NA,6.15470000000000,6.94600000000000,0.30280000000000,1.96760000000000,5.7090,23808.9517,6.1292,5.8264,0.3028,5.8050,1.9890,1.9786,0.0104,0.5905,23808.9517,NA,NA,NA
MegaProject.exe,13848,0x1F4D621B830,DXGI,1,0,0,Hardware Composed: Independent Flip,23821.5845,NA,6.80640000000000,6.91000000000000,0.35670000000000,1.90080000000000,5.8126,23815.0809,6.8603,6.5036,0.3567,6.4875,1.9169,1.9111,0.0058,-0.7808,23815.0809,NA,13.6886,NA
MegaProject.exe,13848,0x1F4D621B830,DXGI,1,0,0,Hardware Composed: Independent Flip,23829.4172,NA,7.83270000000000,6.98140000000000,0.34910000000000,1.91480000000000,4.9613,23821.9412,7.8251,7.4760,0.3491,7.4543,1.9365,1.9280,0.0085,-0.1211,23821.9412,NA,NA,NA
MegaProject.exe,13848,0x1F4D621B830,DXGI,1,0,0,Hardware Composed: Independent Flip,23835.5098,NA,6.09260000000000,6.94050000000000,0.27990000000000,1.92320000000000,5.8092,23829.7663,6.0234,5.7435,0.2799,5.7196,1.9471,1.9363,0.0108,0.8846,23829.7663,NA,NA,NA
MegaProject.exe,13848,0x1F4D621B830,DXGI,1,0,0,Hardware Composed: Independent Flip,23842.8094,NA,7.29960000000000,6.95300000000000,0.25380000000000,1.96650000000000,5.4626,23835.7897,7.2735,7.0197,0.2538,7.0037,1.9825,1.9733,0.0092,-0.9296,23835.7897,NA,NA,NA
MegaProject.exe,13848,0x1F4D621B830,DXGI,1,0,0,Hardware Composed: Independent Flip,23849.2201,NA,6.41070000000000,6.91000000000000,0.32900000000000,1.90570000000000,5.9619,23843.0632,6.4859,6.1569,0.3290,6.1390,1.9236,1.9183,0.0053,0.3635,23843.0632,NA,NA,NA
MegaProject.exe,13848,0x1F4D621B830,DXGI,1,0,0,Hardware Composed: Independent Flip,23856.1938,NA,6.97370000000000,6.96730000000000,0.25050000000000,1.90520000000000,5.9555,23849.5491,6.8952,6.6447,0.2505,6.6227,1.9272,1.9190,0.0082,-0.4814,23849.5491,NA,8.3186,NA
MegaProject.exe,13848,0x1F4D621B830,DXGI,1,0,0,Hardware Composed: Independent Flip,23863.9572,NA,7.76340000000000,6.94390000000000,0.34140000000000,1.90110000000000,5.1360,23856.4443,7.8543,7.5129,0.3414,7.4927,1.9213,1.9140,0.0073,-0.0487,23856.4443,NA,NA,NA
MegaProject.exe,13848,0x1F4D621B830,DXGI,1,0,0,Hardware Composed: Independent Flip,23870.3233,NA,6.36610000000000,6.92600000000000,0.29930000000000,1.90690000000000,5.6959,23864.2986,6.3240,6.0247,0.2993,6.0067,1.9249,1.9188,0.0061,0.9283,23864.2986,NA,NA,NA
MegaProject.exe,13848,0x1F4D621B830,DXGI,1,0,0,Hardware Composed: Independent Flip,23877.4246,NA,7.10130000000000,6.97370000000000,0.31670000000000,1.90670000000000,5.5683,23870.6226,7.1187,6.8020,0.3167,6.7779,1.9308,1.9208,0.0100,-0.6497,23870.6226,NA,NA,NA
MegaProject.exe,13848,0x1F4D621B830,DXGI,1,0,0,Hardware Composed: Independent Flip,23884.7987,NA,7.37410000000000,6.94330000000000,0.33030000000000,1.92920000000000,5.1375,23877.7413,7.3877,7.0574,0.3303,7.0337,1.9529,1.9444,0.0085,0.1754,23877.7413,NA,NA,NA
MegaProject.exe,13848,0x1F4D621B830,DXGI,1,0,0,Hardware Composed: Independent Flip,23890.9886,NA,6.18990000000000,6.96360000000000,0.31650000000000,1.89350000000000,5.9112,23885.1290,6.1761,5.8596,0.3165,5.8423,1.9108,1.9064,0.0044,0.4241,23885.1290,NA,13.2016,NA
MegaProject.exe,13848,0x1F4D621B830,DXGI,1,0,0,Hardware Composed: Independent Flip,23898.6922,NA,7.70360000000000,6.99830000000000,0.33110000000000,1.91870000000000,5.2059,23891.3051,7.7182,7.3871,0.3311,7.3637,1.9421,1.9335,0.0086,-0.8222,23891.3051,NA,NA,NA
MegaProject.exe,13848,0x1F4D621B830,DXGI,1,0,0,Hardware Composed: Independent Flip,23905.0111,NA,6.31890000000000,6.99250000000000,0.37850000000000,2.16410000000000,5.8795,23899.0233,6.3663,5.9878,0.3785,5.9663,2.1856,2.1725,0.0131,0.7257,23899.0233,NA,NA,NA
MegaProject.exe,13848,0x1F4D621B830,DXGI,1,0,0,Hardware Composed: Independent Flip,23911.9513,NA,6.94020000000000,6.90610000000000,0.27930000000000,2.33820000000000,5.8454,23905.3896,6.8410,6.5617,0.2793,6.5452,2.3547,2.3473,0.0074,-0.5398,23905.3896,NA,NA,NA
MegaProject.exe,13848,0x1F4D621B830,DXGI,1,0,0,Hardware Composed: Independent Flip,23919.5807,NA,7.62940000000000,6.95640000000000,0.32540000000000,2.14240000000000,5.1724,23912.2306,7.6755,7.3501,0.3254,7.3182,2.1743,2.1658,0.0085,-0.1154,23912.2306,NA,10.9286,NA
MegaProject.exe,13848,0x1F4D621B830,DXGI,1,0,0,Hardware Composed: Independent Flip,23926.0907,NA,6.51000000000000,6.93040000000000,0.32680000000000,2.17390000000000,5.5928,23919.9061,6.5114,6.1846,0.3268,6.1606,2.1979,2.1849,0.0130,0.7451,23919.9061,NA,NA,NA
MegaProject.exe,13848,0x1F4D621B830,DXGI,1,0,0,Hardware Composed: Independent Flip,23933.5383,NA,7.44760000000000,6.91540000000000,0.25540000000000,2.15080000000000,5.0606,23926.4175,7.3762,7.1208,0.2554,7.1043,2.1673,2.1564,0.0109,-0.4040,23926.4175,NA,NA,NA
MegaProject.exe,13848,0x1F4D621B830,DXGI,1,0,0,Hardware Composed: Independent Flip,23940.0941,NA,6.55580000000000,6.88430000000000,0.30190000000000,1.89070000000000,5.3891,23933.7937,6.6023,6.3004,0.3019,6.2784,1.9127,1.9046,0.0081,0.4919,23933.7937,NA,NA,NA
MegaProject.exe,13848,0x1F4D621B830,DXGI,1,0,0,Hardware Composed: Independent Flip,23946.7319,NA,6.63780000000000,7.04090000000000,0.28210000000000,2.12980000000000,5.7922,23940.3960,6.6180,6.3359,0.2821,6.3111,2.1546,2.1399,0.0147,-0.4386,23940.3960,NA,NA,NA
MegaProject.exe,13848,0x1F4D621B830,DXGI,1,0,0,Hardware Composed: Independent Flip,23954.4803,NA,7.74840000000000,6.94440000000000,0.31610000000000,2.17500000000000,4.9882,23947.0140,7.7824,7.4663,0.3161,7.4514,2.1899,2.1746,0.0153,-0.3264,23947.0140,NA,13.8734,NA
MegaProject.exe,13848,0x1F4D621B830,DXGI,1,0,0,Hardware Composed: Independent Flip,23960.6814,NA,6.20110000000000,7.02770000000000,0.30010000000000,2.31070000000000,5.8148,23954.7964,6.1851,5.8850,0.3001,5.8688,2.3269,2.3191,0.0078,0.7547,23954.7964,NA,NA,NA
MegaProject.exe,13848,0x1F4D621B830,DXGI,1,0,0,Hardware Composed: Independent Flip,23968.5013,NA,7.81990000000000,6.89990000000000,0.39950000000000,2.24350000000000,4.8948,23960.9815,7.9193,7.5198,0.3995,7.4940,2.2693,2.2569,0.0124,-0.7148,23960.9815,NA,NA,NA
MegaProject.exe,13848,0x1F4D621B830,DXGI,1,0,0,Hardware Composed: Independent Flip,23974.4535,NA,5.95220000000000,6.94490000000000,0.28870000000000,2.26940000000000,5.8875,23968.9008,5.8414,5.5527,0.2887,5.5365,2.2856,2.2638,0.0218,0.9744,23968.9008,NA,NA,NA
MegaProject.exe,13848,0x1F4D621B830,DXGI,1,0,0,Hardware Composed: Independent Flip,23981.5021,NA,7.04860000000000,6.89570000000000,0.31990000000000,2.28940000000000,5.7346,23974.7422,7.0798,6.7599,0.3199,6.7204,2.3289,2.3217,0.0072,-1.0543,23974.7422,NA,NA,NA
MegaProject.exe,13848,0x1F4D621B830,DXGI,1,0,0,Hardware Composed: Independent Flip,23989.3883,NA,7.88620000000000,7.01340000000000,0.40260000000000,2.34940000000000,4.8618,23981.8220,7.9689,7.5663,0.4026,7.5412,2.3745,2.3646,0.0099,0.0664,23981.8220,NA,9.0732,NA
MegaProject.exe,13848,0x1F4D621B830,DXGI,1,0,0,Hardware Composed: Independent Flip,23995.3494,NA,5.96110000000000,6.88670000000000,0.27380000000000,2.30930000000000,5.7874,23989.7909,5.8323,5.5585,0.2738,5.5417,2.3261,2.2974,0.0287,1.0822,23989.7909,NA,NA,NA
MegaProject.exe,13848,0x1F4D621B830,DXGI,1,0,0,Hardware Composed: Independent Flip,24002.2257,NA,6.87630000000000,7.00620000000000,0.30510000000000,2.32530000000000,5.9173,23995.6232,6.9076,6.6025,0.3051,6.5854,2.3424,2.3345,0.0079,-1.1739,23995.6232,NA,NA,NA
MegaProject.exe,13848,0x1F4D621B830,DXGI,1,0,0,Hardware Composed: Independent Flip,24010.1752,NA,7.94950000000000,6.75240000000000,0.37560000000000,2.17880000000000,4.7202,24002.5308,8.0200,7.6444,0.3756,7.5919,2.2313,2.2189,0.0124,0.1552,24002.5308,NA,NA,NA
MegaProject.exe,13848,0x1F4D621B830,DXGI,1,0,0,Hardware Composed: Independent Flip,24015.9867,NA,5.81150000000000,6.99760000000000,0.30700000000000,2.28690000000000,5.9063,24010.5508,5.7429,5.4359,0.3070,5.4184,2.3044,2.2946,0.0098,1.0224,24010.5508,NA,NA,NA
MegaProject.exe,13848,0x1F4D621B830,DXGI,1,0,0,Hardware Composed: Independent Flip,24023.7712,NA,7.78450000000000,6.99710000000000,0.26340000000000,1.90280000000000,5.1189,24016.2937,7.7409,7.4775,0.2634,7.4584,1.9219,1.9136,0.0083,-1.2542,24016.2937,NA,10.2789,NA
MegaProject.exe,13848,0x1F4D621B830,DXGI,1,0,0,Hardware Composed: Independent Flip,24029.8810,NA,6.10980000000000,6.86440000000000,0.32500000000000,1.90000000000000,5.8735,24024.0346,6.1714,5.8464,0.3250,5.8223,1.9241,1.9009,0.0232,0.8765,24024.0346,NA,NA,NA
MegaProject.exe,13848,0x1F4D621B830,DXGI,1,0,0,Hardware Composed: Independent Flip,24036.8639,NA,6.98290000000000,6.95190000000000,0.39600000000000,1.89350000000000,5.8425,24030.2060,7.0539,6.6579,0.3960,6.6404,1.9110,1.8929,0.0181,-0.7805,24030.2060,NA,NA,NA
MegaProject.exe,13848,0x1F4D621B830,DXGI,1,0,0,Hardware Composed: Independent Flip,24045.1296,NA,8.26570000000000,6.91240000000000,0.45810000000000,1.98040000000000,4.4892,24037.2599,8.3278,7.8697,0.4581,7.8492,2.0009,1.9931,0.0078,0.1415,24037.2599,NA,NA,NA
MegaProject.exe,13848,0x1F4D621B830,DXGI,1,0,0,Hardware Composed: Independent Flip,24050.8218,NA,5.69220000000000,6.99630000000000,0.34460000000000,1.92110000000000,5.7933,24045.5877,5.5787,5.2341,0.3446,5.2086,1.9466,1.9385,0.0081,1.3315,24045.5877,NA,NA,NA
MegaProject.exe,13848,0x1F4D621B830,DXGI,1,0,0,Hardware Composed: Independent Flip,24058.6796,NA,7.85780000000000,6.92440000000000,0.34320000000000,1.83260000000000,4.8599,24051.1664,7.8564,7.5132,0.3432,7.4947,1.8511,1.8292,0.0219,-1.3457,24051.1664,NA,14.1136,NA
MegaProject.exe,13848,0x1F4D621B830,DXGI,1,0,0,Hardware Composed: Independent Flip,24064.6594,NA,5.97980000000000,6.94440000000000,0.28540000000000,1.99340000000000,5.8245,24059.0228,5.9220,5.6366,0.2854,5.6203,2.0097,1.9893,0.0204,0.9120,24059.0228,NA,NA,NA
MegaProject.exe,13848,0x1F4D621B830,DXGI,1,0,0,Hardware Composed: Independent Flip,24071.5425,NA,6.88310000000000,6.96860000000000,0.39240000000000,1.85320000000000,5.9100,24064.9448,6.9901,6.5977,0.3924,6.5563,1.8946,1.8851,0.0095,-1.0466,24064.9448,NA,NA,NA
MegaProject.exe,13848,0x1F4D621B830,DXGI,1,0,0,Hardware Composed: Independent Flip,24079.1205,NA,7.57800000000000,6.94260000000000,0.42640000000000,1.86810000000000,5.2746,24071.9349,7.6120,7.1856,0.4264,7.1682,1.8855,1.8755,0.0100,0.0475,24071.9349,NA,NA,NA
MegaProject.exe,13848,0x1F4D621B830,DXGI,1,0,0,Hardware Composed: Independent Flip,24085.4825,NA,6.36200000000000,6.93470000000000,0.32390000000000,1.89600000000000,5.8473,24079.5469,6.2595,5.9356,0.3239,5.9166,1.9150,1.9070,0.0080,0.6773,24079.5469,NA,12.1248,NA
MegaProject.exe,13848,0x1F4D621B830,DXGI,1,0,0,Hardware Composed: Independent Flip,24093.1681,NA,7.68560000000000,6.92960000000000,0.39210000000000,1.89420000000000,5.0913,24085.8064,7.7538,7.3617,0.3921,7.3224,1.9335,1.9236,0.0099,-0.6701,24085.8064,NA,NA,NA
MegaProject.exe,13848,0x1F4D621B830,DXGI,1,0,0,Hardware Composed: Independent Flip,24099.5427,NA,6.37460000000000,7.02740000000000,0.40920000000000,2.25730000000000,5.7441,24093.5602,6.3917,5.9825,0.4092,5.9633,2.2765,2.2683,0.0082,0.7264,24093.5602,NA,NA,NA
MegaProject.exe,13848,0x1F4D621B830,DXGI,1,0,0,Hardware Composed: Independent Flip,24106.6055,NA,7.06280000000000,6.99350000000000,0.38930000000000,2.19800000000000,5.6748,24099.9519,7.0429,6.6536,0.3893,6.6257,2.2259,2.2129,0.0130,-0.6018,24099.9519,NA,NA,NA
MegaProject.exe,13848,0x1F4D621B830,DXGI,1,0,0,Hardware Composed: Independent Flip,24114.2864,NA,7.68090000000000,6.96150000000000,0.40700000000000,2.09260000000000,4.9554,24106.9948,7.6986,7.2916,0.4070,7.2530,2.1312,2.1186,0.0126,0.0814,24106.9948,NA,NA,NA
MegaProject.exe,13848,0x1F4D621B830,DXGI,1,0,0,Hardware Composed: Independent Flip,24120.5411,NA,6.25470000000000,6.95010000000000,0.31260000000000,2.28870000000000,5.6508,24114.6934,6.1603,5.8477,0.3126,5.8308,2.3056,2.2976,0.0080,0.7485,24114.6934,NA,12.6416,NA
MegaProject.exe,13848,0x1F4D621B830,DXGI,1,0,0,Hardware Composed: Independent Flip,24128.2814,NA,7.74030000000000,6.94710000000000,0.31190000000000,2.22580000000000,4.8576,24120.8537,7.7396,7.4277,0.3119,7.4032,2.2503,2.2383,0.0120,-0.7868,24120.8537,NA,NA,NA
MegaProject.exe,13848,0x1F4D621B830,DXGI,1,0,0,Hardware Composed: Independent Flip,24134.2883,NA,6.00690000000000,6.93940000000000,0.38690000000000,2.16760000000000,5.7901,24128.5933,6.0819,5.6950,0.3869,5.6699,2.1927,2.1808,0.0119,0.8002,24128.5933,NA,NA,NA
MegaProject.exe,13848,0x1F4D621B830,DXGI,1,0,0,Hardware Composed: Independent Flip,24141.2366,NA,6.94830000000000,6.90760000000000,0.29690000000000,2.22200000000000,5.7494,24134.6752,6.8583,6.5614,0.2969,6.5444,2.2390,2.2289,0.0101,-0.8257,24134.6752,NA,NA,NA
MegaProject.exe,13848,0x1F4D621B830,DXGI,1,0,0,Hardware Composed: Independent Flip,24149.0593,NA,7.82270000000000,7.00530000000000,0.47280000000000,2.13120000000000,4.9320,24141.5335,7.9986,7.5258,0.4728,7.5041,2.1529,2.1432,0.0097,-0.1470,24141.5335,NA,10.1555,NA
MegaProject.exe,13848,0x1F4D621B830,DXGI,1,0,0,Hardware Composed: Independent Flip,24155.4357,NA,6.37640000000000,6.88280000000000,0.30270000000000,2.11160000000000,5.4384,24149.5321,6.2063,5.9036,0.3027,5.8820,2.1332,2.1232,0.0100,1.1158,24149.5321,NA,NA,NA
MegaProject.exe,13848,0x1F4D621B830,DXGI,1,0,0,Hardware Composed: Independent Flip,24162.2079,NA,6.77220000000000,6.97670000000000,0.24340000000000,2.13700000000000,5.6429,24155.7384,6.7129,6.4695,0.2434,6.4529,2.1536,2.1432,0.0104,-0.7704,24155.7384,NA,NA,NA
MegaProject.exe,13848,0x1F4D621B830,DXGI,1,0,0,Hardware Composed: Independent Flip,24169.5181,NA,7.31020000000000,6.89150000000000,0.27270000000000,2.11550000000000,5.2242,24162.4513,7.3395,7.0668,0.2727,7.0475,2.1348,2.1237,0.0111,-0.1786,24162.4513,NA,NA,NA
MegaProject.exe,13848,0x1F4D621B830,DXGI,1,0,0,Hardware Composed: Independent Flip,24175.8839,NA,6.36580000000000,6.97350000000000,0.27000000000000,2.09110000000000,5.8319,24169.7908,6.3631,6.0931,0.2700,6.0704,2.1138,2.1019,0.0119,0.3660,24169.7908,NA,NA,NA
MegaProject.exe,13848,0x1F4D621B830,DXGI,1,0,0,Hardware Composed: Independent Flip,24183.3208,NA,7.43690000000000,6.95150000000000,0.31730000000000,2.24610000000000,5.3465,24176.1539,7.4842,7.1669,0.3173,7.1473,2.2657,2.2522,0.0135,-0.5884,24176.1539,NA,12.1981,NA
MegaProject.exe,13848,0x1F4D621B830,DXGI,1,0,0,Hardware Composed: Independent Flip,24189.6940,NA,6.37320000000000,6.96070000000000,0.27580000000000,2.05900000000000,5.9340,24183.6381,6.3317,6.0559,0.2758,6.0363,2.0786,2.0671,0.0115,0.5235,24183.6381,NA,NA,NA
MegaProject.exe,13848,0x1F4D621B830,DXGI,1,0,0,Hardware Composed: Independent Flip,24196.8115,NA,7.11750000000000,6.90870000000000,0.26090000000000,2.16460000000000,5.7252,24189.9698,7.1026,6.8417,0.2609,6.8162,2.1901,2.1751,0.0150,-0.5770,24189.9698,NA,NA,NA
MegaProject.exe,13848,0x1F4D621B830,DXGI,1,0,0,Hardware Composed: Independent Flip,24204.2374,NA,7.42590000000000,6.98810000000000,0.35450000000000,2.19030000000000,5.2874,24197.0724,7.5195,7.1650,0.3545,7.1426,2.2127,2.2005,0.0122,0.1145,24197.0724,NA,NA,NA
MegaProject.exe,13848,0x1F4D621B830,DXGI,1,0,0,Hardware Composed: Independent Flip,24210.6280,NA,6.39060000000000,6.81670000000000,0.29340000000000,2.02230000000000,5.7135,24204.5919,6.3295,6.0361,0.2934,6.0194,2.0390,2.0323,0.0067,0.7028,24204.5919,NA,NA,NA
MegaProject.exe,13848,0x1F4D621B830,DXGI,1,0,0,Hardware Composed: Independent Flip,24218.3485,NA,7.72050000000000,6.94280000000000,0.32550000000000,1.91980000000000,4.9358,24210.9214,7.7526,7.4271,0.3255,7.4031,1.9438,1.9333,0.0105,-0.6133,24210.9214,NA,NA,NA
MegaProject.exe,13848,0x1F4D621B830,DXGI,1,0,0,Hardware Composed: Independent Flip,24224.4962,NA,6.14770000000000,7.03000000000000,0.37570000000000,2.05770000000000,5.8181,24218.6740,6.1979,5.8222,0.3757,5.8025,2.0774,2.0661,0.0113,0.7226,24218.6740,NA,NA,NA
MegaProject.exe,13848,0x1F4D621B830,DXGI,1,0,0,Hardware Composed: Independent Flip,24231.4792,NA,6.98300000000000,7.03440000000000,0.28320000000000,2.37300000000000,5.8695,24224.8719,6.8905,6.6073,0.2832,6.5910,2.3893,2.3821,0.0072,-0.8365,24224.8719,NA,NA,NA
MegaProject.exe,13848,0x1F4D621B830,DXGI,1,0,0,Hardware Composed: Independent Flip,24239.3468,NA,7.86760000000000,6.84560000000000,0.42520000000000,2.27980000000000,4.8475,24231.7624,8.0096,7.5844,0.4252,7.5604,2.3038,2.2917,0.0121,0.0449,24231.7624,NA,NA,NA
MegaProject.exe,13848,0x1F4D621B830,DXGI,1,0,0,Hardware Composed: Independent Flip,24245.3678,NA,6.02100000000000,6.99960000000000,0.29390000000000,2.29690000000000,5.8261,24239.7720,5.8897,5.5958,0.2939,5.5799,2.3128,2.3037,0.0091,1.0100,24239.7720,NA,NA,NA
MegaProject.exe,13848,0x1F4D621B830,DXGI,1,0,0,Hardware Composed: Independent Flip,24253.2227,NA,7.85490000000000,6.82690000000000,0.25860000000000,2.42620000000000,4.7981,24245.6617,7.8196,7.5610,0.2586,7.5448,2.4424,2.4319,0.0105,-0.9372,24245.6617,NA,NA,NA
MegaProject.exe,13848,0x1F4D621B830,DXGI,1,0,0,Hardware Composed: Independent Flip,24259.5855,NA,6.36280000000000,6.92550000000000,0.43540000000000,1.96690000000000,5.3608,24253.4813,6.5396,6.1042,0.4354,6.0827,1.9884,1.9836,0.0048,0.8941,24253.4813,NA,NA,NA
MegaProject.exe,13848,0x1F4D621B830,DXGI,1,0,0,Hardware Composed: Independent Flip,24266.2057,NA,6.62020000000000,6.96980000000000,0.34050000000000,1.90840000000000,5.7104,24260.0209,6.5253,6.1848,0.3405,6.1589,1.9343,1.9236,0.0107,-0.4302,24260.0209,NA,NA,NA
MegaProject.exe,13848,0x1F4D621B830,DXGI,1,0,0,Hardware Composed: Independent Flip,24273.7439,NA,7.53820000000000,6.94780000000000,0.36760000000000,1.90570000000000,5.1200,24266.5462,7.5653,7.1977,0.3676,7.1767,1.9267,1.9182,0.0085,-0.4225,24266.5462,NA,NA,NA
MegaProject.exe,13848,0x1F4D621B830,DXGI,1,0,0,Hardware Composed: Independent Flip,24279.9637,NA,6.21980000000000,6.94470000000000,0.24890000000000,1.90100000000000,5.8449,24274.1115,6.1011,5.8522,0.2489,5.8340,1.9192,1.9126,0.0066,0.6206,24274.1115,NA,NA,NA
MegaProject.exe,13848,0x1F4D621B830,DXGI,1,0,0,Hardware Composed: Independent Flip,24287.3875,NA,7.42380000000000,7.06410000000000,0.33300000000000,1.91550000000000,5.4852,24280.2126,7.5079,7.1749,0.3330,7.1512,1.9392,1.9319,0.0073,-0.9630,24280.2126,NA,NA,NA
MegaProject.exe,13848,0x1F4D621B830,DXGI,1,0,0,Hardware Composed: Independent Flip,24294.5567,NA,7.16920000000000,6.93900000000000,0.39960000000000,2.26010000000000,5.2550,24287.7205,7.2358,6.8362,0.3996,6.8129,2.2834,2.2713,0.0121,0.5689,24287.7205,NA,NA,NA
MegaProject.exe,13848,0x1F4D621B830,DXGI,1,0,0,Hardware Composed: Independent Flip,24300.9305,NA,6.37380000000000,6.95510000000000,0.28650000000000,2.28070000000000,5.8363,24294.9563,6.2607,5.9742,0.2865,5.9564,2.2985,2.2902,0.0083,0.2807,24294.9563,NA,NA,NA
MegaProject.exe,13848,0x1F4D621B830,DXGI,1,0,0,Hardware Composed: Independent Flip,24308.6558,NA,7.72530000000000,6.88840000000000,0.40220000000000,2.25820000000000,4.9994,24301.2170,7.8410,7.4388,0.4022,7.4150,2.2820,2.2696,0.0124,-0.6277,24301.2170,NA,NA,NA
MegaProject.exe,13848,0x1F4D621B830,DXGI,1,0,0,Hardware Composed: Independent Flip,24314.7079,NA,6.05210000000000,6.99580000000000,0.32040000000000,2.23730000000000,5.9431,24309.0580,5.9703,5.6499,0.3204,5.6286,2.2586,2.2467,0.0119,0.8452,24309.0580,NA,NA,NA
MegaProject.exe,13848,0x1F4D621B830,DXGI,1,0,0,Hardware Composed: Independent Flip,24321.7239,NA,7.01600000000000,6.89530000000000,0.29170000000000,2.23390000000000,5.8224,24315.0283,6.9873,6.6956,0.2917,6.6789,2.2506,2.2423,0.0083,-0.9250,24315.0283,NA,NA,NA
MegaProject.exe,13848,0x1F4D621B830,DXGI,1,0,0,Hardware Composed: Independent Flip,24329.4590,NA,7.73510000000000,6.85860000000000,0.40530000000000,2.23150000000000,4.9459,24322.0156,7.8487,7.4434,0.4053,7.4170,2.2579,2.2488,0.0091,0.1287,24322.0156,NA,NA,NA
MegaProject.exe,13848,0x1F4D621B830,DXGI,1,0,0,Hardware Composed: Independent Flip,24335.6149,NA,6.15590000000000,6.93780000000000,0.33210000000000,1.97550000000000,5.7278,24329.8643,6.0827,5.7506,0.3321,5.7284,1.9977,1.9895,0.0082,0.9109,24329.8643,NA,NA,NA
MegaProject.exe,13848,0x1F4D621B830,DXGI,1,0,0,Hardware Composed: Independent Flip,24342.9836,NA,7.36870000000000,6.96430000000000,0.41880000000000,2.10260000000000,5.3234,24335.9470,7.4554,7.0366,0.4188,7.0175,2.1217,2.1132,0.0085,-0.8816,24335.9470,NA,NA,NA
MegaProject.exe,13848,0x1F4D621B830,DXGI,1,0,0,Hardware Composed: Independent Flip,24349.4714,NA,6.48780000000000,7.02310000000000,0.40040000000000,2.41460000000000,5.8587,24343.4024,6.4694,6.0690,0.4004,6.0512,2.4324,2.4248,0.0076,0.4323,24343.4024,NA,NA,NA
MegaProject.exe,13848,0x1F4D621B830,DXGI,1,0,0,Hardware Composed: Independent Flip,24356.4495,NA,6.97810000000000,6.94220000000000,0.30450000000000,2.32170000000000,5.8228,24349.8718,6.8822,6.5777,0.3045,6.5548,2.3446,2.3329,0.0117,-0.4728,24349.8718,NA,NA,NA
MegaProject.exe,13848,0x1F4D621B830,DXGI,1,0,0,Hardware Composed: Independent Flip,24363.9775,NA,7.52800000000000,6.87270000000000,0.45900000000000,2.72880000000000,5.1675,24356.7540,7.6825,7.2235,0.4590,7.2018,2.7505,2.7237,0.0268,0.0095,24356.7540,NA,NA,NA
MegaProject.exe,13848,0x1F4D621B830,DXGI,1,0,0,Hardware Composed: Independent Flip,24370.5210,NA,6.54350000000000,6.94790000000000,0.35660000000000,2.16910000000000,5.5719,24364.4365,6.4411,6.0845,0.3566,6.0653,2.1883,2.1820,0.0063,0.7346,24364.4365,NA,NA,NA
MegaProject.exe,13848,0x1F4D621B830,DXGI,1,0,0,Hardware Composed: Independent Flip,24378.0945,NA,7.57350000000000,6.94080000000000,0.33140000000000,2.16300000000000,4.9392,24370.8776,7.5483,7.2169,0.3314,7.1984,2.1815,2.1770,0.0045,-0.4997,24370.8776,NA,NA,NA
MegaProject.exe,13848,0x1F4D621B830,DXGI,1,0,0,Hardware Composed: Independent Flip,24384.1863,NA,6.09180000000000,6.94540000000000,0.33350000000000,2.03500000000000,5.7928,24378.4259,6.0939,5.7604,0.3335,5.7375,2.0579,2.0504,0.0075,0.6029,24378.4259,NA,NA,NA
MegaProject.exe,13848,0x1F4D621B830,DXGI,1,0,0,Hardware Composed: Independent Flip,24391.0817,NA,6.89540000000000,6.94310000000000,0.31020000000000,2.08560000000000,5.8405,24384.5198,6.8721,6.5619,0.3102,6.5468,2.1007,2.0948,0.0059,-0.8492,24384.5198,NA,NA,NA
MegaProject.exe,13848,0x1F4D621B830,DXGI,1,0,0,Hardware Composed: Independent Flip,24398.8596,NA,7.77790000000000,7.05830000000000,0.32160000000000,2.33930000000000,5.1209,24391.3919,7.7893,7.4677,0.3216,7.4455,2.3615,2.3497,0.0118,-0.1862,24391.3919,NA,NA,NA
MegaProject.exe,13848,0x1F4D621B830,DXGI,1,0,0,Hardware Composed: Independent Flip,24405.1459,NA,6.28630000000000,6.91100000000000,0.31270000000000,2.38600000000000,5.7456,24399.1812,6.2774,5.9647,0.3127,5.9423,2.4084,2.3962,0.0122,0.8783,24399.1812,NA,NA,NA
MegaProject.exe,13848,0x1F4D621B830,DXGI,1,0,0,Hardware Composed: Independent Flip,24411.9798,NA,6.83390000000000,6.95520000000000,0.25510000000000,2.34660000000000,5.8669,24405.4586,6.7763,6.5212,0.2551,6.5054,2.3624,2.3523,0.0101,-0.6778,24405.4586,NA,NA,NA
MegaProject.exe,13848,0x1F4D621B830,DXGI,1,0,0,Hardware Composed: Independent Flip,24419.5607,NA,7.58090000000000,6.83760000000000,0.31790000000000,2.13920000000000,5.1236,24412.2349,7.6437,7.3258,0.3179,7.3095,2.1555,2.1460,0.0095,-0.0613,24412.2349,NA,NA,NA
MegaProject.exe,13848,0x1F4D621B830,DXGI,1,0,0,Hardware Composed: Independent Flip,24425.9352,NA,6.37450000000000,6.96690000000000,0.36550000000000,2.11440000000000,5.7160,24419.8786,6.4221,6.0566,0.3655,6.0325,2.1385,2.1276,0.0109,0.6768,24419.8786,NA,NA,NA
MegaProject.exe,13848,0x1F4D621B830,DXGI,1,0,0,Hardware Composed: Independent Flip,24433.6535,NA,7.71830000000000,6.94370000000000,0.40460000000000,2.07100000000000,4.9414,24426.3007,7.7574,7.3528,0.4046,7.3355,2.0883,2.0789,0.0094,-0.5216,24426.3007,NA,NA,NA
MegaProject.exe,13848,0x1F4D621B830,DXGI,1,0,0,Hardware Composed: Independent Flip,24439.6746,NA,6.02110000000000,7.02460000000000,0.31780000000000,2.08660000000000,5.9449,24434.0581,5.9343,5.6165,0.3178,5.5999,2.1032,2.0988,0.0044,0.7328,24434.0581,NA,NA,NA
MegaProject.exe,13848,0x1F4D621B830,DXGI,1,0,0,Hardware Composed: Independent Flip,24446.7545,NA,7.07990000000000,6.94950000000000,0.32460000000000,2.30350000000000,5.8145,24439.9924,7.0867,6.7621,0.3246,6.7116,2.3540,2.3419,0.0121,-1.0152,24439.9924,NA,NA,NA
MegaProject.exe,13848,0x1F4D621B830,DXGI,1,0,0,Hardware Composed: Independent Flip,24454.7159,NA,7.96140000000000,6.93260000000000,0.34110000000000,2.42310000000000,4.7857,24447.0791,7.9779,7.6368,0.3411,7.6126,2.4473,2.4341,0.0132,0.1541,24447.0791,NA,NA,NA
MegaProject.exe,13848,0x1F4D621B830,DXGI,1,0,0,Hardware Composed: Independent Flip,24460.7247,NA,6.00880000000000,6.89110000000000,0.28560000000000,2.41900000000000,5.6680,24455.0570,5.9533,5.6677,0.2856,5.6515,2.4352,2.4270,0.0082,1.0868,24455.0570,NA,NA,NA
MegaProject.exe,13848,0x1F4D621B830,DXGI,1,0,0,Hardware Composed: Independent Flip,24468.5212,NA,7.79650000000000,6.86810000000000,0.41440000000000,2.10350000000000,4.7396,24461.0103,7.9253,7.5109,0.4144,7.4857,2.1287,2.1204,0.0083,-0.9148,24461.0103,NA,NA,NA
MegaProject.exe,13848,0x1F4D621B830,DXGI,1,0,0,Hardware Composed: Independent Flip,24474.7311,NA,6.20990000000000,6.98740000000000,0.33690000000000,2.11910000000000,5.5171,24468.9356,6.1324,5.7955,0.3369,5.7765,2.1381,2.1335,0.0046,0.9379,24468.9356,NA,NA,NA
MegaProject.exe,13848,0x1F4D621B830,DXGI,1,0,0,Hardware Composed: Independent Flip,24481.5267,NA,6.79560000000000,6.96710000000000,0.35920000000000,2.28490000000000,5.6886,24475.0680,6.8179,6.4587,0.3592,6.4380,2.3056,2.3022,0.0034,-0.8347,24475.0680,NA,NA,NA
MegaProject.exe,13848,0x1F4D621B830,DXGI,1,0,0,Hardware Composed: Independent Flip,24489.1575,NA,7.63080000000000,6.88390000000000,0.44180000000000,2.16480000000000,4.9417,24481.8859,7.7134,7.2716,0.4418,7.2470,2.1894,2.1846,0.0048,-0.0660,24481.8859,NA,NA,NA
MegaProject.exe,13848,0x1F4D621B830,DXGI,1,0,0,Hardware Composed: Independent Flip,24495.0680,NA,5.91050000000000,6.99670000000000,0.30760000000000,2.10770000000000,6.0279,24489.5993,5.7763,5.4687,0.3076,5.4465,2.1299,2.1225,0.0074,0.7167,24489.5993,NA,NA,NA
MegaProject.exe,13848,0x1F4D621B830,DXGI,1,0,0,Hardware Composed: Independent Flip,24502.7751,NA,7.70710000000000,7.00590000000000,0.31640000000000,2.33510000000000,5.3267,24495.3756,7.7159,7.3995,0.3164,7.3818,2.3528,2.3427,0.0101,-1.2296,24495.3756,NA,NA,NA
MegaProject.exe,13848,0x1F4D621B830,DXGI,1,0,0,Hardware Composed: Independent Flip,24509.1853,NA,6.41020000000000,6.94530000000000,0.33200000000000,2.54510000000000,5.8618,24503.0915,6.4258,6.0938,0.3320,6.0755,2.5634,2.5545,0.0089,0.7706,24503.0915,NA,NA,NA
MegaProject.exe,13848,0x1F4D621B830,DXGI,1,0,0,Hardware Composed: Independent Flip,24516.1127,NA,6.92740000000000,7.01250000000000,0.33260000000000,2.52430000000000,5.9469,24509.5173,6.9280,6.5954,0.3326,6.5611,2.5586,2.5468,0.0118,-0.5867,24509.5173,NA,NA,NA
MegaProject.exe,13848,0x1F4D621B830,DXGI,1,0,0,Hardware Composed: Independent Flip,24523.7680,NA,7.65530000000000,6.94560000000000,0.36990000000000,2.40450000000000,5.2372,24516.4453,7.6926,7.3227,0.3699,7.2856,2.4416,2.4296,0.0120,-0.0176,24516.4453,NA,NA,NA
MegaProject.exe,13848,0x1F4D621B830,DXGI,1,0,0,Hardware Composed: Independent Flip,24530.0760,NA,6.30800000000000,6.93850000000000,0.27800000000000,2.53410000000000,5.8677,24524.1379,6.2161,5.9381,0.2780,5.9230,2.5492,2.5418,0.0074,0.7541,24524.1379,NA,NA,NA
MegaProject.exe,13848,0x1F4D621B830,DXGI,1,0,0,Hardware Composed: Independent Flip,24537.2964,NA,7.22040000000000,6.94470000000000,0.29390000000000,2.49480000000000,5.5920,24530.3540,7.2363,6.9424,0.2939,6.9032,2.5340,2.5223,0.0117,-0.7286,24530.3540,NA,NA,NA
MegaProject.exe,13848,0x1F4D621B830,DXGI,1,0,0,Hardware Composed: Independent Flip,24544.6243,NA,7.32790000000000,6.94570000000000,0.41720000000000,2.42240000000000,5.2098,24537.5903,7.4512,7.0340,0.4172,6.9365,2.5199,2.5079,0.0120,0.2906,24537.5903,NA,NA,NA
MegaProject.exe,13848,0x1F4D621B830,DXGI,1,0,0,Hardware Composed: Independent Flip,24550.9345,NA,6.31020000000000,6.95480000000000,0.33280000000000,2.49530000000000,5.8544,24545.0415,6.2258,5.8930,0.3328,5.8754,2.5129,2.5055,0.0074,0.4964,24545.0415,NA,NA,NA
MegaProject.exe,13848,0x1F4D621B830,DXGI,1,0,0,Hardware Composed: Independent Flip,24558.8660,NA,7.93150000000000,6.94230000000000,0.44840000000000,2.51610000000000,4.8652,24551.2673,8.0471,7.5987,0.4484,7.5766,2.5382,2.5258,0.0124,-0.7165,24551.2673,NA,NA,NA
MegaProject.exe,13848,0x1F4D621B830,DXGI,1,0,0,Hardware Composed: Independent Flip,24564.9114,NA,6.04540000000000,6.91030000000000,0.28960000000000,2.39900000000000,5.7301,24559.3144,5.8866,5.5970,0.2896,5.5747,2.4213,2.4095,0.0118,1.1368,24559.3144,NA,NA,NA
MegaProject.exe,13848,0x1F4D621B830,DXGI,1,0,0,Hardware Composed: Independent Flip,24571.8771,NA,6.96570000000000,6.97860000000000,0.32460000000000,2.39700000000000,5.7430,24565.2010,7.0007,6.6761,0.3246,6.6591,2.4140,2.4035,0.0105,-1.0920,24565.2010,NA,NA,NA
MegaProject.exe,13848,0x1F4D621B830,DXGI,1,0,0,Hardware Composed: Independent Flip,24579.5819,NA,7.70480000000000,6.77530000000000,0.30650000000000,2.54220000000000,4.8135,24572.2017,7.6867,7.3802,0.3065,7.3573,2.5651,2.5566,0.0085,0.2254,24572.2017,NA,NA,NA
MegaProject.exe,13848,0x1F4D621B830,DXGI,1,0,0,Hardware Composed: Independent Flip,24585.5858,NA,6.00390000000000,6.97380000000000,0.36080000000000,2.05020000000000,5.7834,24579.8884,6.0582,5.6974,0.3608,5.6775,2.0701,2.0649,0.0052,0.7129,24579.8884,NA,NA,NA
MegaProject.exe,13848,0x1F4D621B830,DXGI,1,0,0,Hardware Composed: Independent Flip,24593.6287,NA,8.04290000000000,6.96950000000000,0.36110000000000,2.14520000000000,4.7100,24585.9466,8.0432,7.6821,0.3611,7.6624,2.1649,2.1547,0.0102,-0.9113,24585.9466,NA,NA,NA
MegaProject.exe,13848,0x1F4D621B830,DXGI,1,0,0,Hardware Composed: Independent Flip,24599.5326,NA,5.90390000000000,6.88320000000000,0.32310000000000,2.17440000000000,5.6893,24593.9898,5.8659,5.5428,0.3231,5.5252,2.1920,2.1862,0.0058,1.1600,24593.9898,NA,NA,NA
MegaProject.exe,13848,0x1F4D621B830,DXGI,1,0,0,Hardware Composed: Independent Flip,24606.4428,NA,6.91020000000000,6.99300000000000,0.32980000000000,2.10830000000000,5.7721,24599.8557,6.9169,6.5871,0.3298,6.5636,2.1318,2.1248,0.0070,-1.1271,24599.8557,NA,NA,NA
MegaProject.exe,13848,0x1F4D621B830,DXGI,1,0,0,Hardware Composed: Independent Flip,24614.1222,NA,7.67940000000000,6.95270000000000,0.25010000000000,2.10050000000000,5.0454,24606.7726,7.5997,7.3496,0.2501,7.3275,2.1226,2.1145,0.0081,-0.0358,24606.7726,NA,NA,NA
MegaProject.exe,13848,0x1F4D621B830,DXGI,1,0,0,Hardware Composed: Independent Flip,24620.2578,NA,6.13560000000000,6.94930000000000,0.27830000000000,2.09160000000000,5.8591,24614.3723,6.1638,5.8855,0.2783,5.8687,2.1084,2.1044,0.0040,0.6504,24614.3723,NA,NA,NA
MegaProject.exe,13848,0x1F4D621B830,DXGI,1,0,0,Hardware Composed: Independent Flip,24628.3568,NA,8.09900000000000,6.94160000000000,0.35440000000000,2.11230000000000,4.7017,24620.5361,8.1751,7.8207,0.3544,7.7943,2.1387,2.1311,0.0076,-0.7778,24620.5361,NA,NA,NA
MegaProject.exe,13848,0x1F4D621B830,DXGI,1,0,0,Hardware Composed: Independent Flip,24634.2404,NA,5.88360000000000,6.94180000000000,0.36100000000000,2.11210000000000,5.7599,24628.7112,5.8902,5.5292,0.3610,5.5070,2.1343,2.1275,0.0068,1.2333,24628.7112,NA,NA,NA
MegaProject.exe,13848,0x1F4D621B830,DXGI,1,0,0,Hardware Composed: Independent Flip,24640.9957,NA,6.75530000000000,6.94920000000000,0.29630000000000,2.10640000000000,5.9538,24634.6014,6.6906,6.3943,0.2963,6.3768,2.1239,2.1198,0.0041,-1.0590,24634.6014,NA,NA,NA
MegaProject.exe,13848,0x1F4D621B830,DXGI,1,0,0,Hardware Composed: Independent Flip,24648.5977,NA,7.60200000000000,6.89570000000000,0.42950000000000,2.12170000000000,5.2475,24641.2920,7.7352,7.3057,0.4295,7.2839,2.1435,2.1354,0.0081,-0.2051,24641.2920,NA,NA,NA
MegaProject.exe,13848,0x1F4D621B830,DXGI,1,0,0,Hardware Composed: Independent Flip,24654.8909,NA,6.29320000000000,7.07820000000000,0.33450000000000,2.36470000000000,6.0325,24649.0272,6.1982,5.8637,0.3345,5.8285,2.3999,2.3877,0.0122,0.6570,24649.0272,NA,NA,NA
MegaProject.exe,13848,0x1F4D621B830,DXGI,1,0,0,Hardware Composed: Independent Flip,24662.1003,NA,7.20940000000000,6.94050000000000,0.29580000000000,2.39390000000000,5.7636,24655.2254,7.1707,6.8749,0.2958,6.8345,2.4343,2.4247,0.0096,-0.7423,24655.2254,NA,NA,NA
MegaProject.exe,13848,0x1F4D621B830,DXGI,1,0,0,Hardware Composed: Independent Flip,24669.7225,NA,7.62220000000000,6.92770000000000,0.40420000000000,2.41480000000000,5.0691,24662.3961,7.7306,7.3264,0.4042,7.3006,2.4406,2.4300,0.0106,0.2430,24662.3961,NA,NA,NA
MegaProject.exe,13848,0x1F4D621B830,DXGI,1,0,0,Hardware Composed: Independent Flip,24675.8792,NA,6.15670000000000,7.01490000000000,0.37160000000000,2.42650000000000,5.9273,24670.1267,6.1241,5.7525,0.3716,5.7287,2.4503,2.4384,0.0119,0.7157,24670.1267,NA,NA,NA
MegaProject.exe,13848,0x1F4D621B830,DXGI,1,0,0,Hardware Composed: Independent Flip,24683.4729,NA,7.59370000000000,6.82730000000000,0.30690000000000,2.28760000000000,5.1609,24676.2508,7.5290,7.2221,0.3069,7.2042,2.3055,2.2929,0.0126,-0.7032,24676.2508,NA,NA,NA
MegaProject.exe,13848,0x1F4D621B830,DXGI,1,0,0,Hardware Composed: Independent Flip,24689.9595,NA,6.48660000000000,6.90740000000000,0.50420000000000,2.17780000000000,5.5817,24683.7798,6.6839,6.1797,0.5042,6.1571,2.2004,2.1846,0.0158,0.6216,24683.7798,NA,NA,NA
MegaProject.exe,13848,0x1F4D621B830,DXGI,1,0,0,Hardware Composed: Independent Flip,24696.7955,NA,6.83600000000000,6.93880000000000,0.28290000000000,2.08670000000000,5.6845,24690.4637,6.6147,6.3318,0.2829,6.3070,2.1115,2.0978,0.0137,-0.2549,24690.4637,NA,NA,NA
MegaProject.exe,13848,0x1F4D621B830,DXGI,1,0,0,Hardware Composed: Independent Flip,24704.3130,NA,7.51750000000000,6.98030000000000,0.29410000000000,2.12200000000000,5.1473,24697.0784,7.5287,7.2346,0.2941,7.2118,2.1448,2.1340,0.0108,-0.3656,24697.0784,NA,NA,NA
MegaProject.exe,13848,0x1F4D621B830,DXGI,1,0,0,Hardware Composed: Independent Flip,24710.3346,NA,6.02160000000000,6.94550000000000,0.26960000000000,2.07560000000000,6.0712,24704.6071,5.9971,5.7275,0.2696,5.6882,2.1149,2.1086,0.0063,0.5832,24704.6071,NA,NA,NA
MegaProject.exe,13848,0x1F4D621B830,DXGI,1,0,0,Hardware Composed: Independent Flip,24718.0527,NA,7.71810000000000,6.95990000000000,0.26290000000000,2.12840000000000,5.3130,24710.6042,7.7114,7.4485,0.2629,7.4256,2.1513,2.1395,0.0118,-0.9628,24710.6042,NA,NA,NA
MegaProject.exe,13848,0x1F4D621B830,DXGI,1,0,0,Hardware Composed: Independent Flip,24724.4303,NA,6.37760000000000,7.04730000000000,0.31320000000000,2.17410000000000,5.9827,24718.3156,6.4279,6.1147,0.3132,6.0924,2.1964,2.1863,0.0101,0.6641,24718.3156,NA,NA,NA
MegaProject.exe,13848,0x1F4D621B830,DXGI,1,0,0,Hardware Composed: Independent Flip,24731.7724,NA,7.34210000000000,6.94090000000000,0.28840000000000,2.61360000000000,5.5815,24724.7435,7.3173,7.0289,0.2884,7.0134,2.6291,2.6216,0.0075,-0.5130,24724.7435,NA,NA,NA
MegaProject.exe,13848,0x1F4D621B830,DXGI,1,0,0,Hardware Composed: Independent Flip,24739.3963,NA,7.62390000000000,6.88140000000000,0.33220000000000,2.56190000000000,4.8390,24732.0608,7.6677,7.3355,0.3322,7.3122,2.5852,2.5778,0.0074,0.4359,24732.0608,NA,NA,NA
MegaProject.exe,13848,0x1F4D621B830,DXGI,1,0,0,Hardware Composed: Independent Flip,24745.5836,NA,6.18730000000000,7.01400000000000,0.30900000000000,2.53380000000000,5.6657,24739.7285,6.1641,5.8551,0.3090,5.8063,2.5826,2.5706,0.0120,0.6537,24739.7285,NA,NA,NA
MegaProject.exe,13848,0x1F4D621B830,DXGI,1,0,0,Hardware Composed: Independent Flip,24753.2496,NA,7.66600000000000,6.94150000000000,0.29780000000000,2.31000000000000,4.9412,24745.8926,7.6548,7.3570,0.2978,7.3398,2.3272,2.3138,0.0134,-0.7774,24745.8926,NA,NA,NA
MegaProject.exe,13848,0x1F4D621B830,DXGI,1,0,0,Hardware Composed: Independent Flip,24759.4633,NA,6.21370000000000,6.87840000000000,0.42130000000000,2.56960000000000,5.6059,24753.5474,6.3372,5.9159,0.4213,5.8973,2.5882,2.5805,0.0077,0.7764,24753.5474,NA,NA,NA
MegaProject.exe,13848,0x1F4D621B830,DXGI,1,0,0,Hardware Composed: Independent Flip,24766.2559,NA,6.79260000000000,7.01150000000000,0.31230000000000,2.47350000000000,5.8248,24759.8846,6.6836,6.3713,0.3123,6.2994,2.5454,2.5336,0.0118,-0.6743,24759.8846,NA,NA,NA
MegaProject.exe,13848,0x1F4D621B830,DXGI,1,0,0,Hardware Composed: Independent Flip,24773.9653,NA,7.70940000000000,6.94670000000000,0.31200000000000,2.48580000000000,5.0621,24766.5682,7.7091,7.3971,0.3120,7.3468,2.5361,2.5239,0.0122,-0.2631,24766.5682,NA,NA,NA
MegaProject.exe,13848,0x1F4D621B830,DXGI,1,0,0,Hardware Composed: Independent Flip,24780.2620,NA,6.29670000000000,6.95260000000000,0.25900000000000,2.55310000000000,5.7180,24774.2773,6.2437,5.9847,0.2590,5.9675,2.5703,2.5629,0.0074,0.7565,24774.2773,NA,NA,NA
MegaProject.exe,13848,0x1F4D621B830,DXGI,1,0,0,Hardware Composed: Independent Flip,24787.2148,NA,6.95280000000000,6.93700000000000,0.31280000000000,2.50090000000000,5.7022,24780.5210,7.0066,6.6938,0.3128,6.6330,2.5617,2.5470,0.0147,-0.6933,24780.5210,NA,NA,NA
MegaProject.exe,13848,0x1F4D621B830,DXGI,1,0,0,Hardware Composed: Independent Flip,24794.6865,NA,7.47170000000000,6.81930000000000,0.32220000000000,2.32910000000000,5.0498,24787.5276,7.4811,7.1589,0.3222,7.1088,2.3792,2.3662,0.0130,0.1873,24787.5276,NA,NA,NA
MegaProject.exe,13848,0x1F4D621B830,DXGI,1,0,0,Hardware Composed: Independent Flip,24801.1049,NA,6.41840000000000,6.93520000000000,0.39980000000000,2.15820000000000,5.5666,24795.0087,6.4960,6.0962,0.3998,6.0738,2.1806,2.1591,0.0215,0.5459,24795.0087,NA,NA,NA
MegaProject.exe,13848,0x1F4D621B830,DXGI,1,0,0,Hardware Composed: Independent Flip,24808.9262,NA,7.82130000000000,6.97070000000000,0.42200000000000,2.11270000000000,4.7160,24801.5047,7.8435,7.4215,0.4220,7.4012,2.1330,2.1280,0.0050,-0.4747,24801.5047,NA,NA,NA
MegaProject.exe,13848,0x1F4D621B830,DXGI,1,0,0,Hardware Composed: Independent Flip,24814.7992,NA,5.87300000000000,6.94400000000000,0.37370000000000,2.09480000000000,5.7870,24809.3482,5.8247,5.4510,0.3737,5.4262,2.1196,2.1114,0.0082,0.8995,24809.3482,NA,NA,NA
MegaProject.exe,13848,0x1F4D621B830,DXGI,1,0,0,Hardware Composed: Independent Flip,24821.9189,NA,7.11970000000000,6.93440000000000,0.45610000000000,2.17240000000000,5.6017,24815.1729,7.2021,6.7460,0.4561,6.7199,2.1985,2.1908,0.0077,-1.1097,24815.1729,NA,NA,NA
MegaProject.exe,13848,0x1F4D621B830,DXGI,1,0,0,Hardware Composed: Independent Flip,24829.4714,NA,7.55250000000000,7.03160000000000,0.36240000000000,2.26140000000000,5.0808,24822.3750,7.4588,7.0964,0.3624,7.0779,2.2799,2.2685,0.0114,0.1705,24822.3750,NA,NA,NA
MegaProject.exe,13848,0x1F4D621B830,DXGI,1,0,0,Hardware Composed: Independent Flip,24835.6339,NA,6.16250000000000,6.93730000000000,0.33040000000000,2.35510000000000,5.8556,24829.8338,6.1305,5.8001,0.3304,5.7757,2.3795,2.3664,0.0131,0.5215,24829.8338,NA,NA,NA
MegaProject.exe,13848,0x1F4D621B830,DXGI,1,0,0,Hardware Composed: Independent Flip,24843.1126,NA,7.47870000000000,6.94260000000000,0.34810000000000,2.33980000000000,5.3195,24835.9643,7.4964,7.1483,0.3481,7.1329,2.3552,2.3427,0.0125,-0.8121,24835.9643,NA,NA,NA
MegaProject.exe,13848,0x1F4D621B830,DXGI,1,0,0,Hardware Composed: Independent Flip,24849.5031,NA,6.39050000000000,6.99110000000000,0.29710000000000,2.57230000000000,5.9201,24843.4607,6.3395,6.0424,0.2971,6.0250,2.5897,2.5821,0.0076,0.5053,24843.4607,NA,NA,NA
MegaProject.exe,13848,0x1F4D621B830,DXGI,1,0,0,Hardware Composed: Independent Flip,24856.6292,NA,7.12610000000000,6.94280000000000,0.34000000000000,2.48690000000000,5.7368,24849.8002,7.1690,6.8290,0.3400,6.8083,2.5076,2.4957,0.0119,-0.6033,24849.8002,NA,NA,NA
MegaProject.exe,13848,0x1F4D621B830,DXGI,1,0,0,Hardware Composed: Independent Flip,24864.0676,NA,7.43840000000000,6.96520000000000,0.33390000000000,2.37820000000000,5.2636,24856.9692,7.4323,7.0984,0.3339,7.0772,2.3994,2.3874,0.0120,0.2038,24856.9692,NA,NA,NA
MegaProject.exe,13848,0x1F4D621B830,DXGI,1,0,0,Hardware Composed: Independent Flip,24870.5338,NA,6.46620000000000,6.94000000000000,0.25030000000000,2.52910000000000,5.7374,24864.4015,6.3826,6.1323,0.2503,6.1158,2.5456,2.5375,0.0081,0.4923,24864.4015,NA,NA,NA
MegaProject.exe,13848,0x1F4D621B830,DXGI,1,0,0,Hardware Composed: Independent Flip,24878.2453,NA,7.71150000000000,6.88970000000000,0.35790000000000,2.46420000000000,4.9156,24870.7841,7.8191,7.4612,0.3579,7.4373,2.4881,2.4757,0.0124,-0.5071,24870.7841,NA,NA,NA
MegaProject.exe,13848,0x1F4D621B830,DXGI,1,0,0,Hardware Composed: Independent Flip,24884.2507,NA,6.00540000000000,6.98940000000000,0.39140000000000,2.35850000000000,5.8996,24878.6032,6.0389,5.6475,0.3914,5.6034,2.4026,2.3896,0.0130,0.8297,24878.6032,NA,NA,NA
MegaProject.exe,13848,0x1F4D621B830,DXGI,1,0,0,Hardware Composed: Independent Flip,24891.3187,NA,7.06800000000000,6.91040000000000,0.29550000000000,2.49170000000000,5.7420,24884.6421,6.9721,6.6766,0.2955,6.6374,2.5309,2.5234,0.0075,-0.8715,24884.6421,NA,NA,NA
MegaProject.exe,13848,0x1F4D621B830,DXGI,1,0,0,Hardware Composed: Independent Flip,24899.0997,NA,7.78100000000000,6.82100000000000,0.50720000000000,2.42390000000000,4.7820,24891.6142,7.9927,7.4855,0.5072,7.4563,2.4531,2.4179,0.0352,0.1511,24891.6142,NA,NA,NA
MegaProject.exe,13848,0x1F4D621B830,DXGI,1,0,0,Hardware Composed: Independent Flip,24904.9601,NA,5.86040000000000,6.95000000000000,0.34400000000000,2.16590000000000,5.8716,24899.6069,5.6972,5.3532,0.3440,5.3289,2.1902,2.1603,0.0299,1.0427,24899.6069,NA,NA,NA
MegaProject.exe,13848,0x1F4D621B830,DXGI,1,0,0,Hardware Composed: Independent Flip,24911.9230,NA,6.96290000000000,6.94540000000000,0.32950000000000,2.13120000000000,5.8541,24905.3041,6.9484,6.6189,0.3295,6.6021,2.1480,2.1346,0.0134,-1.2482,24905.3041,NA,NA,NA
MegaProject.exe,13848,0x1F4D621B830,DXGI,1,0,0,Hardware Composed: Independent Flip,24919.8244,NA,7.90140000000000,6.95820000000000,0.42910000000000,2.21420000000000,4.9109,24912.2525,8.0010,7.5719,0.4291,7.5530,2.2331,2.2272,0.0059,-0.0098,24912.2525,NA,NA,NA
MegaProject.exe,13848,0x1F4D621B830,DXGI,1,0,0,Hardware Composed: Independent Flip,24925.8264,NA,6.00200000000000,6.96020000000000,0.38570000000000,2.24240000000000,5.8691,24920.2535,5.9586,5.5729,0.3857,5.5495,2.2658,2.2564,0.0094,1.0408,24920.2535,NA,NA,NA
MegaProject.exe,13848,0x1F4D621B830,DXGI,1,0,0,Hardware Composed: Independent Flip,24933.4084,NA,7.58200000000000,6.94730000000000,0.34930000000000,2.21300000000000,5.2344,24926.2121,7.5456,7.1963,0.3493,7.1781,2.2312,2.2208,0.0104,-0.9887,24926.2121,NA,NA,NA
MegaProject.exe,13848,0x1F4D621B830,DXGI,1,0,0,Hardware Composed: Independent Flip,24939.7262,NA,6.31780000000000,6.94350000000000,0.30390000000000,2.21070000000000,5.8601,24933.7577,6.2724,5.9685,0.3039,5.9514,2.2278,2.2236,0.0042,0.6021,24933.7577,NA,NA,NA
MegaProject.exe,13848,0x1F4D621B830,DXGI,1,0,0,Hardware Composed: Independent Flip,24946.7450,NA,7.01880000000000,6.94630000000000,0.28920000000000,2.24080000000000,5.7876,24940.0301,7.0041,6.7149,0.2892,6.6665,2.2892,2.2824,0.0068,-0.6739,24940.0301,NA,NA,NA
MegaProject.exe,13848,0x1F4D621B830,DXGI,1,0,0,Hardware Composed: Independent Flip,24954.6544,NA,7.90940000000000,6.94840000000000,0.48010000000000,2.25720000000000,4.8266,24947.0342,8.1003,7.6202,0.4801,7.5851,2.2923,2.2837,0.0086,0.0557,24947.0342,NA,NA,NA
MegaProject.exe,13848,0x1F4D621B830,DXGI,1,0,0,Hardware Composed: Independent Flip,24960.5547,NA,5.90030000000000,6.94570000000000,0.29080000000000,2.21450000000000,5.8720,24955.1345,5.7110,5.4202,0.2908,5.4036,2.2311,2.2269,0.0042,1.1546,24955.1345,NA,NA,NA
MegaProject.exe,13848,0x1F4D621B830,DXGI,1,0,0,Hardware Composed: Independent Flip,24968.3602,NA,7.80550000000000,6.93820000000000,0.32240000000000,2.28100000000000,5.0047,24960.8455,7.8371,7.5147,0.3224,7.4936,2.3021,2.2949,0.0072,-1.2272,24960.8455,NA,NA,NA
MegaProject.exe,13848,0x1F4D621B830,DXGI,1,0,0,Hardware Composed: Independent Flip,24974.4649,NA,6.10470000000000,6.95410000000000,0.30770000000000,2.23790000000000,5.8541,24968.6826,6.0900,5.7823,0.3077,5.7502,2.2700,2.2620,0.0080,0.8830,24968.6826,NA,NA,NA
MegaProject.exe,13848,0x1F4D621B830,DXGI,1,0,0,Hardware Composed: Independent Flip,24981.4160,NA,6.95110000000000,6.94500000000000,0.23970000000000,2.22440000000000,5.8480,24974.7726,6.8831,6.6434,0.2397,6.6269,2.2409,2.2359,0.0050,-0.8550,24974.7726,NA,NA,NA
MegaProject.exe,13848,0x1F4D621B830,DXGI,1,0,0,Hardware Composed: Independent Flip,24989.0702,NA,7.65420000000000,6.93240000000000,0.41390000000000,2.69380000000000,5.1262,24981.6557,7.8284,7.4145,0.4139,7.3724,2.7359,2.7239,0.0120,-0.0493,24981.6557,NA,NA,NA
MegaProject.exe,13848,0x1F4D621B830,DXGI,1,0,0,Hardware Composed: Independent Flip,24995.2182,NA,6.14800000000000,7.07260000000000,0.29740000000000,2.64470000000000,6.0508,24989.4841,6.0315,5.7341,0.2974,5.7120,2.6668,2.6564,0.0104,0.7558,24989.4841,NA,NA,NA
MegaProject.exe,13848,0x1F4D621B830,DXGI,1,0,0,Hardware Composed: Independent Flip,25003.1904,NA,7.97220000000000,6.80690000000000,0.28690000000000,2.43160000000000,4.8855,24995.5156,7.9617,7.6748,0.2869,7.6581,2.4483,2.4363,0.0120,-0.7754,24995.5156,NA,NA,NA
MegaProject.exe,13848,0x1F4D621B830,DXGI,1,0,0,Hardware Composed: Independent Flip,25009.3950,NA,6.20460000000000,6.96290000000000,0.42590000000000,2.63800000000000,5.6438,25003.4773,6.3436,5.9177,0.4259,5.8984,2.6573,2.6469,0.0104,0.9988,25003.4773,NA,NA,NA
MegaProject.exe,13848,0x1F4D621B830,DXGI,1,0,0,Hardware Composed: Independent Flip,25016.5638,NA,7.16880000000000,7.07800000000000,0.42220000000000,2.49390000000000,5.5530,25009.8209,7.1651,6.7429,0.4222,6.6934,2.5434,2.5310,0.0124,-0.7344,25009.8209,NA,NA,NA
MegaProject.exe,13848,0x1F4D621B830,DXGI,1,0,0,Hardware Composed: Independent Flip,25024.4008,NA,7.83700000000000,6.82440000000000,0.37090000000000,2.22540000000000,4.5404,25016.9860,7.7857,7.4148,0.3709,7.3955,2.2447,2.2404,0.0043,0.3407,25016.9860,NA,NA,NA
MegaProject.exe,13848,0x1F4D621B830,DXGI,1,0,0,Hardware Composed: Independent Flip,25030.4712,NA,6.07040000000000,6.91170000000000,0.31550000000000,2.25500000000000,5.3817,25024.7717,6.0150,5.6995,0.3155,5.6742,2.2803,2.2762,0.0041,0.8740,25024.7717,NA,NA,NA
MegaProject.exe,13848,0x1F4D621B830,DXGI,1,0,0,Hardware Composed: Independent Flip,25037.2150,NA,6.74380000000000,6.94590000000000,0.28810000000000,2.27660000000000,5.5838,25030.7867,6.7164,6.4283,0.2881,6.4022,2.3027,2.2747,0.0280,-0.9309,25030.7867,NA,NA,NA
MegaProject.exe,13848,0x1F4D621B830,DXGI,1,0,0,Hardware Composed: Independent Flip,25044.7467,NA,7.53170000000000,6.96230000000000,0.33400000000000,2.32950000000000,5.0144,25037.5031,7.5776,7.2436,0.3340,7.2162,2.3569,2.3286,0.0283,-0.2459,25037.5031,NA,NA,NA
MegaProject.exe,13848,0x1F4D621B830,DXGI,1,0,0,Hardware Composed: Independent Flip,25051.1528,NA,6.40610000000000,6.91540000000000,0.39540000000000,2.14940000000000,5.5237,25045.0807,6.4675,6.0721,0.3954,6.0449,2.1766,2.1705,0.0061,0.6622,25045.0807,NA,NA,NA
MegaProject.exe,13848,0x1F4D621B830,DXGI,1,0,0,Hardware Composed: Independent Flip,25058.7466,NA,7.59380000000000,7.02320000000000,0.33250000000000,2.30490000000000,4.9531,25051.5482,7.5309,7.1984,0.3325,7.1721,2.3312,2.3054,0.0258,-0.5557,25051.5482,NA,NA,NA
MegaProject.exe,13848,0x1F4D621B830,DXGI,1,0,0,Hardware Composed: Independent Flip,25065.0532,NA,6.30660000000000,6.91090000000000,0.31620000000000,2.11690000000000,5.5574,25059.0791,6.2903,5.9741,0.3162,5.9504,2.1406,2.1285,0.0121,0.6200,25059.0791,NA,NA,NA
MegaProject.exe,13848,0x1F4D621B830,DXGI,1,0,0,Hardware Composed: Independent Flip,25071.5961,NA,6.54290000000000,6.93700000000000,0.22920000000000,2.12460000000000,5.9515,25065.3694,6.4559,6.2267,0.2292,6.2104,2.1409,2.1324,0.0085,-0.6467,25065.3694,NA,NA,NA
MegaProject.exe,13848,0x1F4D621B830,DXGI,1,0,0,Hardware Composed: Independent Flip,25079.0269,NA,7.43080000000000,6.96210000000000,0.27580000000000,2.10800000000000,5.4828,25071.8253,7.4774,7.2016,0.2758,7.1765,2.1331,2.1235,0.0096,-0.5062,25071.8253,NA,NA,NA
MegaProject.exe,13848,0x1F4D621B830,DXGI,1,0,0,Hardware Composed: Independent Flip,25085.5570,NA,6.53010000000000,6.92420000000000,0.23700000000000,2.08770000000000,5.8769,25079.3027,6.4913,6.2543,0.2370,6.2012,2.1408,2.1321,0.0087,0.5532,25079.3027,NA,NA,NA
MegaProject.exe,13848,0x1F4D621B830,DXGI,1,0,0,Hardware Composed: Independent Flip,25092.9238,NA,7.36680000000000,6.88860000000000,0.29150000000000,2.07020000000000,5.3987,25085.7940,7.4213,7.1298,0.2915,7.1121,2.0879,2.0788,0.0091,-0.3973,25085.7940,NA,NA,NA
MegaProject.exe,13848,0x1F4D621B830,DXGI,1,0,0,Hardware Composed: Independent Flip,25099.3179,NA,6.39410000000000,6.98620000000000,0.22560000000000,2.09610000000000,5.9908,25093.2153,6.3282,6.1026,0.2256,6.0854,2.1133,2.1078,0.0055,0.4351,25093.2153,NA,NA,NA
MegaProject.exe,13848,0x1F4D621B830,DXGI,1,0,0,Hardware Composed: Independent Flip,25106.2801,NA,6.96220000000000,6.96200000000000,0.24110000000000,2.10930000000000,5.9906,25099.5435,6.9777,6.7366,0.2411,6.7136,2.1323,2.1251,0.0072,-0.6338,25099.5435,NA,NA,NA
MegaProject.exe,13848,0x1F4D621B830,DXGI,1,0,0,Hardware Composed: Independent Flip,25113.9048,NA,7.62470000000000,6.92090000000000,0.34560000000000,2.10570000000000,5.2868,25106.5212,7.7292,7.3836,0.3456,7.3582,2.1311,2.1238,0.0073,0.0568,25106.5212,NA,NA,NA
MegaProject.exe,13848,0x1F4D621B830,DXGI,1,0,0,Hardware Composed: Independent Flip,25120.4507,NA,6.54590000000000,6.99080000000000,0.25490000000000,2.04660000000000,5.7317,25114.2504,6.4552,6.2003,0.2549,6.1804,2.0665,2.0624,0.0041,0.7384,25114.2504,NA,NA,NA
MegaProject.exe,13848,0x1F4D621B830,DXGI,1,0,0,Hardware Composed: Independent Flip,25128.0277,NA,7.57700000000000,6.92080000000000,0.27200000000000,2.21090000000000,5.0755,25120.7056,7.5941,7.3221,0.2720,7.2982,2.2348,2.2263,0.0085,-0.4656,25120.7056,NA,NA,NA
MegaProject.exe,13848,0x1F4D621B830,DXGI,1,0,0,Hardware Composed: Independent Flip,25134.2822,NA,6.25450000000000,6.92770000000000,0.25430000000000,2.07910000000000,5.7487,25128.2997,6.2368,5.9825,0.2543,5.9590,2.1026,2.0940,0.0086,0.6664,25128.2997,NA,NA,NA
MegaProject.exe,13848,0x1F4D621B830,DXGI,1,0,0,Hardware Composed: Independent Flip,25141.1735,NA,6.89130000000000,6.94160000000000,0.24640000000000,2.59790000000000,5.7990,25134.5365,6.8834,6.6370,0.2464,6.6176,2.6173,2.6146,0.0027,-0.7048,25134.5365,NA,NA,NA
MegaProject.exe,13848,0x1F4D621B830,DXGI,1,0,0,Hardware Composed: Independent Flip,25149.1029,NA,7.92940000000000,6.97840000000000,0.32940000000000,2.06590000000000,4.8480,25141.4199,8.0124,7.6830,0.3294,7.6299,2.1190,2.1135,0.0055,-0.0950,25141.4199,NA,NA,NA
MegaProject.exe,13848,0x1F4D621B830,DXGI,1,0,0,Hardware Composed: Independent Flip,25154.9753,NA,5.87240000000000,6.93850000000000,0.32360000000000,2.18230000000000,5.9141,25149.4323,5.8666,5.5430,0.3236,5.5209,2.2044,2.1937,0.0107,1.0739,25149.4323,NA,NA,NA
MegaProject.exe,13848,0x1F4D621B830,DXGI,1,0,0,Hardware Composed: Independent Flip,25162.0391,NA,7.06380000000000,6.94240000000000,0.22300000000000,2.05910000000000,5.7927,25155.2989,6.9632,6.7402,0.2230,6.7227,2.0766,2.0721,0.0045,-1.0758,25155.2989,NA,NA,NA
MegaProject.exe,13848,0x1F4D621B830,DXGI,1,0,0,Hardware Composed: Independent Flip,25169.6579,NA,7.61880000000000,6.93520000000000,0.46550000000000,2.14130000000000,5.1091,25162.2621,7.8613,7.3958,0.4655,7.3714,2.1657,2.1592,0.0065,0.0280,25162.2621,NA,NA,NA
MegaProject.exe,13848,0x1F4D621B830,DXGI,1,0,0,Hardware Composed: Independent Flip,25175.8998,NA,6.24190000000000,6.96080000000000,0.31940000000000,2.21220000000000,5.8280,25170.1234,6.0958,5.7764,0.3194,5.7532,2.2354,2.2263,0.0091,0.9005,25170.1234,NA,NA,NA
MegaProject.exe,13848,0x1F4D621B830,DXGI,1,0,0,Hardware Composed: Independent Flip,25183.6592,NA,7.75940000000000,7.06760000000000,0.40520000000000,2.10290000000000,5.1362,25176.2192,7.8452,7.4400,0.4052,7.4215,2.1214,2.1110,0.0104,-0.9718,25176.2192,NA,NA,NA
MegaProject.exe,13848,0x1F4D621B830,DXGI,1,0,0,Hardware Composed: Independent Flip,25189.8845,NA,6.22530000000000,6.94900000000000,0.28370000000000,2.42920000000000,5.8599,25184.0644,6.1038,5.8201,0.2837,5.8033,2.4460,2.4384,0.0076,0.8962,25184.0644,NA,NA,NA
MegaProject.exe,13848,0x1F4D621B830,DXGI,1,0,0,Hardware Composed: Independent Flip,25197.1232,NA,7.23870000000000,6.94010000000000,0.40510000000000,2.42720000000000,5.5613,25190.1682,7.3601,6.9550,0.4051,6.9275,2.4547,2.4477,0.0070,-0.8363,25190.1682,NA,NA,NA
MegaProject.exe,13848,0x1F4D621B830,DXGI,1,0,0,Hardware Composed: Independent Flip,25204.5114,NA,7.38820000000000,6.94240000000000,0.32840000000000,2.48640000000000,5.1155,25197.5283,7.3115,6.9831,0.3284,6.9607,2.5088,2.5013,0.0075,0.4177,25197.5283,NA,NA,NA
MegaProject.exe,13848,0x1F4D621B830,DXGI,1,0,0,Hardware Composed: Independent Flip,25210.7102,NA,6.19880000000000,6.77090000000000,0.23000000000000,2.44780000000000,5.6876,25204.8398,6.1004,5.8704,0.2300,5.8536,2.4646,2.4566,0.0080,0.5406,25204.8398,NA,NA,NA
MegaProject.exe,13848,0x1F4D621B830,DXGI,1,0,0,Hardware Composed: Independent Flip,25218.2512,NA,7.54100000000000,6.99170000000000,0.31780000000000,2.16910000000000,5.1383,25210.9402,7.6288,7.3110,0.3178,7.2887,2.1914,2.1821,0.0093,-0.8913,25210.9402,NA,NA,NA
MegaProject.exe,13848,0x1F4D621B830,DXGI,1,0,0,Hardware Composed: Independent Flip,25224.5796,NA,6.32840000000000,6.92550000000000,0.42120000000000,2.11530000000000,5.7354,25218.5690,6.4318,6.0106,0.4212,5.9791,2.1468,2.1381,0.0087,0.7033,25218.5690,NA,NA,NA
MegaProject.exe,13848,0x1F4D621B830,DXGI,1,0,0,Hardware Composed: Independent Flip,25231.5816,NA,7.00200000000000,6.97990000000000,0.25200000000000,2.13100000000000,5.7133,25225.0008,6.8328,6.5808,0.2520,6.5625,2.1493,2.1301,0.0192,-0.5481,25225.0008,NA,NA,NA
MegaProject.exe,13848,0x1F4D621B830,DXGI,1,0,0,Hardware Composed: Independent Flip,25239.0370,NA,7.45540000000000,6.92280000000000,0.40440000000000,2.12900000000000,5.1807,25231.8336,7.6078,7.2034,0.4044,7.1839,2.1485,2.1424,0.0061,-0.0900,25231.8336,NA,NA,NA
MegaProject.exe,13848,0x1F4D621B830,DXGI,1,0,0,Hardware Composed: Independent Flip,25245.2436,NA,6.20660000000000,6.96380000000000,0.25340000000000,2.04020000000000,5.9379,25239.4414,6.0556,5.8022,0.2534,5.7845,2.0579,2.0533,0.0046,0.6440,25239.4414,NA,NA,NA
MegaProject.exe,13848,0x1F4D621B830,DXGI,1,0,0,Hardware Composed: Independent Flip,25253.0997,NA,7.85610000000000,6.94570000000000,0.27120000000000,2.09980000000000,5.0275,25245.4970,7.8739,7.6027,0.2712,7.5759,2.1266,2.1145,0.0121,-0.8901,25245.4970,NA,NA,NA
MegaProject.exe,13848,0x1F4D621B830,DXGI,1,0,0,Hardware Composed: Independent Flip,25259.1853,NA,6.08560000000000,6.92620000000000,0.22150000000000,2.14170000000000,5.8681,25253.3709,6.0359,5.8144,0.2215,5.7960,2.1601,2.1544,0.0057,0.9477,25253.3709,NA,NA,NA
MegaProject.exe,13848,0x1F4D621B830,DXGI,1,0,0,Hardware Composed: Independent Flip,25266.1774,NA,6.99210000000000,6.95670000000000,0.30960000000000,2.14540000000000,5.8327,25259.4068,7.0802,6.7706,0.3096,6.7469,2.1691,2.1608,0.0083,-0.9208,25259.4068,NA,NA,NA
MegaProject.exe,13848,0x1F4D621B830,DXGI,1,0,0,Hardware Composed: Independent Flip,25273.7120,NA,7.53460000000000,6.96560000000000,0.34820000000000,2.36310000000000,5.2637,25266.4870,7.5732,7.2250,0.3482,7.2041,2.3840,2.3718,0.0122,0.1146,25266.4870,NA,NA,NA
MegaProject.exe,13848,0x1F4D621B830,DXGI,1,0,0,Hardware Composed: Independent Flip,25279.9614,NA,6.24940000000000,6.94480000000000,0.31580000000000,2.41630000000000,5.9591,25274.0602,6.2170,5.9012,0.3158,5.8839,2.4336,2.4240,0.0096,0.6284,25274.0602,NA,NA,NA
MegaProject.exe,13848,0x1F4D621B830,DXGI,1,0,0,Hardware Composed: Independent Flip,25287.1396,NA,7.17820000000000,7.04340000000000,0.32080000000000,2.52510000000000,5.8243,25280.2772,7.1832,6.8624,0.3208,6.8390,2.5485,2.5410,0.0075,-0.8264,25280.2772,NA,NA,NA
MegaProject.exe,13848,0x1F4D621B830,DXGI,1,0,0,Hardware Composed: Independent Flip,25294.7329,NA,7.59330000000000,6.90160000000000,0.36750000000000,2.42390000000000,5.1326,25287.4604,7.6400,7.2725,0.3675,7.2499,2.4465,2.4392,0.0073,0.2816,25287.4604,NA,NA,NA
MegaProject.exe,13848,0x1F4D621B830,DXGI,1,0,0,Hardware Composed: Independent Flip,25300.9995,NA,6.26660000000000,6.99390000000000,0.31840000000000,2.48700000000000,5.8599,25295.1004,6.2175,5.8991,0.3184,5.8813,2.5048,2.4958,0.0090,0.6461,25295.1004,NA,NA,NA
MegaProject.exe,13848,0x1F4D621B830,DXGI,1,0,0,Hardware Composed: Independent Flip,25308.5829,NA,7.58340000000000,6.90460000000000,0.33050000000000,2.55920000000000,5.1811,25301.3179,7.5955,7.2650,0.3305,7.2473,2.5769,2.5690,0.0079,-0.6871,25301.3179,NA,NA,NA
MegaProject.exe,13848,0x1F4D621B830,DXGI,1,0,0,Hardware Composed: Independent Flip,25314.8686,NA,6.28570000000000,6.98980000000000,0.30720000000000,2.42520000000000,5.8852,25308.9134,6.2624,5.9552,0.3072,5.9329,2.4475,2.4404,0.0071,0.6057,25308.9134,NA,NA,NA
MegaProject.exe,13848,0x1F4D621B830,DXGI,1,0,0,Hardware Composed: Independent Flip,25321.8953,NA,7.02670000000000,6.94280000000000,0.28550000000000,2.49630000000000,5.8013,25315.1758,7.0050,6.7195,0.2855,6.6713,2.5445,2.5370,0.0075,-0.6804,25315.1758,NA,NA,NA
MegaProject.exe,13848,0x1F4D621B830,DXGI,1,0,0,Hardware Composed: Independent Flip,25330.1174,NA,8.22210000000000,6.80600000000000,0.43240000000000,2.29750000000000,4.3852,25322.1808,8.3690,7.9366,0.4324,7.9067,2.3274,2.3024,0.0250,0.1990,25322.1808,NA,NA,NA
MegaProject.exe,13848,0x1F4D621B830,DXGI,1,0,0,Hardware Composed: Independent Flip,25335.7118,NA,5.59440000000000,6.96060000000000,0.38710000000000,2.24790000000000,5.7514,25330.5498,5.5491,5.1620,0.3871,5.1384,2.2715,2.2610,0.0105,1.4084,25330.5498,NA,NA,NA
MegaProject.exe,13848,0x1F4D621B830,DXGI,1,0,0,Hardware Composed: Independent Flip,25343.3758,NA,7.66400000000000,6.94230000000000,0.44840000000000,3.25280000000000,5.0297,25336.0989,7.7253,7.2769,0.4484,7.2593,3.2704,3.2614,0.0090,-1.3932,25336.0989,NA,NA,NA
MegaProject.exe,13848,0x1F4D621B830,DXGI,1,0,0,Hardware Composed: Independent Flip,25349.5232,NA,6.14740000000000,6.94540000000000,0.31400000000000,5.02690000000000,5.8277,25343.8242,6.0130,5.6990,0.3140,5.6582,5.0677,5.0635,0.0042,0.7799,25343.8242,NA,NA,NA
MegaProject.exe,13848,0x1F4D621B830,DXGI,1,0,0,Hardware Composed: Independent Flip,25356.4446,NA,6.92140000000000,6.88370000000000,0.24260000000000,5.18450000000000,5.7900,25349.8372,6.8500,6.6074,0.2426,6.5890,5.2029,5.1983,0.0046,-0.8707,25349.8372,NA,NA,NA
MegaProject.exe,13848,0x1F4D621B830,DXGI,1,0,0,Hardware Composed: Independent Flip,25364.0942,NA,7.64960000000000,14.09080000000000,0.39840000000000,5.16550000000000,12.2312,25356.6872,7.8054,7.4070,0.3984,7.3829,5.1896,5.1855,0.0041,-7.2408,25356.6872,NA,NA,NA
MegaProject.exe,13848,0x1F4D621B830,DXGI,1,0,0,Hardware Composed: Independent Flip,25379.0715,NA,14.97730000000000,13.88960000000000,0.29130000000000,5.65850000000000,11.1435,25364.4926,14.8702,14.5789,0.2913,14.5561,5.6813,5.6683,0.0130,-6.0842,25364.4926,NA,NA,NA
MegaProject.exe,13848,0x1F4D621B830,DXGI,1,0,0,Hardware Composed: Independent Flip,25392.0835,NA,13.01200000000000,13.91020000000000,0.29460000000000,5.55150000000000,12.0417,25379.3628,13.0153,12.7207,0.2946,12.6883,5.5839,5.5729,0.0110,0.9600,25379.3628,NA,NA,NA
MegaProject.exe,13848,0x1F4D621B830,DXGI,1,0,0,Hardware Composed: Independent Flip,25407.4022,NA,15.31870000000000,13.78480000000000,0.43260000000000,5.54330000000000,10.5078,25392.3781,15.4567,15.0241,0.4326,14.9630,5.6044,5.5945,0.0099,-0.7695,25392.3781,NA,NA,NA
MegaProject.exe,13848,0x1F4D621B830,DXGI,1,0,0,Hardware Composed: Independent Flip,25421.0859,NA,13.68370000000000,13.99870000000000,0.39760000000000,5.81590000000000,10.8228,25407.8348,13.6487,13.2511,0.3976,13.2216,5.8454,5.8345,0.0109,1.4580,25407.8348,NA,NA,NA
MegaProject.exe,13848,0x1F4D621B830,DXGI,1,0,0,Hardware Composed: Independent Flip,25434.3758,NA,13.28990000000000,13.70520000000000,0.28000000000000,6.71180000000000,11.2381,25421.4835,13.1723,12.8923,0.2800,12.8688,6.7353,6.7007,0.0346,-0.0565,25421.4835,NA,NA,NA
MegaProject.exe,13848,0x1F4D621B830,DXGI,1,0,0,Hardware Composed: Independent Flip,25447.7135,NA,13.33770000000000,13.90810000000000,0.27830000000000,5.42530000000000,11.8085,25434.6558,13.3360,13.0577,0.2783,13.0326,5.4504,5.4253,0.0251,-0.7358,25434.6558,NA,NA,NA
MegaProject.exe,13848,0x1F4D621B830,DXGI,1,0,0,Hardware Composed: Independent Flip,25461.8367,NA,14.12320000000000,13.89560000000000,0.28150000000000,5.43360000000000,11.5809,25447.9918,14.1264,13.8449,0.2815,13.8185,5.4600,5.4500,0.0100,-0.5596,25447.9918,NA,NA,NA
MegaProject.exe,13848,0x1F4D621B830,DXGI,1,0,0,Hardware Composed: Independent Flip,25476.2626,NA,14.42590000000000,14.03180000000000,0.38120000000000,5.74730000000000,11.1868,25462.1182,14.5256,14.1444,0.3812,14.1239,5.7678,5.7615,0.0063,0.0946,25462.1182,NA,NA,NA
MegaProject.exe,13848,0x1F4D621B830,DXGI,1,0,0,Hardware Composed: Independent Flip,25490.3048,NA,14.04220000000000,13.84990000000000,0.44590000000000,5.66880000000000,10.9945,25476.6438,14.1069,13.6610,0.4459,13.6178,5.7120,5.7000,0.0120,0.6757,25476.6438,NA,NA,NA
MegaProject.exe,13848,0x1F4D621B830,DXGI,1,0,0,Hardware Composed: Independent Flip,25503.7115,NA,13.40670000000000,13.84480000000000,0.45640000000000,5.73370000000000,11.4326,25490.7507,13.4172,12.9608,0.4564,12.9390,5.7555,5.7418,0.0137,0.2621,25490.7507,NA,NA,NA
MegaProject.exe,13848,0x1F4D621B830,DXGI,1,0,0,Hardware Composed: Independent Flip,25517.2895,NA,13.57800000000000,13.97280000000000,0.33710000000000,5.46540000000000,11.8274,25504.1679,13.4587,13.1216,0.3371,13.0775,5.5095,5.4990,0.0105,-0.5556,25504.1679,NA,NA,NA
MegaProject.exe,13848,0x1F4D621B830,DXGI,1,0,0,Hardware Composed: Independent Flip,25531.4419,NA,14.15240000000000,13.76900000000000,0.24420000000000,5.53910000000000,11.4440,25517.6266,14.0595,13.8153,0.2442,13.7909,5.5635,5.5512,0.0123,-0.3103,25517.6266,NA,NA,NA
MegaProject.exe,13848,0x1F4D621B830,DXGI,1,0,0,Hardware Composed: Independent Flip,25545.7952,NA,14.35330000000000,14.01240000000000,0.32850000000000,5.85550000000000,11.1031,25531.6861,14.4376,14.1091,0.3285,14.0779,5.8867,5.8461,0.0406,0.0471,25531.6861,NA,NA,NA
MegaProject.exe,13848,0x1F4D621B830,DXGI,1,0,0,Hardware Composed: Independent Flip,25559.7611,NA,13.96590000000000,13.91210000000000,0.35390000000000,5.73400000000000,11.0493,25546.1237,13.9913,13.6374,0.3539,13.6133,5.7581,5.7478,0.0103,0.5255,25546.1237,NA,NA,NA
MegaProject.exe,13848,0x1F4D621B830,DXGI,1,0,0,Hardware Composed: Independent Flip,25572.7405,NA,12.97940000000000,13.70370000000000,0.37380000000000,5.45910000000000,11.7736,25560.1150,12.9993,12.6255,0.3738,12.6056,5.4790,5.4688,0.0102,0.2876,25560.1150,NA,NA,NA
MegaProject.exe,13848,0x1F4D621B830,DXGI,1,0,0,Hardware Composed: Independent Flip,25587.0902,NA,14.34970000000000,13.91910000000000,0.29340000000000,5.34350000000000,11.3430,25573.1143,14.2693,13.9759,0.2934,13.9486,5.3708,5.3599,0.0109,-0.9198,25573.1143,NA,NA,NA
MegaProject.exe,13848,0x1F4D621B830,DXGI,1,0,0,Hardware Composed: Independent Flip,25600.7195,NA,13.62930000000000,14.02820000000000,0.27250000000000,5.58460000000000,11.7419,25587.3836,13.6084,13.3359,0.2725,13.3112,5.6093,5.5943,0.0150,0.2411,25587.3836,NA,NA,NA
MegaProject.exe,13848,0x1F4D621B830,DXGI,1,0,0,Hardware Composed: Independent Flip,25615.0836,NA,14.36410000000000,13.90060000000000,0.42240000000000,6.76260000000000,11.2784,25600.9920,14.5140,14.0916,0.4224,14.0663,6.7879,6.7761,0.0118,-0.2922,25600.9920,NA,NA,NA
MegaProject.exe,13848,0x1F4D621B830,DXGI,1,0,0,Hardware Composed: Independent Flip,25629.4697,NA,14.38610000000000,13.88510000000000,0.27480000000000,5.68650000000000,10.7774,25615.5060,14.2385,13.9637,0.2748,13.9376,5.7126,5.7024,0.0102,0.6289,25615.5060,NA,NA,NA
MegaProject.exe,13848,0x1F4D621B830,DXGI,1,0,0,Hardware Composed: Independent Flip,25642.2571,NA,12.78740000000000,13.69020000000000,0.31710000000000,5.64960000000000,11.6802,25629.7445,12.8297,12.5126,0.3171,12.4887,5.6735,5.6607,0.0128,0.5483,25629.7445,NA,NA,NA
MegaProject.exe,13848,0x1F4D621B830,DXGI,1,0,0,Hardware Composed: Independent Flip,25656.6521,NA,14.39500000000000,13.92840000000000,0.34260000000000,5.23240000000000,11.2136,25642.5742,14.4205,14.0779,0.3426,14.0504,5.2599,5.2494,0.0105,-1.0987,25642.5742,NA,NA,NA
MegaProject.exe,13848,0x1F4D621B830,DXGI,1,0,0,Hardware Composed: Independent Flip,25670.5153,NA,13.86320000000000,14.03710000000000,0.36120000000000,5.59890000000000,11.3875,25656.9947,13.8818,13.5206,0.3612,13.4953,5.6242,5.6138,0.0104,0.3834,25656.9947,NA,NA,NA
MegaProject.exe,13848,0x1F4D621B830,DXGI,1,0,0,Hardware Composed: Independent Flip,25684.8089,NA,14.29360000000000,13.94050000000000,0.37110000000000,5.51510000000000,11.0344,25670.8765,14.3035,13.9324,0.3711,13.9054,5.5421,5.5338,0.0083,-0.0587,25670.8765,NA,NA,NA
MegaProject.exe,13848,0x1F4D621B830,DXGI,1,0,0,Hardware Composed: Independent Flip,25697.8510,NA,13.04210000000000,13.82940000000000,0.35090000000000,5.74110000000000,11.8217,25685.1800,13.0219,12.6710,0.3509,12.6463,5.7658,5.7551,0.0107,0.4741,25685.1800,NA,NA,NA
MegaProject.exe,13848,0x1F4D621B830,DXGI,1,0,0,Hardware Composed: Independent Flip,25712.5559,NA,14.70490000000000,13.84910000000000,0.31890000000000,5.61140000000000,10.9659,25698.2019,14.6729,14.3540,0.3189,14.3279,5.6375,5.6098,0.0277,-0.8272,25698.2019,NA,NA,NA
MegaProject.exe,13848,0x1F4D621B830,DXGI,1,0,0,Hardware Composed: Independent Flip,25726.2016,NA,13.64570000000000,13.95530000000000,0.40130000000000,5.45980000000000,11.2755,25712.8748,13.7281,13.3268,0.4013,13.3015,5.4851,5.4748,0.0103,0.7176,25712.8748,NA,17.8131,NA
MegaProject.exe,13848,0x1F4D621B830,DXGI,1,0,0,Hardware Composed: Independent Flip,25740.1420,NA,13.94040000000000,13.74260000000000,0.31900000000000,5.77970000000000,11.0777,25726.6029,13.8581,13.5391,0.3190,13.5144,5.8044,5.7935,0.0109,-0.0145,25726.6029,NA,NA,NA
MegaProject.exe,13848,0x1F4D621B830,DXGI,1,0,0,Hardware Composed: Independent Flip,25754.4767,NA,14.33470000000000,13.88240000000000,0.44570000000000,5.52730000000000,10.6254,25740.4610,14.4614,14.0157,0.4457,13.9882,5.5548,5.5222,0.0326,-0.0243,25740.4610,NA,NA,NA
MegaProject.exe,13848,0x1F4D621B830,DXGI,1,0,0,Hardware Composed: Independent Flip,25766.9835,NA,12.50680000000000,13.89660000000000,0.43070000000000,5.17230000000000,12.0152,25754.9224,12.4918,12.0611,0.4307,12.0370,5.1964,5.1876,0.0088,0.5648,25754.9224,NA,NA,NA
MegaProject.exe,13848,0x1F4D621B830,DXGI,1,0,0,Hardware Composed: Independent Flip,25781.6558,NA,14.67230000000000,14.09450000000000,0.32190000000000,5.34840000000000,11.4374,25767.4142,14.5635,14.2416,0.3219,14.2177,5.3723,5.3635,0.0088,-1.6027,25767.4142,NA,NA,NA
MegaProject.exe,13848,0x1F4D621B830,DXGI,1,0,0,Hardware Composed: Independent Flip,25795.8648,NA,14.20900000000000,13.86090000000000,0.39300000000000,5.64380000000000,11.0893,25781.9777,14.2801,13.8871,0.3930,13.8689,5.6620,5.6532,0.0088,0.7026,25781.9777,NA,NA,NA
MegaProject.exe,13848,0x1F4D621B830,DXGI,1,0,0,Hardware Composed: Independent Flip,25809.7105,NA,13.84570000000000,13.86570000000000,0.32160000000000,5.80370000000000,11.1093,25796.2578,13.7743,13.4527,0.3216,13.4268,5.8296,5.8226,0.0070,0.4144,25796.2578,NA,NA,NA
MegaProject.exe,13848,0x1F4D621B830,DXGI,1,0,0,Hardware Composed: Independent Flip,25822.8184,NA,13.10790000000000,13.81020000000000,0.29970000000000,5.66520000000000,11.8116,25810.0321,13.0860,12.7863,0.2997,12.7634,5.6881,5.6755,0.0126,-0.0359,25810.0321,NA,NA,NA
MegaProject.exe,13848,0x1F4D621B830,DXGI,1,0,0,Hardware Composed: Independent Flip,25837.6724,NA,14.85400000000000,13.88780000000000,0.49990000000000,5.58800000000000,10.8454,25823.1181,15.0542,14.5543,0.4999,14.5264,5.6159,5.6029,0.0130,-0.8018,25823.1181,NA,NA,NA
MegaProject.exe,13848,0x1F4D621B830,DXGI,1,0,0,Hardware Composed: Independent Flip,25851.4582,NA,13.78580000000000,13.87800000000000,0.43270000000000,5.64400000000000,10.9376,25838.1723,13.7186,13.2859,0.4327,13.2582,5.6717,5.6604,0.0113,1.1762,25838.1723,NA,NA,NA
MegaProject.exe,13848,0x1F4D621B830,DXGI,1,0,0,Hardware Composed: Independent Flip,25864.9999,NA,13.54170000000000,13.98050000000000,0.45770000000000,5.53640000000000,11.3764,25851.8909,13.5667,13.1090,0.4577,13.0807,5.5647,5.5538,0.0109,-0.2619,25851.8909,NA,NA,NA
MegaProject.exe,13848,0x1F4D621B830,DXGI,1,0,0,Hardware Composed: Independent Flip,25879.0174,NA,14.01750000000000,13.88560000000000,0.30210000000000,5.48460000000000,11.2445,25865.4576,13.8619,13.5598,0.3021,13.5362,5.5082,5.4962,0.0120,-0.3189,25865.4576,NA,NA,NA
MegaProject.exe,13848,0x1F4D621B830,DXGI,1,0,0,Hardware Composed: Independent Flip,25892.3546,NA,13.33720000000000,13.87190000000000,0.34780000000000,6.40730000000000,11.7792,25879.3195,13.3829,13.0351,0.3478,13.0127,6.4297,6.4190,0.0107,-0.0100,25879.3195,NA,NA,NA
MegaProject.exe,13848,0x1F4D621B830,DXGI,1,0,0,Hardware Composed: Independent Flip,25906.8262,NA,14.47160000000000,13.85340000000000,0.27450000000000,5.49100000000000,11.1610,25892.7024,14.3983,14.1238,0.2745,14.1044,5.5104,5.5015,0.0089,-0.4705,25892.7024,NA,NA,NA
MegaProject.exe,13848,0x1F4D621B830,DXGI,1,0,0,Hardware Composed: Independent Flip,25920.7314,NA,13.90520000000000,13.94890000000000,0.32550000000000,5.59860000000000,11.2047,25907.1007,13.9562,13.6307,0.3255,13.6050,5.6243,5.6170,0.0073,0.4494,25907.1007,NA,NA,NA
MegaProject.exe,13848,0x1F4D621B830,DXGI,1,0,0,Hardware Composed: Independent Flip,25934.8324,NA,14.10100000000000,13.83100000000000,0.32370000000000,5.69720000000000,10.9347,25921.0569,14.0992,13.7755,0.3237,13.7515,5.7212,5.7108,0.0104,0.1252,25921.0569,NA,NA,NA
MegaProject.exe,13848,0x1F4D621B830,DXGI,1,0,0,Hardware Composed: Independent Flip,25947.7073,NA,12.87490000000000,13.96650000000000,0.42660000000000,5.70690000000000,12.0263,25935.1561,12.9778,12.5512,0.4266,12.5240,5.7341,5.7231,0.0110,0.1327,25935.1561,NA,NA,NA
MegaProject.exe,13848,0x1F4D621B830,DXGI,1,0,0,Hardware Composed: Independent Flip,25962.3803,NA,14.67300000000000,13.71430000000000,0.37820000000000,5.36720000000000,11.0676,25948.1339,14.6246,14.2464,0.3782,14.2218,5.3918,5.3794,0.0124,-0.7365,25948.1339,NA,NA,NA
MegaProject.exe,13848,0x1F4D621B830,DXGI,1,0,0,Hardware Composed: Independent Flip,25976.4058,NA,14.02550000000000,13.91150000000000,0.43670000000000,5.43520000000000,10.9536,25962.7585,14.0840,13.6473,0.4367,13.6204,5.4621,5.4523,0.0098,0.7131,25962.7585,NA,NA,NA
MegaProject.exe,13848,0x1F4D621B830,DXGI,1,0,0,Hardware Composed: Independent Flip,25989.8665,NA,13.46070000000000,14.12450000000000,0.38910000000000,5.46630000000000,11.6174,25976.8425,13.4131,13.0240,0.3891,12.9998,5.4905,5.4815,0.0090,-0.0405,25976.8425,NA,NA,NA
MegaProject.exe,13848,0x1F4D621B830,DXGI,1,0,0,Hardware Composed: Independent Flip,26004.4551,NA,14.58860000000000,13.70930000000000,0.31960000000000,6.51560000000000,10.7381,25990.2556,14.5191,14.1995,0.3196,14.1839,6.5312,6.5209,0.0103,-0.2962,25990.2556,NA,NA,NA
MegaProject.exe,13848,0x1F4D621B830,DXGI,1,0,0,Hardware Composed: Independent Flip,26017.3943,NA,12.93920000000000,13.84740000000000,0.32850000000000,5.33280000000000,11.6463,26004.7747,12.9481,12.6196,0.3285,12.6003,5.3521,5.3426,0.0095,0.6717,26004.7747,NA,NA,NA
MegaProject.exe,13848,0x1F4D621B830,DXGI,1,0,0,Hardware Composed: Independent Flip,26031.9492,NA,14.55490000000000,14.01670000000000,0.42270000000000,5.49610000000000,11.1081,26017.7228,14.6491,14.2264,0.4227,14.2004,5.5221,5.5143,0.0078,-1.0686,26017.7228,NA,NA,NA
MegaProject.exe,13848,0x1F4D621B830,DXGI,1,0,0,Hardware Composed: Independent Flip,26045.7467,NA,13.79750000000000,13.80500000000000,0.40540000000000,5.83620000000000,11.1156,26032.3719,13.7802,13.3748,0.4054,13.3498,5.8612,5.8536,0.0076,0.8441,26032.3719,NA,NA,NA
MegaProject.exe,13848,0x1F4D621B830,DXGI,1,0,0,Hardware Composed: Independent Flip,26059.4817,NA,13.73500000000000,13.92350000000000,0.31320000000000,5.35800000000000,11.3041,26046.1521,13.6428,13.3296,0.3132,13.3071,5.3805,5.3683,0.0122,-0.1433,26046.1521,NA,NA,NA
MegaProject.exe,13848,0x1F4D621B830,DXGI,1,0,0,Hardware Composed: Independent Flip,26072.9616,NA,13.47990000000000,13.80770000000000,0.39800000000000,5.69770000000000,11.6319,26059.7949,13.5647,13.1667,0.3980,13.1383,5.7261,5.7184,0.0077,-0.1649,26059.7949,NA,NA,NA
MegaProject.exe,13848,0x1F4D621B830,DXGI,1,0,0,Hardware Composed: Independent Flip,26087.4936,NA,14.53200000000000,13.95710000000000,0.35420000000000,5.47440000000000,11.0570,26073.3596,14.4882,14.1340,0.3542,14.1070,5.5014,5.4932,0.0082,-0.3924,26073.3596,NA,NA,NA
MegaProject.exe,13848,0x1F4D621B830,DXGI,1,0,0,Hardware Composed: Independent Flip,26101.8734,NA,14.37980000000000,13.95870000000000,0.50050000000000,7.40910000000000,10.6359,26087.8478,14.5261,14.0256,0.5005,13.9941,7.4406,7.4235,0.0171,0.5295,26087.8478,NA,NA,NA
MegaProject.exe,13848,0x1F4D621B830,DXGI,1,0,0,Hardware Composed: Independent Flip,26116.0561,NA,14.18270000000000,13.82120000000000,0.42720000000000,5.62950000000000,10.2744,26102.3739,14.1094,13.6822,0.4272,13.6563,5.6554,5.6443,0.0111,0.7049,26102.3739,NA,NA,NA
MegaProject.exe,13848,0x1F4D621B830,DXGI,1,0,0,Hardware Composed: Independent Flip,26128.9864,NA,12.93030000000000,13.86580000000000,0.36540000000000,5.91460000000000,11.2099,26116.4833,12.8685,12.5031,0.3654,12.4749,5.9428,5.9189,0.0239,0.2436,26116.4833,NA,NA,NA
MegaProject.exe,13848,0x1F4D621B830,DXGI,1,0,0,Hardware Composed: Independent Flip,26142.4148,NA,13.42840000000000,13.98630000000000,0.32520000000000,6.86790000000000,11.7678,26129.3518,13.3882,13.0630,0.3252,13.0370,6.8939,6.8839,0.0100,-1.1178,26129.3518,NA,NA,NA
MegaProject.exe,13848,0x1F4D621B830,DXGI,1,0,0,Hardware Composed: Independent Flip,26156.9889,NA,14.57410000000000,13.81850000000000,0.42880000000000,5.73670000000000,11.0122,26142.7400,14.6777,14.2489,0.4288,14.2211,5.7645,5.7551,0.0094,-0.4303,26142.7400,NA,NA,NA
MegaProject.exe,13848,0x1F4D621B830,DXGI,1,0,0,Hardware Composed: Independent Flip,26170.5476,NA,13.55870000000000,13.78510000000000,0.48600000000000,5.65020000000000,11.2386,26157.4177,13.6159,13.1299,0.4860,13.1052,5.6749,5.6452,0.0297,0.8926,26157.4177,NA,NA,NA
MegaProject.exe,13848,0x1F4D621B830,DXGI,1,0,0,Hardware Composed: Independent Flip,26184.4015,NA,13.85390000000000,13.91770000000000,0.45300000000000,5.39580000000000,11.3024,26171.0336,13.8209,13.3679,0.4530,13.3406,5.4231,5.4125,0.0106,-0.3018,26171.0336,NA,NA,NA
MegaProject.exe,13848,0x1F4D621B830,DXGI,1,0,0,Hardware Composed: Independent Flip,26197.6306,NA,13.22910000000000,14.03630000000000,0.38770000000000,5.36500000000000,12.1096,26184.8545,13.1638,12.7761,0.3877,12.7512,5.3899,5.3804,0.0095,-0.2154,26184.8545,NA,NA,NA
MegaProject.exe,13848,0x1F4D621B830,DXGI,1,0,0,Hardware Composed: Independent Flip,26212.7773,NA,15.14670000000000,13.83350000000000,0.40400000000000,6.35860000000000,10.7964,26198.0183,15.1630,14.7590,0.4040,14.7086,6.4090,6.3983,0.0107,-0.6697,26198.0183,NA,NA,NA
MegaProject.exe,13848,0x1F4D621B830,DXGI,1,0,0,Hardware Composed: Independent Flip,26226.4940,NA,13.71670000000000,13.88980000000000,0.36230000000000,5.48990000000000,10.9695,26213.1813,13.6750,13.3127,0.3623,13.2936,5.5090,5.5001,0.0089,1.2732,26213.1813,NA,NA,NA
MegaProject.exe,13848,0x1F4D621B830,DXGI,1,0,0,Hardware Composed: Independent Flip,26240.0748,NA,13.58080000000000,13.95700000000000,0.35610000000000,5.36810000000000,11.3457,26226.8563,13.5746,13.2185,0.3561,13.1922,5.3944,5.3809,0.0135,-0.2820,26226.8563,NA,28.9303,NA
MegaProject.exe,13848,0x1F4D621B830,DXGI,1,0,0,Hardware Composed: Independent Flip,26254.3157,NA,14.24090000000000,13.81390000000000,0.36370000000000,5.71600000000000,10.9187,26240.4309,14.2485,13.8848,0.3637,13.8564,5.7444,5.7371,0.0073,-0.2393,26240.4309,NA,NA,NA
MegaProject.exe,13848,0x1F4D621B830,DXGI,1,0,0,Hardware Composed: Independent Flip,26267.1809,NA,12.86520000000000,13.83960000000000,0.32430000000000,5.64560000000000,11.8931,26254.6794,12.8258,12.5015,0.3243,12.4763,5.6708,5.6523,0.0185,0.4089,26254.6794,NA,26.3155,NA
MegaProject.exe,13848,0x1F4D621B830,DXGI,1,0,0,Hardware Composed: Independent Flip,26282.0797,NA,14.89880000000000,13.85470000000000,0.47130000000000,6.93110000000000,10.8490,26267.5052,15.0458,14.5745,0.4713,14.5460,6.9596,6.9259,0.0337,-1.0289,26267.5052,NA,NA,NA
MegaProject.exe,13848,0x1F4D621B830,DXGI,1,0,0,Hardware Composed: Independent Flip,26295.6400,NA,13.56030000000000,13.91670000000000,0.42420000000000,5.38080000000000,11.2054,26282.5510,13.5132,13.0890,0.4242,13.0622,5.4076,5.3949,0.0127,1.1291,26282.5510,NA,23.2326,NA
MegaProject.exe,13848,0x1F4D621B830,DXGI,1,0,0,Hardware Composed: Independent Flip,26309.2860,NA,13.64600000000000,14.01480000000000,0.29760000000000,5.44610000000000,11.5742,26296.0642,13.5194,13.2218,0.2976,13.1972,5.4707,5.4596,0.0111,-0.5016,26296.0642,NA,NA,NA
MegaProject.exe,13848,0x1F4D621B830,DXGI,1,0,0,Hardware Composed: Independent Flip,26322.9218,NA,13.63580000000000,13.74690000000000,0.32000000000000,6.93610000000000,11.6853,26309.5836,13.6582,13.3382,0.3200,13.3135,6.9608,6.9497,0.0111,-0.2275,26309.5836,NA,20.7909,NA
MegaProject.exe,13848,0x1F4D621B830,DXGI,1,0,0,Hardware Composed: Independent Flip,26337.5713,NA,14.64950000000000,13.88600000000000,0.41150000000000,5.23470000000000,10.9218,26323.2418,14.7410,14.3295,0.4115,14.3083,5.2559,5.2512,0.0047,-0.2278,26323.2418,NA,NA,NA
MegaProject.exe,13848,0x1F4D621B830,DXGI,1,0,0,Hardware Composed: Independent Flip,26351.2420,NA,13.67070000000000,14.05810000000000,0.36900000000000,5.72910000000000,11.3092,26337.9828,13.6282,13.2592,0.3690,13.2337,5.7546,5.7445,0.0101,0.6829,26337.9828,NA,NA,NA
MegaProject.exe,13848,0x1F4D621B830,DXGI,1,0,0,Hardware Composed: Independent Flip,26365.4053,NA,14.16330000000000,13.86850000000000,0.40700000000000,5.46740000000000,11.0144,26351.6110,14.2013,13.7943,0.4070,13.7699,5.4918,5.4815,0.0103,-0.2403,26351.6110,NA,22.3347,NA
MegaProject.exe,13848,0x1F4D621B830,DXGI,1,0,0,Hardware Composed: Independent Flip,26378.7572,NA,13.35190000000000,13.75370000000000,0.37760000000000,5.66510000000000,11.4162,26365.8123,13.3225,12.9449,0.3776,12.9197,5.6903,5.6803,0.0100,0.4476,26365.8123,NA,NA,NA
MegaProject.exe,13848,0x1F4D621B830,DXGI,1,0,0,Hardware Composed: Independent Flip,26392.2504,NA,13.49320000000000,13.84040000000000,0.38930000000000,5.38450000000000,11.7634,26379.1348,13.5049,13.1156,0.3893,13.0862,5.4139,5.3833,0.0306,-0.5179,26379.1348,NA,19.9042,NA
MegaProject.exe,13848,0x1F4D621B830,DXGI,1,0,0,Hardware Composed: Independent Flip,26406.4644,NA,14.21400000000000,13.93910000000000,0.38500000000000,5.51950000000000,11.4885,26392.6397,14.2097,13.8247,0.3850,13.7985,5.5457,5.5232,0.0225,-0.4342,26392.6397,NA,NA,NA
MegaProject.exe,13848,0x1F4D621B830,DXGI,1,0,0,Hardware Composed: Independent Flip,26420.2905,NA,13.82610000000000,14.02380000000000,0.40030000000000,5.17490000000000,11.6862,26406.8494,13.8414,13.4411,0.4003,13.4158,5.2002,5.1920,0.0082,0.1859,26406.8494,NA,18.2395,NA
MegaProject.exe,13848,0x1F4D621B830,DXGI,1,0,0,Hardware Composed: Independent Flip,26435.1386,NA,14.84810000000000,13.74690000000000,0.35360000000000,6.45170000000000,10.5850,26420.6908,14.8014,14.4478,0.3536,14.4320,6.4675,6.4573,0.0102,0.0945,26420.6908,NA,NA,NA
MegaProject.exe,13848,0x1F4D621B830,DXGI,1,0,0,Hardware Composed: Independent Flip,26448.5574,NA,13.41880000000000,14.04770000000000,0.32730000000000,5.50850000000000,11.2139,26435.4922,13.3925,13.0652,0.3273,13.0450,5.5287,5.5201,0.0086,0.7537,26435.4922,NA,14.5896,NA
MegaProject.exe,13848,0x1F4D621B830,DXGI,1,0,0,Hardware Composed: Independent Flip,26462.2985,NA,13.74110000000000,13.86820000000000,0.39940000000000,7.01190000000000,11.3410,26448.8847,13.8132,13.4138,0.3994,13.3892,7.0365,7.0287,0.0078,-0.4757,26448.8847,NA,NA,NA
MegaProject.exe,13848,0x1F4D621B830,DXGI,1,0,0,Hardware Composed: Independent Flip,26476.0972,NA,13.79870000000000,13.84350000000000,0.38120000000000,5.74720000000000,11.3858,26462.6979,13.7805,13.3993,0.3812,13.3733,5.7732,5.7596,0.0136,-0.0303,26462.6979,NA,NA,NA
MegaProject.exe,13848,0x1F4D621B830,DXGI,1,0,0,Hardware Composed: Independent Flip,26490.7674,NA,14.67020000000000,13.75420000000000,0.43880000000000,5.32620000000000,10.4698,26476.4784,14.7278,14.2890,0.4388,14.2591,5.3561,5.3282,0.0279,0.0263,26476.4784,NA,14.9130,NA
MegaProject.exe,13848,0x1F4D621B830,DXGI,1,0,0,Hardware Composed: Independent Flip,26503.0270,NA,12.25960000000000,13.91990000000000,0.28220000000000,5.77340000000000,12.1301,26491.2062,12.1030,11.8208,0.2822,11.7950,5.7992,5.7887,0.0105,0.8079,26491.2062,NA,NA,NA
MegaProject.exe,13848,0x1F4D621B830,DXGI,1,0,0,Hardware Composed: Independent Flip,26517.7834,NA,14.75640000000000,13.99940000000000,0.32640000000000,5.45790000000000,11.3731,26503.3092,14.8006,14.4742,0.3264,14.4483,5.4838,5.4726,0.0112,-1.8964,26503.3092,NA,NA,NA
MegaProject.exe,13848,0x1F4D621B830,DXGI,1,0,0,Hardware Composed: Independent Flip,26531.8457,NA,14.06230000000000,13.87970000000000,0.27020000000000,5.44540000000000,11.1905,26518.1098,14.0061,13.7359,0.2702,13.7108,5.4705,5.4584,0.0121,0.9209,26518.1098,NA,26.5328,NA
MegaProject.exe,13848,0x1F4D621B830,DXGI,1,0,0,Hardware Composed: Independent Flip,26545.8624,NA,14.01670000000000,13.90170000000000,0.27970000000000,5.42230000000000,11.0755,26532.1159,14.0262,13.7465,0.2797,13.7211,5.4477,5.4381,0.0096,0.1044,26532.1159,NA,NA,NA
MegaProject.exe,13848,0x1F4D621B830,DXGI,1,0,0,Hardware Composed: Independent Flip,26559.7462,NA,13.88380000000000,13.93910000000000,0.33150000000000,5.67170000000000,11.1308,26546.1421,13.9356,13.6041,0.3315,13.5796,5.6962,5.6836,0.0126,0.0871,26546.1421,NA,23.6386,NA
MegaProject.exe,13848,0x1F4D621B830,DXGI,1,0,0,Hardware Composed: Independent Flip,26572.8009,NA,13.05470000000000,13.77560000000000,0.38400000000000,5.62780000000000,11.8517,26560.0777,13.1072,12.7232,0.3840,12.6982,5.6528,5.6421,0.0107,0.1600,26560.0777,NA,NA,NA
MegaProject.exe,13848,0x1F4D621B830,DXGI,1,0,0,Hardware Composed: Independent Flip,26587.2460,NA,14.44510000000000,13.87950000000000,0.32400000000000,5.50060000000000,11.2861,26573.1849,14.3851,14.0611,0.3240,14.0354,5.5263,5.5153,0.0110,-0.7723,26573.1849,NA,20.6063,NA
MegaProject.exe,13848,0x1F4D621B830,DXGI,1,0,0,Hardware Composed: Independent Flip,26601.4947,NA,14.24870000000000,13.88170000000000,0.38780000000000,7.31060000000000,10.9191,26587.5700,14.3125,13.9247,0.3878,13.8987,7.3366,7.3270,0.0096,0.5034,26587.5700,NA,NA,NA
MegaProject.exe,13848,0x1F4D621B830,DXGI,1,0,0,Hardware Composed: Independent Flip,26614.7510,NA,13.25630000000000,13.88330000000000,0.55260000000000,5.29180000000000,11.5461,26601.8825,13.4211,12.8685,0.5526,12.8455,5.3148,5.3084,0.0064,0.4292,26601.8825,NA,NA,NA
MegaProject.exe,13848,0x1F4D621B830,DXGI,1,0,0,Hardware Composed: Independent Flip,26628.2330,NA,13.48200000000000,13.85000000000000,0.24830000000000,5.35750000000000,11.9141,26615.3036,13.1777,12.9294,0.2483,12.9113,5.3756,5.3668,0.0088,-0.4289,26615.3036,NA,21.4459,NA
MegaProject.exe,13848,0x1F4D621B830,DXGI,1,0,0,Hardware Composed: Independent Flip,26643.2726,NA,15.03960000000000,14.00560000000000,0.36710000000000,6.32480000000000,10.8801,26628.4813,15.1584,14.7913,0.3671,14.7704,6.3457,6.3352,0.0105,-0.8279,26628.4813,NA,NA,NA
MegaProject.exe,13848,0x1F4D621B830,DXGI,1,0,0,Hardware Composed: Independent Flip,26656.7781,NA,13.50550000000000,13.95620000000000,0.38620000000000,5.57490000000000,11.3308,26643.6397,13.5246,13.1384,0.3862,13.1113,5.6020,5.5892,0.0128,1.2022,26643.6397,NA,18.3200,NA
MegaProject.exe,13848,0x1F4D621B830,DXGI,1,0,0,Hardware Composed: Independent Flip,26670.8291,NA,14.05100000000000,13.82730000000000,0.39610000000000,5.39940000000000,11.1071,26657.1643,14.0609,13.6648,0.3961,13.6399,5.4243,5.4116,0.0127,-0.3027,26657.1643,NA,NA,NA
MegaProject.exe,13848,0x1F4D621B830,DXGI,1,0,0,Hardware Composed: Independent Flip,26684.5625,NA,13.73340000000000,13.82940000000000,0.34630000000000,5.51980000000000,11.2031,26671.2252,13.6836,13.3373,0.3463,13.3132,5.5439,5.5306,0.0133,0.2315,26671.2252,NA,15.4711,NA
MegaProject.exe,13848,0x1F4D621B830,DXGI,1,0,0,Hardware Composed: Independent Flip,26697.8777,NA,13.31520000000000,14.02690000000000,0.42130000000000,7.47640000000000,11.9148,26684.9088,13.3902,12.9689,0.4213,12.9402,7.5051,7.4957,0.0094,-0.3433,26684.9088,NA,NA,NA
MegaProject.exe,13848,0x1F4D621B830,DXGI,1,0,0,Hardware Composed: Independent Flip,26712.1769,NA,14.29920000000000,13.82140000000000,0.40080000000000,5.35980000000000,11.4370,26698.2990,14.2787,13.8779,0.4008,13.8594,5.3783,5.3650,0.0133,-0.4312,26698.2990,NA,NA,NA
MegaProject.exe,13848,0x1F4D621B830,DXGI,1,0,0,Hardware Composed: Independent Flip,26726.6372,NA,14.46030000000000,13.96120000000000,0.54920000000000,5.71290000000000,10.9379,26712.5777,14.6087,14.0595,0.5492,14.0359,5.7365,5.7281,0.0084,0.3175,26712.5777,NA,24.7822,NA
MegaProject.exe,13848,0x1F4D621B830,DXGI,1,0,0,Hardware Composed: Independent Flip,26740.4109,NA,13.77370000000000,13.73220000000000,0.41950000000000,5.55540000000000,10.8964,26727.1864,13.6440,13.2245,0.4195,13.1970,5.5829,5.5706,0.0123,0.8765,26727.1864,NA,NA,NA
MegaProject.exe,13848,0x1F4D621B830,DXGI,1,0,0,Hardware Composed: Independent Flip,26753.4069,NA,12.99600000000000,13.97060000000000,0.39090000000000,5.35220000000000,11.8710,26740.8304,12.9674,12.5765,0.3909,12.5549,5.3738,5.3670,0.0068,-0.3266,26740.8304,NA,16.3860,NA
MegaProject.exe,13848,0x1F4D621B830,DXGI,1,0,0,Hardware Composed: Independent Flip,26768.1864,NA,14.77950000000000,13.96210000000000,0.31870000000000,5.70340000000000,11.0536,26753.7978,14.7073,14.3886,0.3187,14.3627,5.7293,5.7220,0.0073,-0.9947,26753.7978,NA,NA,NA
MegaProject.exe,13848,0x1F4D621B830,DXGI,1,0,0,Hardware Composed: Independent Flip,26781.9122,NA,13.72580000000000,13.88570000000000,0.30780000000000,5.68460000000000,11.2135,26768.5051,13.7149,13.4071,0.3078,13.3825,5.7092,5.6965,0.0127,0.8216,26768.5051,NA,NA,NA
MegaProject.exe,13848,0x1F4D621B830,DXGI,1,0,0,Hardware Composed: Independent Flip,26795.7012,NA,13.78900000000000,13.75140000000000,0.38350000000000,5.42620000000000,11.1759,26782.2200,13.8647,13.4812,0.3835,13.4563,5.4511,5.4382,0.0129,-0.0365,26782.2200,NA,22.7570,NA
MegaProject.exe,13848,0x1F4D621B830,DXGI,1,0,0,Hardware Composed: Independent Flip,26809.4800,NA,13.77880000000000,13.88930000000000,0.38210000000000,5.43970000000000,11.2864,26796.0847,13.7774,13.3953,0.3821,13.3699,5.4651,5.4552,0.0099,-0.0246,26796.0847,NA,NA,NA
MegaProject.exe,13848,0x1F4D621B830,DXGI,1,0,0,Hardware Composed: Independent Flip,26822.8139,NA,13.33390000000000,13.92460000000000,0.35320000000000,5.54510000000000,11.8771,26809.8621,13.3050,12.9518,0.3532,12.9251,5.5718,5.5603,0.0115,-0.1472,26809.8621,NA,21.0386,NA
MegaProject.exe,13848,0x1F4D621B830,DXGI,1,0,0,Hardware Composed: Independent Flip,26837.1433,NA,14.32940000000000,13.97370000000000,0.38130000000000,5.45800000000000,11.5214,26823.1671,14.3575,13.9762,0.3813,13.9507,5.4835,5.4728,0.0107,-0.6687,26823.1671,NA,NA,NA
MegaProject.exe,13848,0x1F4D621B830,DXGI,1,0,0,Hardware Composed: Independent Flip,26851.8794,NA,14.73610000000000,13.91110000000000,0.42710000000000,5.66230000000000,10.6964,26837.5246,14.7819,14.3548,0.4271,14.3205,5.6966,5.6845,0.0121,0.4464,26837.5246,NA,17.7204,NA
MegaProject.exe,13848,0x1F4D621B830,DXGI,1,0,0,Hardware Composed: Independent Flip,26865.8537,NA,13.97430000000000,13.74690000000000,0.42970000000000,5.47120000000000,10.4690,26852.3065,13.9769,13.5472,0.4297,13.5191,5.4993,5.4911,0.0082,1.0350,26852.3065,NA,NA,NA
MegaProject.exe,13848,0x1F4D621B830,DXGI,1,0,0,Hardware Composed: Independent Flip,26879.9882,NA,14.13450000000000,14.01400000000000,0.38050000000000,5.65150000000000,10.3485,26866.2834,14.0853,13.7048,0.3805,13.6773,5.6790,5.6701,0.0089,-0.0371,26866.2834,NA,14.4953,NA
MegaProject.exe,13848,0x1F4D621B830,DXGI,1,0,0,Hardware Composed: Independent Flip,26892.3361,NA,12.34790000000000,13.77450000000000,0.38610000000000,5.61970000000000,11.7751,26880.3687,12.3535,11.9674,0.3861,11.9431,5.6440,5.6337,0.0103,0.3108,26880.3687,NA,NA,NA
MegaProject.exe,13848,0x1F4D621B830,DXGI,1,0,0,Hardware Composed: Independent Flip,26906.9335,NA,14.59740000000000,13.97020000000000,0.36140000000000,5.64480000000000,11.1479,26892.7222,14.5727,14.2113,0.3614,14.1701,5.6860,5.6739,0.0121,-1.6167,26892.7222,NA,NA,NA
MegaProject.exe,13848,0x1F4D621B830,DXGI,1,0,0,Hardware Composed: Independent Flip,26921.3031,NA,14.36960000000000,13.94740000000000,0.37400000000000,5.63860000000000,10.7257,26907.2949,14.3822,14.0082,0.3740,13.9828,5.6640,5.6520,0.0120,0.6253,26907.2949,NA,15.5299,NA
MegaProject.exe,13848,0x1F4D621B830,DXGI,1,0,0,Hardware Composed: Independent Flip,26934.5022,NA,13.19910000000000,13.89620000000000,0.27030000000000,5.65690000000000,11.4228,26921.6771,13.0954,12.8251,0.2703,12.7997,5.6823,5.6671,0.0152,0.4860,26921.6771,NA,NA,NA
MegaProject.exe,13848,0x1F4D621B830,DXGI,1,0,0,Hardware Composed: Independent Flip,26947.7293,NA,13.22710000000000,13.79390000000000,0.41470000000000,5.67150000000000,11.9896,26934.7725,13.3715,12.9568,0.4147,12.9322,5.6961,5.6843,0.0118,-0.6985,26934.7725,NA,NA,NA
MegaProject.exe,13848,0x1F4D621B830,DXGI,1,0,0,Hardware Composed: Independent Flip,26962.5530,NA,14.82370000000000,13.99740000000000,0.27670000000000,5.38830000000000,11.1633,26948.1440,14.6857,14.4090,0.2767,14.3872,5.4101,5.3996,0.0105,-0.6259,26948.1440,NA,26.4463,NA
MegaProject.exe,13848,0x1F4D621B830,DXGI,1,0,0,Hardware Composed: Independent Flip,26976.3231,NA,13.77010000000000,13.85350000000000,0.35390000000000,5.43820000000000,11.2467,26962.8297,13.8473,13.4934,0.3539,13.4669,5.4647,5.4480,0.0167,0.8322,26962.8297,NA,NA,NA
MegaProject.exe,13848,0x1F4D621B830,DXGI,1,0,0,Hardware Composed: Independent Flip,26989.8741,NA,13.55100000000000,13.83970000000000,0.41240000000000,5.63800000000000,11.5354,26976.6770,13.6095,13.1971,0.4124,13.1724,5.6627,5.6521,0.0106,0.0076,26976.6770,NA,22.6505,NA
MegaProject.exe,13848,0x1F4D621B830,DXGI,1,0,0,Hardware Composed: Independent Flip,27003.5951,NA,13.72100000000000,13.83260000000000,0.40050000000000,5.57180000000000,11.6470,26990.2865,13.7091,13.3086,0.4005,13.2820,5.5984,5.5587,0.0397,-0.2231,26990.2865,NA,NA,NA
MegaProject.exe,13848,0x1F4D621B830,DXGI,1,0,0,Hardware Composed: Independent Flip,27017.7623,NA,14.16720000000000,13.88400000000000,0.33370000000000,6.94750000000000,11.3638,27003.9956,14.1004,13.7667,0.3337,13.7425,6.9717,6.9626,0.0091,-0.1749,27003.9956,NA,19.9925,NA
MegaProject.exe,13848,0x1F4D621B830,DXGI,1,0,0,Hardware Composed: Independent Flip,27032.1085,NA,14.34620000000000,14.03190000000000,0.40100000000000,5.56000000000000,11.0495,27018.0960,14.4135,14.0125,0.4010,13.9851,5.5874,5.5743,0.0131,0.0685,27018.0960,NA,NA,NA
MegaProject.exe,13848,0x1F4D621B830,DXGI,1,0,0,Hardware Composed: Independent Flip,27045.8139,NA,13.70540000000000,13.88950000000000,0.38380000000000,5.45260000000000,11.2336,27032.5095,13.6882,13.3044,0.3838,13.2807,5.4763,5.4657,0.0106,0.5240,27032.5095,NA,NA,NA
MegaProject.exe,13848,0x1F4D621B830,DXGI,1,0,0,Hardware Composed: Independent Flip,27059.6178,NA,13.80390000000000,13.81990000000000,0.29760000000000,5.69580000000000,11.2496,27046.1977,13.7177,13.4201,0.2976,13.3951,5.7208,5.7082,0.0126,-0.1317,27046.1977,NA,21.9135,NA
MegaProject.exe,13848,0x1F4D621B830,DXGI,1,0,0,Hardware Composed: Independent Flip,27073.1917,NA,13.57390000000000,13.79250000000000,0.30230000000000,5.57370000000000,11.4682,27059.9154,13.5786,13.2763,0.3023,13.2557,5.5943,5.5861,0.0082,-0.0748,27059.9154,NA,NA,NA
MegaProject.exe,13848,0x1F4D621B830,DXGI,1,0,0,Hardware Composed: Independent Flip,27087.4401,NA,14.24840000000000,14.11210000000000,0.41660000000000,5.12050000000000,11.3319,27073.4940,14.3627,13.9461,0.4166,13.9246,5.1420,5.1339,0.0081,-0.5335,27073.4940,NA,17.9542,NA
MegaProject.exe,13848,0x1F4D621B830,DXGI,1,0,0,Hardware Composed: Independent Flip,27101.1528,NA,13.71270000000000,13.69220000000000,0.33840000000000,5.59910000000000,11.3114,27087.8567,13.6345,13.2961,0.3384,13.2708,5.6244,5.6112,0.0132,0.6705,27087.8567,NA,NA,NA
MegaProject.exe,13848,0x1F4D621B830,DXGI,1,0,0,Hardware Composed: Independent Flip,27115.8248,NA,14.67200000000000,13.90260000000000,0.43130000000000,5.43160000000000,10.5420,27101.4912,14.7649,14.3336,0.4313,14.3059,5.4593,5.4487,0.0106,-0.2681,27101.4912,NA,14.4594,NA
MegaProject.exe,13848,0x1F4D621B830,DXGI,1,0,0,Hardware Composed: Independent Flip,27128.3145,NA,12.48970000000000,14.05250000000000,0.30980000000000,6.96170000000000,12.1048,27116.2561,12.3682,12.0584,0.3098,12.0344,6.9857,6.9782,0.0075,0.7124,27116.2561,NA,NA,NA
MegaProject.exe,13848,0x1F4D621B830,DXGI,1,0,0,Hardware Composed: Independent Flip,27143.3394,NA,15.02490000000000,13.81990000000000,0.40860000000000,5.71180000000000,10.8998,27128.6243,15.1237,14.7151,0.4086,14.6881,5.7388,5.7307,0.0081,-1.4517,27128.6243,NA,NA,NA
MegaProject.exe,13848,0x1F4D621B830,DXGI,1,0,0,Hardware Composed: Independent Flip,27157.0993,NA,13.75990000000000,13.92590000000000,0.42020000000000,5.54460000000000,11.0658,27143.7480,13.7715,13.3513,0.4202,13.3202,5.5757,5.5645,0.0112,1.1978,27143.7480,NA,25.8629,NA
MegaProject.exe,13848,0x1F4D621B830,DXGI,1,0,0,Hardware Composed: Independent Flip,27170.5113,NA,13.41200000000000,13.89670000000000,0.48380000000000,5.58840000000000,11.5505,27157.5195,13.4756,12.9918,0.4838,12.9657,5.6145,5.6012,0.0133,-0.1252,27157.5195,NA,NA,NA
MegaProject.exe,13848,0x1F4D621B830,DXGI,1,0,0,Hardware Composed: Independent Flip,27184.3380,NA,13.82670000000000,13.89080000000000,0.37660000000000,5.40920000000000,11.6146,27170.9951,13.7195,13.3429,0.3766,13.3217,5.4304,5.4243,0.0061,-0.4152,27170.9951,NA,23.7764,NA
MegaProject.exe,13848,0x1F4D621B830,DXGI,1,0,0,Hardware Composed: Independent Flip,27198.5755,NA,14.23750000000000,13.76470000000000,0.35990000000000,5.67480000000000,11.1418,27184.7146,14.2208,13.8609,0.3599,13.8355,5.7002,5.6895,0.0107,-0.0452,27184.7146,NA,NA,NA
MegaProject.exe,13848,0x1F4D621B830,DXGI,1,0,0,Hardware Composed: Independent Flip,27212.6523,NA,14.07680000000000,13.83490000000000,0.46640000000000,5.43710000000000,10.8999,27198.9354,14.1833,13.7169,0.4664,13.6738,5.4802,5.4539,0.0263,0.3859,27198.9354,NA,NA,NA
MegaProject.exe,13848,0x1F4D621B830,DXGI,1,0,0,Hardware Composed: Independent Flip,27226.1650,NA,13.51270000000000,13.92400000000000,0.37500000000000,5.24860000000000,11.3112,27213.1187,13.4213,13.0463,0.3750,13.0191,5.2758,5.2656,0.0102,0.2593,27213.1187,NA,23.6338,NA
MegaProject.exe,13848,0x1F4D621B830,DXGI,1,0,0,Hardware Composed: Independent Flip,27239.9758,NA,13.81080000000000,13.88850000000000,0.36290000000000,5.29860000000000,11.3889,27226.5400,13.7987,13.4358,0.3629,13.4108,5.3236,5.2917,0.0319,-0.4672,27226.5400,NA,NA,NA
MegaProject.exe,13848,0x1F4D621B830,DXGI,1,0,0,Hardware Composed: Independent Flip,27253.2313,NA,13.25550000000000,13.96390000000000,0.39160000000000,5.48110000000000,12.0973,27240.3387,13.2842,12.8926,0.3916,12.8731,5.5006,5.4866,0.0140,-0.1652,27240.3387,NA,21.2014,NA
MegaProject.exe,13848,0x1F4D621B830,DXGI,1,0,0,Hardware Composed: Independent Flip,27267.9751,NA,14.74380000000000,13.89000000000000,0.37640000000000,7.22580000000000,11.2435,27253.6229,14.7286,14.3522,0.3764,14.3273,7.2507,7.2376,0.0131,-0.6058,27253.6229,NA,NA,NA
MegaProject.exe,13848,0x1F4D621B830,DXGI,1,0,0,Hardware Composed: Independent Flip,27281.5212,NA,13.54610000000000,13.95340000000000,0.46960000000000,5.54300000000000,11.6508,27268.3515,13.6393,13.1697,0.4696,13.1437,5.5690,5.5589,0.0101,0.7752,27268.3515,NA,18.9357,NA
MegaProject.exe,13848,0x1F4D621B830,DXGI,1,0,0,Hardware Composed: Independent Flip,27296.0448,NA,14.52360000000000,13.83310000000000,0.37970000000000,5.38800000000000,10.9603,27281.9908,14.4337,14.0540,0.3797,14.0269,5.4151,5.4055,0.0096,-0.1938,27281.9908,NA,NA,NA
MegaProject.exe,13848,0x1F4D621B830,DXGI,1,0,0,Hardware Composed: Independent Flip,27309.3374,NA,13.29260000000000,13.77630000000000,0.52420000000000,5.81890000000000,11.4440,27296.4245,13.4371,12.9129,0.5242,12.8805,5.8513,5.8206,0.0307,0.6574,27296.4245,NA,15.5750,NA
MegaProject.exe,13848,0x1F4D621B830,DXGI,1,0,0,Hardware Composed: Independent Flip,27323.2050,NA,13.86760000000000,13.88920000000000,0.35430000000000,5.40540000000000,11.4656,27309.8616,13.6977,13.3434,0.3543,13.3195,5.4293,5.4204,0.0089,-0.4521,27309.8616,NA,NA,NA
MegaProject.exe,13848,0x1F4D621B830,DXGI,1,0,0,Hardware Composed: Independent Flip,27337.3345,NA,14.12950000000000,13.92290000000000,0.28310000000000,5.38690000000000,11.2590,27323.5593,14.0583,13.7752,0.2831,13.7492,5.4129,5.4001,0.0128,-0.2252,27323.5593,NA,NA,NA
MegaProject.exe,13848,0x1F4D621B830,DXGI,1,0,0,Hardware Composed: Independent Flip,27350.6546,NA,13.32010000000000,13.98230000000000,0.27610000000000,5.41230000000000,11.9212,27337.6176,13.3131,13.0370,0.2761,13.0114,5.4379,5.4258,0.0121,0.0760,27337.6176,NA,26.6997,NA
MegaProject.exe,13848,0x1F4D621B830,DXGI,1,0,0,Hardware Composed: Independent Flip,27364.9191,NA,14.26450000000000,13.94900000000000,0.39310000000000,5.53940000000000,11.6057,27350.9307,14.3815,13.9884,0.3931,13.9628,5.5650,5.5588,0.0062,-0.6359,27350.9307,NA,NA,NA
MegaProject.exe,13848,0x1F4D621B830,DXGI,1,0,0,Hardware Composed: Independent Flip,27378.6719,NA,13.75280000000000,13.76640000000000,0.35470000000000,5.48120000000000,11.6193,27365.3122,13.7144,13.3597,0.3547,13.3346,5.5063,5.4928,0.0135,0.6151,27365.3122,NA,NA,NA
MegaProject.exe,13848,0x1F4D621B830,DXGI,1,0,0,Hardware Composed: Independent Flip,27393.2718,NA,14.59990000000000,14.04310000000000,0.39840000000000,5.46840000000000,11.0625,27379.0266,14.6436,14.2452,0.3984,14.2246,5.4890,5.4784,0.0106,-0.3287,27379.0266,NA,26.5961,NA
MegaProject.exe,13848,0x1F4D621B830,DXGI,1,0,0,Hardware Composed: Independent Flip,27407.3323,NA,14.06050000000000,13.71070000000000,0.36230000000000,7.86070000000000,10.7127,27393.6702,14.0244,13.6621,0.3623,13.6359,7.8869,7.8778,0.0091,0.9329,27393.6702,NA,NA,NA
MegaProject.exe,13848,0x1F4D621B830,DXGI,1,0,0,Hardware Composed: Independent Flip,27421.0473,NA,13.71500000000000,13.89310000000000,0.49650000000000,5.44420000000000,10.8908,27407.6946,13.8492,13.3527,0.4965,13.3208,5.4761,5.4474,0.0287,0.1313,27407.6946,NA,22.6724,NA
MegaProject.exe,13848,0x1F4D621B830,DXGI,1,0,0,Hardware Composed: Independent Flip,27433.7350,NA,12.68770000000000,13.96450000000000,0.52060000000000,5.39010000000000,12.1676,27421.5438,12.7118,12.1912,0.5206,12.1682,5.4131,5.4043,0.0088,-0.1153,27421.5438,NA,NA,NA
MegaProject.exe,13848,0x1F4D621B830,DXGI,1,0,0,Hardware Composed: Independent Flip,27448.5083,NA,14.77330000000000,13.97020000000000,0.32370000000000,6.56560000000000,11.3645,27434.2556,14.5764,14.2527,0.3237,14.2262,6.5921,6.5844,0.0077,-1.2584,27434.2556,NA,20.6081,NA
MegaProject.exe,13848,0x1F4D621B830,DXGI,1,0,0,Hardware Composed: Independent Flip,27462.5747,NA,14.06640000000000,13.94760000000000,0.25170000000000,5.60980000000000,11.2457,27448.8320,13.9944,13.7427,0.2517,13.7183,5.6342,5.6217,0.0125,0.6288,27448.8320,NA,NA,NA
MegaProject.exe,13848,0x1F4D621B830,DXGI,1,0,0,Hardware Composed: Independent Flip,27477.0264,NA,14.45170000000000,13.77460000000000,0.38990000000000,5.66460000000000,10.5686,27462.8264,14.5899,14.2000,0.3899,14.1739,5.6907,5.6829,0.0078,0.2198,27462.8264,NA,17.2308,NA
MegaProject.exe,13848,0x1F4D621B830,DXGI,1,0,0,Hardware Composed: Independent Flip,27489.9473,NA,12.92090000000000,13.93990000000000,0.29630000000000,5.77790000000000,11.5876,27477.4163,12.8273,12.5310,0.2963,12.5065,5.8024,5.7933,0.0091,0.6500,27477.4163,NA,NA,NA
MegaProject.exe,13848,0x1F4D621B830,DXGI,1,0,0,Hardware Composed: Independent Flip,27503.9244,NA,13.97710000000000,13.81730000000000,0.38740000000000,5.50930000000000,11.4278,27490.2436,14.0682,13.6808,0.3874,13.6538,5.5363,5.5273,0.0090,-0.9900,27490.2436,NA,NA,NA
MegaProject.exe,13848,0x1F4D621B830,DXGI,1,0,0,Hardware Composed: Independent Flip,27518.1516,NA,14.22720000000000,13.85400000000000,0.45060000000000,5.66030000000000,11.0546,27504.3118,14.2904,13.8398,0.4506,13.8106,5.6895,5.6640,0.0255,0.2142,27504.3118,NA,26.1737,NA
MegaProject.exe,13848,0x1F4D621B830,DXGI,1,0,0,Hardware Composed: Independent Flip,27531.6684,NA,13.51680000000000,13.85710000000000,0.32050000000000,5.38900000000000,11.3949,27518.6022,13.3867,13.0662,0.3205,13.0407,5.4145,5.3880,0.0265,0.4333,27518.6022,NA,NA,NA
MegaProject.exe,13848,0x1F4D621B830,DXGI,1,0,0,Hardware Composed: Independent Flip,27545.4262,NA,13.75780000000000,13.92940000000000,0.38660000000000,5.18390000000000,11.5665,27531.9889,13.8239,13.4373,0.3866,13.4111,5.2101,5.1894,0.0207,-0.5427,27531.9889,NA,NA,NA
MegaProject.exe,13848,0x1F4D621B830,DXGI,1,0,0,Hardware Composed: Independent Flip,27559.2557,NA,13.82950000000000,14.08380000000000,0.32760000000000,5.58410000000000,11.8208,27545.8128,13.7705,13.4429,0.3276,13.4180,5.6090,5.5939,0.0151,-0.2599,27545.8128,NA,27.3691,NA
MegaProject.exe,13848,0x1F4D621B830,DXGI,1,0,0,Hardware Composed: Independent Flip,27574.6156,NA,15.35990000000000,13.71860000000000,0.44120000000000,5.74010000000000,10.1795,27559.5833,15.4735,15.0323,0.4412,14.9962,5.7762,5.7684,0.0078,0.0519,27559.5833,NA,NA,NA
MegaProject.exe,13848,0x1F4D621B830,DXGI,1,0,0,Hardware Composed: Independent Flip,27587.4861,NA,12.87050000000000,13.97490000000000,0.32380000000000,7.47050000000000,11.2839,27575.0568,12.7531,12.4293,0.3238,12.4039,7.4959,7.4833,0.0126,1.4986,27575.0568,NA,25.0949,NA
MegaProject.exe,13848,0x1F4D621B830,DXGI,1,0,0,Hardware Composed: Independent Flip,27601.3749,NA,13.88880000000000,13.97370000000000,0.33760000000000,5.66830000000000,11.3688,27587.8099,13.9026,13.5650,0.3376,13.5466,5.6867,5.6731,0.0136,-1.2206,27587.8099,NA,NA,NA
MegaProject.exe,13848,0x1F4D621B830,DXGI,1,0,0,Hardware Composed: Independent Flip,27615.7188,NA,14.34390000000000,13.73160000000000,0.38690000000000,5.65490000000000,10.7565,27601.7125,14.3932,14.0063,0.3869,13.9867,5.6745,5.6663,0.0082,0.1710,27601.7125,NA,22.4938,NA
MegaProject.exe,13848,0x1F4D621B830,DXGI,1,0,0,Hardware Composed: Independent Flip,27628.7354,NA,13.01660000000000,13.81620000000000,0.41250000000000,6.20120000000000,11.5561,27616.1057,13.0422,12.6297,0.4125,12.5986,6.2323,6.1992,0.0331,0.5770,27616.1057,NA,NA,NA
MegaProject.exe,13848,0x1F4D621B830,DXGI,1,0,0,Hardware Composed: Independent Flip,27642.9019,NA,14.16650000000000,13.88150000000000,0.38690000000000,5.36640000000000,11.2711,27629.1479,14.1409,13.7540,0.3869,13.7254,5.3950,5.3849,0.0101,-0.8393,27629.1479,NA,20.3353,NA
MegaProject.exe,13848,0x1F4D621B830,DXGI,1,0,0,Hardware Composed: Independent Flip,27656.5788,NA,13.67690000000000,13.97870000000000,0.45710000000000,5.68870000000000,11.5729,27643.2888,13.7471,13.2900,0.4571,13.2646,5.7141,5.7001,0.0140,0.1622,27643.2888,NA,NA,NA
MegaProject.exe,13848,0x1F4D621B830,DXGI,1,0,0,Hardware Composed: Independent Flip,27670.7111,NA,14.13230000000000,13.88920000000000,0.39330000000000,5.52750000000000,11.3298,27657.0359,14.0685,13.6752,0.3933,13.6499,5.5528,5.5418,0.0110,-0.1421,27657.0359,NA,NA,NA
MegaProject.exe,13848,0x1F4D621B830,DXGI,1,0,0,Hardware Composed: Independent Flip,27684.1519,NA,13.44080000000000,13.84320000000000,0.35970000000000,5.62030000000000,11.7322,27671.1044,13.4072,13.0475,0.3597,13.0223,5.6455,5.6339,0.0116,0.2253,27671.1044,NA,22.1151,NA
MegaProject.exe,13848,0x1F4D621B830,DXGI,1,0,0,Hardware Composed: Independent Flip,27698.9657,NA,14.81380000000000,13.91520000000000,0.32010000000000,5.47130000000000,10.8336,27684.5116,14.7742,14.4541,0.3201,14.4295,5.4959,5.4824,0.0135,-0.5080,27684.5116,NA,NA,NA
MegaProject.exe,13848,0x1F4D621B830,DXGI,1,0,0,Hardware Composed: Independent Flip,27712.1297,NA,13.16400000000000,13.96910000000000,0.42120000000000,5.17940000000000,11.6387,27699.2858,13.2651,12.8439,0.4212,12.8179,5.2054,5.1959,0.0095,0.8051,27699.2858,NA,19.5722,NA
MegaProject.exe,13848,0x1F4D621B830,DXGI,1,0,0,Hardware Composed: Independent Flip,27726.8303,NA,14.70060000000000,13.83080000000000,0.39010000000000,5.64590000000000,10.7689,27712.5509,14.6695,14.2794,0.3901,14.2580,5.6673,5.6586,0.0087,-0.5657,27712.5509,NA,NA,NA
MegaProject.exe,13848,0x1F4D621B830,DXGI,1,0,0,Hardware Composed: Independent Flip,27740.4613,NA,13.63100000000000,13.95780000000000,0.34520000000000,5.82030000000000,11.0957,27727.2204,13.5861,13.2409,0.3452,13.2114,5.8498,5.8334,0.0164,0.7117,27727.2204,NA,19.9229,NA
MegaProject.exe,13848,0x1F4D621B830,DXGI,1,0,0,Hardware Composed: Independent Flip,27753.4327,NA,12.97140000000000,13.83680000000000,0.39060000000000,5.69560000000000,11.9611,27740.8065,13.0168,12.6262,0.3906,12.6071,5.7147,5.6859,0.0288,-0.2507,27740.8065,NA,NA,NA
MegaProject.exe,13848,0x1F4D621B830,DXGI,1,0,0,Hardware Composed: Independent Flip,27768.1151,NA,14.68240000000000,13.93890000000000,0.35940000000000,5.86820000000000,11.2176,27753.8233,14.6512,14.2918,0.3594,14.2636,5.8964,5.8840,0.0124,-0.9221,27753.8233,NA,NA,NA
MegaProject.exe,13848,0x1F4D621B830,DXGI,1,0,0,Hardware Composed: Independent Flip,27781.8152,NA,13.70010000000000,13.92220000000000,0.38810000000000,5.68930000000000,11.4397,27768.4745,13.7288,13.3407,0.3881,13.3157,5.7143,5.7022,0.0121,0.7290,27768.4745,NA,NA,NA
MegaProject.exe,13848,0x1F4D621B830,DXGI,1,0,0,Hardware Composed: Independent Flip,27796.2981,NA,14.48290000000000,13.86200000000000,0.32230000000000,5.75680000000000,10.8188,27782.2033,14.4171,14.0948,0.3223,14.0714,5.7802,5.7680,0.0122,-0.1332,27782.2033,NA,NA,NA
MegaProject.exe,13848,0x1F4D621B830,DXGI,1,0,0,Hardware Composed: Independent Flip,27808.9376,NA,12.63950000000000,13.89740000000000,0.30080000000000,5.82520000000000,12.0767,27796.6204,12.6180,12.3172,0.3008,12.2920,5.8504,5.8386,0.0118,0.5197,27796.6204,NA,NA,NA
MegaProject.exe,13848,0x1F4D621B830,DXGI,1,0,0,Hardware Composed: Independent Flip,27823.7543,NA,14.81670000000000,13.76080000000000,0.35780000000000,6.66920000000000,11.0208,27809.2384,14.8737,14.5159,0.3578,14.4720,6.7131,6.7024,0.0107,-1.1428,27809.2384,NA,NA,NA
MegaProject.exe,13848,0x1F4D621B830,DXGI,1,0,0,Hardware Composed: Independent Flip,27837.9913,NA,14.23700000000000,13.89760000000000,0.43360000000000,5.59350000000000,10.6814,27824.1121,14.3128,13.8792,0.4336,13.8578,5.6149,5.5825,0.0324,0.9761,27824.1121,NA,NA,NA
MegaProject.exe,13848,0x1F4D621B830,DXGI,1,0,0,Hardware Composed: Independent Flip,27851.9121,NA,13.92080000000000,13.85920000000000,0.46010000000000,6.58430000000000,10.6198,27838.4249,13.9473,13.4872,0.4601,13.4603,6.6112,6.5852,0.0260,0.4536,27838.4249,NA,NA,NA
MegaProject.exe,13848,0x1F4D621B830,DXGI,1,0,0,Hardware Composed: Independent Flip,27865.1698,NA,13.25770000000000,13.97070000000000,0.52100000000000,5.63570000000000,11.3328,27852.3722,13.3186,12.7976,0.5210,12.7780,5.6553,5.6331,0.0222,-0.0234,27852.3722,NA,NA,NA
MegaProject.exe,13848,0x1F4D621B830,DXGI,1,0,0,Hardware Composed: Independent Flip,27878.8821,NA,13.71230000000000,13.96060000000000,0.38610000000000,5.79780000000000,11.5811,27865.6908,13.5774,13.1913,0.3861,13.1633,5.8258,5.8130,0.0128,-0.6420,27865.6908,NA,NA,NA
MegaProject.exe,13848,0x1F4D621B830,DXGI,1,0,0,Hardware Composed: Independent Flip,27893.1777,NA,14.29560000000000,13.81830000000000,0.33460000000000,5.80330000000000,11.1038,27879.2682,14.2441,13.9095,0.3346,13.8842,5.8286,5.8202,0.0084,-0.2409,27879.2682,NA,NA,NA
MegaProject.exe,13848,0x1F4D621B830,DXGI,1,0,0,Hardware Composed: Independent Flip,27906.8870,NA,13.70930000000000,13.88580000000000,0.33200000000000,5.52520000000000,11.2803,27893.5123,13.7067,13.3747,0.3320,13.3511,5.5488,5.5338,0.0150,0.3583,27893.5123,NA,16.5137,NA
MegaProject.exe,13848,0x1F4D621B830,DXGI,1,0,0,Hardware Composed: Independent Flip,27920.3715,NA,13.48450000000000,13.82440000000000,0.31010000000000,5.52560000000000,11.6202,27907.2190,13.4626,13.1525,0.3101,13.1280,5.5501,5.5376,0.0125,-0.1177,27907.2190,NA,NA,NA
MegaProject.exe,13848,0x1F4D621B830,DXGI,1,0,0,Hardware Composed: Independent Flip,27934.0343,NA,13.66280000000000,13.86820000000000,0.40750000000000,5.22820000000000,11.8256,27920.6816,13.7602,13.3527,0.4075,13.3292,5.2517,5.2486,0.0031,-0.4056,27920.6816,NA,NA,NA
MegaProject.exe,13848,0x1F4D621B830,DXGI,1,0,0,Hardware Composed: Independent Flip,27948.4983,NA,14.46400000000000,13.91180000000000,0.35830000000000,5.32710000000000,11.2734,27934.4418,14.4148,14.0565,0.3583,14.0302,5.3534,5.3191,0.0343,-0.1516,27934.4418,NA,NA,NA
MegaProject.exe,13848,0x1F4D621B830,DXGI,1,0,0,Hardware Composed: Independent Flip,27962.3234,NA,13.82510000000000,13.88400000000000,0.32330000000000,5.40100000000000,11.3323,27948.8566,13.7901,13.4668,0.3233,13.4419,5.4259,5.4173,0.0086,0.5308,27948.8566,NA,NA,NA
MegaProject.exe,13848,0x1F4D621B830,DXGI,1,0,0,Hardware Composed: Independent Flip,27976.5672,NA,14.24380000000000,14.01380000000000,0.35110000000000,5.84200000000000,11.1023,27962.6467,14.2716,13.9205,0.3511,13.8966,5.8659,5.8535,0.0124,-0.2237,27962.6467,NA,NA,NA
MegaProject.exe,13848,0x1F4D621B830,DXGI,1,0,0,Hardware Composed: Independent Flip,27990.3776,NA,13.81040000000000,13.96470000000000,0.42200000000000,5.72360000000000,11.2566,27976.9183,13.8813,13.4593,0.4220,13.4338,5.7491,5.7365,0.0126,0.3069,27976.9183,NA,NA,NA
MegaProject.exe,13848,0x1F4D621B830,DXGI,1,0,0,Hardware Composed: Independent Flip,28003.7724,NA,13.39480000000000,13.77250000000000,0.34040000000000,5.68620000000000,11.6343,27990.7996,13.3132,12.9728,0.3404,12.9485,5.7105,5.6983,0.0122,0.1088,27990.7996,NA,NA,NA
MegaProject.exe,13848,0x1F4D621B830,DXGI,1,0,0,Hardware Composed: Independent Flip,28017.9421,NA,14.16970000000000,13.96130000000000,0.32490000000000,5.94060000000000,11.4259,28004.1128,14.1542,13.8293,0.3249,13.8032,5.9667,5.9542,0.0125,-0.6481,28004.1128,NA,NA,NA
MegaProject.exe,13848,0x1F4D621B830,DXGI,1,0,0,Hardware Composed: Independent Flip,28032.3588,NA,14.41670000000000,13.80220000000000,0.39770000000000,7.06570000000000,10.8114,28018.2670,14.4895,14.0918,0.3977,14.0718,7.0857,7.0846,0.0011,0.3520,28018.2670,NA,NA,NA
MegaProject.exe,13848,0x1F4D621B830,DXGI,1,0,0,Hardware Composed: Independent Flip,28046.2474,NA,13.88860000000000,13.96660000000000,0.41360000000000,5.79320000000000,10.8894,28032.7565,13.9045,13.4909,0.4136,13.4667,5.8174,5.8092,0.0082,0.5229,28032.7565,NA,20.6949,NA
MegaProject.exe,13848,0x1F4D621B830,DXGI,1,0,0,Hardware Composed: Independent Flip,28059.2786,NA,13.03120000000000,13.84230000000000,0.53690000000000,5.80450000000000,11.7005,28046.6610,13.1545,12.6176,0.5369,12.5929,5.8292,5.8175,0.0117,0.0622,28046.6610,NA,NA,NA
MegaProject.exe,13848,0x1F4D621B830,DXGI,1,0,0,Hardware Composed: Independent Flip,28073.3286,NA,14.05000000000000,13.88240000000000,0.41560000000000,5.97620000000000,11.5329,28059.8155,13.9287,13.5131,0.4156,13.4883,6.0010,5.9878,0.0132,-0.7279,28059.8155,NA,NA,NA
MegaProject.exe,13848,0x1F4D621B830,DXGI,1,0,0,Hardware Composed: Independent Flip,28087.4700,NA,14.14140000000000,13.88820000000000,0.39530000000000,5.84130000000000,11.2797,28073.7442,14.1211,13.7258,0.3953,13.6974,5.8697,5.8570,0.0127,0.0405,28073.7442,NA,NA,NA
MegaProject.exe,13848,0x1F4D621B830,DXGI,1,0,0,Hardware Composed: Independent Flip,28101.3818,NA,13.91180000000000,13.76700000000000,0.33190000000000,5.89650000000000,11.1349,28087.8653,13.8484,13.5165,0.3319,13.4908,5.9222,5.8828,0.0394,0.3541,28087.8653,NA,NA,NA
MegaProject.exe,13848,0x1F4D621B830,DXGI,1,0,0,Hardware Composed: Independent Flip,28115.3428,NA,13.96100000000000,13.93600000000000,0.46720000000000,5.64330000000000,11.1099,28101.7137,14.0963,13.6291,0.4672,13.5960,5.6764,5.6469,0.0295,-0.0876,28101.7137,NA,NA,NA
MegaProject.exe,13848,0x1F4D621B830,DXGI,1,0,0,Hardware Composed: Independent Flip,28128.4674,NA,13.12460000000000,13.83990000000000,0.36380000000000,5.25070000000000,11.8252,28115.8100,13.0212,12.6574,0.3638,12.6294,5.2787,5.2689,0.0098,0.2564,28115.8100,NA,NA,NA
MegaProject.exe,13848,0x1F4D621B830,DXGI,1,0,0,Hardware Composed: Independent Flip,28142.9946,NA,14.52720000000000,14.08270000000000,0.33700000000000,5.56140000000000,11.3807,28128.8312,14.5004,14.1634,0.3370,14.1428,5.5820,5.5727,0.0093,-1.0615,28128.8312,NA,NA,NA
MegaProject.exe,13848,0x1F4D621B830,DXGI,1,0,0,Hardware Composed: Independent Flip,28156.9110,NA,13.91640000000000,13.82340000000000,0.41380000000000,5.84060000000000,11.2877,28143.3316,13.9932,13.5794,0.4138,13.5535,5.8665,5.8536,0.0129,0.6770,28143.3316,NA,NA,NA
MegaProject.exe,13848,0x1F4D621B830,DXGI,1,0,0,Hardware Composed: Independent Flip,28170.6873,NA,13.77630000000000,13.95380000000000,0.38960000000000,7.60330000000000,11.4652,28157.3248,13.7521,13.3625,0.3896,13.3383,7.6275,7.6150,0.0125,0.0394,28157.3248,NA,NA,NA
MegaProject.exe,13848,0x1F4D621B830,DXGI,1,0,0,Hardware Composed: Independent Flip,28184.3058,NA,13.61850000000000,13.90050000000000,0.35360000000000,5.78640000000000,11.7472,28171.0769,13.5825,13.2289,0.3536,13.2085,5.8068,5.7952,0.0116,-0.1484,28171.0769,NA,NA,NA
MegaProject.exe,13848,0x1F4D621B830,DXGI,1,0,0,Hardware Composed: Independent Flip,28199.1011,NA,14.79530000000000,13.88210000000000,0.35780000000000,5.95120000000000,10.8340,28184.6594,14.7995,14.4417,0.3578,14.4164,5.9765,5.9643,0.0122,-0.2996,28184.6594,NA,NA,NA
MegaProject.exe,13848,0x1F4D621B830,DXGI,1,0,0,Hardware Composed: Independent Flip,28212.6976,NA,13.59650000000000,13.92020000000000,0.45040000000000,5.76950000000000,11.1577,28199.4589,13.6891,13.2387,0.4504,13.2125,5.7957,5.7826,0.0131,0.8793,28199.4589,NA,NA,NA
MegaProject.exe,13848,0x1F4D621B830,DXGI,1,0,0,Hardware Composed: Independent Flip,28226.3018,NA,13.60420000000000,13.92570000000000,0.40940000000000,5.95690000000000,11.4792,28213.1480,13.5632,13.1538,0.4094,13.1289,5.9818,5.9699,0.0119,-0.2366,28213.1480,NA,NA,NA
MegaProject.exe,13848,0x1F4D621B830,DXGI,1,0,0,Hardware Composed: Independent Flip,28240.8706,NA,14.56880000000000,13.75530000000000,0.36780000000000,5.59710000000000,10.6657,28226.7112,14.5272,14.1594,0.3678,14.1379,5.6186,5.6095,0.0091,-0.1921,28226.7112,NA,NA,NA
MegaProject.exe,13848,0x1F4D621B830,DXGI,1,0,0,Hardware Composed: Independent Flip,28253.6975,NA,12.82690000000000,13.82330000000000,0.37080000000000,5.53870000000000,11.6621,28241.2384,12.8299,12.4591,0.3708,12.4303,5.5675,5.5448,0.0227,0.7039,28241.2384,NA,NA,NA
MegaProject.exe,13848,0x1F4D621B830,DXGI,1,0,0,Hardware Composed: Independent Flip,28268.1082,NA,14.41070000000000,13.86160000000000,0.33110000000000,5.52160000000000,11.1130,28254.0683,14.3710,14.0399,0.3311,14.0146,5.5469,5.5368,0.0101,-1.0317,28254.0683,NA,NA,NA
MegaProject.exe,13848,0x1F4D621B830,DXGI,1,0,0,Hardware Composed: Independent Flip,28281.4817,NA,13.37350000000000,14.08490000000000,0.51240000000000,5.85630000000000,11.8244,28268.4393,13.5548,13.0424,0.5124,13.0153,5.8834,5.8711,0.0123,0.2861,28268.4393,NA,NA,NA
MegaProject.exe,13848,0x1F4D621B830,DXGI,1,0,0,Hardware Composed: Independent Flip,28296.4071,NA,14.92540000000000,13.86480000000000,0.44320000000000,5.68730000000000,10.7638,28281.9941,14.8562,14.4130,0.4432,14.3842,5.7161,5.7039,0.0122,-0.3100,28281.9941,NA,NA,NA
MegaProject.exe,13848,0x1F4D621B830,DXGI,1,0,0,Hardware Composed: Independent Flip,28309.0793,NA,12.67220000000000,13.89600000000000,0.41590000000000,5.65120000000000,11.9876,28296.8503,12.6449,12.2290,0.4159,12.2059,5.6743,5.6624,0.0119,0.9602,28296.8503,NA,NA,NA
MegaProject.exe,13848,0x1F4D621B830,DXGI,1,0,0,Hardware Composed: Independent Flip,28323.8849,NA,14.80560000000000,13.80200000000000,0.33860000000000,5.82490000000000,10.9840,28309.4952,14.7283,14.3897,0.3386,14.3630,5.8516,5.8397,0.0119,-1.1571,28309.4952,NA,NA,NA
MegaProject.exe,13848,0x1F4D621B830,DXGI,1,0,0,Hardware Composed: Independent Flip,28339.9063,NA,16.02140000000000,13.81440000000000,0.50260000000000,5.81900000000000,8.7770,28324.2235,16.1854,15.6828,0.5026,15.6468,5.8550,5.8090,0.0460,0.9139,28324.2235,NA,27.2690,NA
MegaProject.exe,13848,0x1F4D621B830,DXGI,1,0,0,Hardware Composed: Independent Flip,28351.4177,NA,11.51140000000000,13.87860000000000,0.40240000000000,7.35050000000000,11.1442,28340.4089,11.4112,11.0088,0.4024,10.9886,7.3707,7.3602,0.0105,2.3068,28340.4089,NA,NA,NA
MegaProject.exe,13848,0x1F4D621B830,DXGI,1,0,0,Hardware Composed: Independent Flip,28365.4543,NA,14.03660000000000,13.90800000000000,0.40740000000000,5.53670000000000,11.0156,28351.8201,14.0416,13.6342,0.4074,13.6074,5.5635,5.5545,0.0090,-2.4968,28351.8201,NA,NA,NA
MegaProject.exe,13848,0x1F4D621B830,DXGI,1,0,0,Hardware Composed: Independent Flip,28378.2239,NA,12.76960000000000,14.05510000000000,0.39600000000000,5.52700000000000,12.3011,28365.8617,12.7582,12.3622,0.3960,12.3382,5.5510,5.5420,0.0090,-0.0135,28365.8617,NA,NA,NA
MegaProject.exe,13848,0x1F4D621B830,DXGI,1,0,0,Hardware Composed: Independent Flip,28392.9797,NA,14.75580000000000,13.87670000000000,0.38390000000000,5.63110000000000,11.4220,28378.6199,14.7437,14.3598,0.3839,14.3307,5.6602,5.6443,0.0159,-1.1185,28378.6199,NA,23.0085,NA
MegaProject.exe,13848,0x1F4D621B830,DXGI,1,0,0,Hardware Composed: Independent Flip,28407.2430,NA,14.26330000000000,13.89040000000000,0.37260000000000,5.91500000000000,11.0491,28393.3636,14.2520,13.8794,0.3726,13.8553,5.9391,5.9268,0.0123,0.8533,28393.3636,NA,NA,NA
MegaProject.exe,13848,0x1F4D621B830,DXGI,1,0,0,Hardware Composed: Independent Flip,28421.2363,NA,13.99330000000000,13.91310000000000,0.38560000000000,5.88000000000000,10.9689,28407.6156,14.0063,13.6207,0.3856,13.5944,5.9063,5.8939,0.0124,0.3389,28407.6156,NA,NA,NA
MegaProject.exe,13848,0x1F4D621B830,DXGI,1,0,0,Hardware Composed: Independent Flip,28434.5353,NA,13.29900000000000,13.80990000000000,0.30790000000000,6.05020000000000,11.4798,28421.6219,13.2213,12.9134,0.3079,12.8887,6.0749,6.0315,0.0434,0.1964,28421.6219,NA,NA,NA
MegaProject.exe,13848,0x1F4D621B830,DXGI,1,0,0,Hardware Composed: Independent Flip,28448.6850,NA,14.14970000000000,13.94770000000000,0.37370000000000,5.56240000000000,11.2778,28434.8432,14.2155,13.8418,0.3737,13.8163,5.5879,5.5757,0.0122,-0.7264,28434.8432,NA,NA,NA
MegaProject.exe,13848,0x1F4D621B830,DXGI,1,0,0,Hardware Composed: Independent Flip,28462.6949,NA,14.00990000000000,13.73000000000000,0.32680000000000,5.67940000000000,10.9979,28449.0587,13.9630,13.6362,0.3268,13.6147,5.7009,5.6601,0.0408,0.4855,28449.0587,NA,NA,NA
MegaProject.exe,13848,0x1F4D621B830,DXGI,1,0,0,Hardware Composed: Independent Flip,28476.6053,NA,13.91040000000000,13.90570000000000,0.52250000000000,5.56630000000000,10.9932,28463.0217,14.1061,13.5836,0.5225,13.5573,5.5926,5.5831,0.0095,0.0573,28463.0217,NA,NA,NA
MegaProject.exe,13848,0x1F4D621B830,DXGI,1,0,0,Hardware Composed: Independent Flip,28490.0632,NA,13.45790000000000,14.07200000000000,0.35080000000000,5.50610000000000,11.6073,28477.1278,13.2862,12.9354,0.3508,12.9103,5.5312,5.5189,0.0123,0.0341,28477.1278,NA,NA,NA
MegaProject.exe,13848,0x1F4D621B830,DXGI,1,0,0,Hardware Composed: Independent Flip,28503.6224,NA,13.55920000000000,13.78000000000000,0.56040000000000,5.84570000000000,11.8281,28490.4140,13.7688,13.2084,0.5604,13.1884,5.8657,5.8512,0.0145,-0.4938,28490.4140,NA,NA,NA
MegaProject.exe,13848,0x1F4D621B830,DXGI,1,0,0,Hardware Composed: Independent Flip,28518.6188,NA,14.99640000000000,13.89330000000000,0.40940000000000,6.06180000000000,10.7250,28504.1828,14.8454,14.4360,0.4094,14.4065,6.0913,6.0790,0.0123,-0.1245,28504.1828,NA,NA,NA
MegaProject.exe,13848,0x1F4D621B830,DXGI,1,0,0,Hardware Composed: Independent Flip,28532.2472,NA,13.62840000000000,13.89080000000000,0.35720000000000,6.20080000000000,10.9874,28519.0282,13.5762,13.2190,0.3572,13.1948,6.2250,6.2098,0.0152,0.9546,28519.0282,NA,NA,NA
MegaProject.exe,13848,0x1F4D621B830,DXGI,1,0,0,Hardware Composed: Independent Flip,28545.7849,NA,13.53770000000000,13.81910000000000,0.31970000000000,5.50300000000000,11.2688,28532.6044,13.5002,13.1805,0.3197,13.1552,5.5283,5.5160,0.0123,-0.2429,28532.6044,NA,NA,NA
MegaProject.exe,13848,0x1F4D621B830,DXGI,1,0,0,Hardware Composed: Independent Flip,28559.0625,NA,13.27760000000000,13.95900000000000,0.37740000000000,5.69640000000000,11.9502,28546.1046,13.3353,12.9579,0.3774,12.9373,5.7170,5.7084,0.0086,-0.4588,28546.1046,NA,NA,NA
MegaProject.exe,13848,0x1F4D621B830,DXGI,1,0,0,Hardware Composed: Independent Flip,28573.9702,NA,14.90770000000000,13.80020000000000,0.45240000000000,5.81190000000000,10.8427,28559.4399,14.9827,14.5303,0.4524,14.5023,5.8399,5.8273,0.0126,-0.4649,28559.4399,NA,NA,NA
MegaProject.exe,13848,0x1F4D621B830,DXGI,1,0,0,Hardware Composed: Independent Flip,28587.3251,NA,13.35490000000000,14.06220000000000,0.36510000000000,5.94150000000000,11.5500,28574.4226,13.2676,12.9025,0.3651,12.8793,5.9647,5.9528,0.0119,0.9205,28574.4226,NA,NA,NA
MegaProject.exe,13848,0x1F4D621B830,DXGI,1,0,0,Hardware Composed: Independent Flip,28601.6646,NA,14.33950000000000,13.71710000000000,0.39270000000000,5.83880000000000,10.9276,28587.6902,14.3671,13.9744,0.3927,13.9473,5.8659,5.8510,0.0149,-0.4495,28587.6902,NA,NA,NA
MegaProject.exe,13848,0x1F4D621B830,DXGI,1,0,0,Hardware Composed: Independent Flip,28615.2968,NA,13.63220000000000,13.89630000000000,0.43800000000000,5.53850000000000,11.1917,28602.0573,13.6775,13.2395,0.4380,13.2139,5.5641,5.5544,0.0097,0.4708,28602.0573,NA,26.0869,NA
MegaProject.exe,13848,0x1F4D621B830,DXGI,1,0,0,Hardware Composed: Independent Flip,28628.4609,NA,13.16410000000000,14.04260000000000,0.32360000000000,5.21740000000000,12.0702,28615.7348,13.0497,12.7261,0.3236,12.7034,5.2401,5.2320,0.0081,-0.3651,28615.7348,NA,NA,NA
MegaProject.exe,13848,0x1F4D621B830,DXGI,1,0,0,Hardware Composed: Independent Flip,28643.3915,NA,14.93060000000000,13.88710000000000,0.31990000000000,5.89800000000000,11.0267,28628.7845,14.9269,14.6070,0.3199,14.5828,5.9222,5.9099,0.0123,-0.8374,28628.7845,NA,NA,NA
MegaProject.exe,13848,0x1F4D621B830,DXGI,1,0,0,Hardware Composed: Independent Flip,28656.9765,NA,13.58500000000000,13.89220000000000,0.39230000000000,5.74990000000000,11.3339,28643.7114,13.6574,13.2651,0.3923,13.2403,5.7747,5.7644,0.0103,1.0347,28643.7114,NA,NA,NA
MegaProject.exe,13848,0x1F4D621B830,DXGI,1,0,0,Hardware Composed: Independent Flip,28671.1997,NA,14.22320000000000,13.73490000000000,0.39310000000000,7.85890000000000,10.8456,28657.3688,14.2240,13.8309,0.3931,13.8113,7.8785,7.8374,0.0411,-0.0775,28657.3688,NA,NA,NA
MegaProject.exe,13848,0x1F4D621B830,DXGI,1,0,0,Hardware Composed: Independent Flip,28684.1357,NA,12.93600000000000,13.92470000000000,0.41330000000000,5.20070000000000,11.8343,28671.5928,12.9562,12.5429,0.4133,12.5181,5.2255,5.2169,0.0086,0.2993,28671.5928,NA,NA,NA
MegaProject.exe,13848,0x1F4D621B830,DXGI,1,0,0,Hardware Composed: Independent Flip,28698.6212,NA,14.48550000000000,13.86830000000000,0.39810000000000,5.54800000000000,11.2171,28684.5490,14.4703,14.0722,0.3981,14.0465,5.5737,5.5641,0.0096,-0.9121,28684.5490,NA,NA,NA
MegaProject.exe,13848,0x1F4D621B830,DXGI,1,0,0,Hardware Composed: Independent Flip,28712.3669,NA,13.74570000000000,14.05040000000000,0.33970000000000,5.62240000000000,11.5218,28699.0193,13.6873,13.3476,0.3397,13.3226,5.6474,5.6332,0.0142,0.4199,28699.0193,NA,23.3837,NA
MegaProject.exe,13848,0x1F4D621B830,DXGI,1,0,0,Hardware Composed: Independent Flip,28726.8440,NA,14.47710000000000,13.82740000000000,0.50100000000000,5.90710000000000,10.8721,28712.7066,14.6384,14.1374,0.5010,14.1102,5.9343,5.9226,0.0117,-0.1401,28712.7066,NA,NA,NA
MegaProject.exe,13848,0x1F4D621B830,DXGI,1,0,0,Hardware Composed: Independent Flip,28740.8998,NA,14.05580000000000,13.87560000000000,0.34200000000000,5.82120000000000,10.6919,28727.3450,13.8968,13.5548,0.3420,13.5338,5.8422,5.8287,0.0135,0.7628,28727.3450,NA,NA,NA
MegaProject.exe,13848,0x1F4D621B830,DXGI,1,0,0,Hardware Composed: Independent Flip,28753.3924,NA,12.49260000000000,13.90160000000000,0.41860000000000,5.87000000000000,12.1009,28741.2418,12.5692,12.1506,0.4186,12.1328,5.8878,5.8749,0.0129,-0.0048,28741.2418,NA,NA,NA
MegaProject.exe,13848,0x1F4D621B830,DXGI,1,0,0,Hardware Composed: Independent Flip,28768.0644,NA,14.67200000000000,13.89350000000000,0.41680000000000,5.67390000000000,11.3224,28753.8110,14.6702,14.2534,0.4168,14.2315,5.6958,5.6864,0.0094,-1.3243,28753.8110,NA,NA,NA
MegaProject.exe,13848,0x1F4D621B830,DXGI,1,0,0,Hardware Composed: Independent Flip,28782.3944,NA,14.33000000000000,13.92710000000000,0.42930000000000,5.64880000000000,10.9195,28768.4812,14.3425,13.9132,0.4293,13.8928,5.6692,5.6413,0.0279,0.7431,28768.4812,NA,NA,NA
MegaProject.exe,13848,0x1F4D621B830,DXGI,1,0,0,Hardware Composed: Independent Flip,28795.6558,NA,13.26140000000000,13.74960000000000,0.28710000000000,5.65070000000000,11.4077,28782.8237,13.1192,12.8321,0.2871,12.8076,5.6752,5.6632,0.0120,0.5929,28782.8237,NA,NA,NA
MegaProject.exe,13848,0x1F4D621B830,DXGI,1,0,0,Hardware Composed: Independent Flip,28809.1712,NA,13.51540000000000,13.89780000000000,0.34950000000000,5.52830000000000,11.7901,28795.9429,13.5778,13.2283,0.3495,13.2025,5.5541,5.5428,0.0113,-0.7786,28795.9429,NA,20.5027,NA
MegaProject.exe,13848,0x1F4D621B830,DXGI,1,0,0,Hardware Composed: Independent Flip,28823.6199,NA,14.44870000000000,13.91400000000000,0.42530000000000,5.46530000000000,11.2554,28809.5207,14.5245,14.0992,0.4253,14.0786,5.4859,5.4764,0.0095,-0.3362,28809.5207,NA,NA,NA
MegaProject.exe,13848,0x1F4D621B830,DXGI,1,0,0,Hardware Composed: Independent Flip,28837.7428,NA,14.12290000000000,14.08080000000000,0.41470000000000,5.58460000000000,11.2133,28824.0452,14.1123,13.6976,0.4147,13.6740,5.6082,5.5962,0.0120,0.4437,28824.0452,NA,NA,NA
MegaProject.exe,13848,0x1F4D621B830,DXGI,1,0,0,Hardware Composed: Independent Flip,28852.2456,NA,14.50280000000000,13.82960000000000,0.34250000000000,5.86880000000000,10.5401,28838.1575,14.4306,14.0881,0.3425,14.0632,5.8937,5.8813,0.0124,0.2827,28838.1575,NA,NA,NA
MegaProject.exe,13848,0x1F4D621B830,DXGI,1,0,0,Hardware Composed: Independent Flip,28865.5146,NA,13.26900000000000,13.75180000000000,0.41390000000000,5.85690000000000,11.0229,28852.5881,13.3404,12.9265,0.4139,12.9010,5.8824,5.8702,0.0122,0.6788,28852.5881,NA,NA,NA
MegaProject.exe,13848,0x1F4D621B830,DXGI,1,0,0,Hardware Composed: Independent Flip,28878.5032,NA,12.98860000000000,13.89430000000000,0.40730000000000,5.52240000000000,11.9286,28865.9285,12.9820,12.5747,0.4073,12.5552,5.5419,5.5332,0.0087,-0.5539,28865.9285,NA,15.0915,NA
MegaProject.exe,13848,0x1F4D621B830,DXGI,1,0,0,Hardware Composed: Independent Flip,28893.5256,NA,15.02240000000000,13.85930000000000,0.49750000000000,5.76210000000000,10.7655,28878.9105,15.1126,14.6151,0.4975,14.5893,5.7879,5.7529,0.0350,-0.8773,28878.9105,NA,NA,NA
MegaProject.exe,13848,0x1F4D621B830,DXGI,1,0,0,Hardware Composed: Independent Flip,28906.8616,NA,13.33600000000000,13.91940000000000,0.50800000000000,5.36410000000000,11.3489,28894.0231,13.3465,12.8385,0.5080,12.8128,5.3898,5.3805,0.0093,1.1932,28894.0231,NA,NA,NA
MegaProject.exe,13848,0x1F4D621B830,DXGI,1,0,0,Hardware Composed: Independent Flip,28921.2469,NA,14.38530000000000,14.02110000000000,0.39320000000000,5.24490000000000,10.9847,28907.3696,14.2705,13.8773,0.3932,13.8529,5.2693,5.2587,0.0106,-0.6746,28907.3696,NA,NA,NA
MegaProject.exe,13848,0x1F4D621B830,DXGI,1,0,0,Hardware Composed: Independent Flip,28934.4828,NA,13.23590000000000,13.89120000000000,0.38600000000000,5.87300000000000,11.6400,28921.6401,13.2287,12.8427,0.3860,12.8158,5.8999,5.8875,0.0124,0.3793,28921.6401,NA,NA,NA
MegaProject.exe,13848,0x1F4D621B830,DXGI,1,0,0,Hardware Composed: Independent Flip,28948.6612,NA,14.17840000000000,13.88410000000000,0.40690000000000,5.76140000000000,11.3457,28934.8688,14.1993,13.7924,0.4069,13.7679,5.7859,5.7734,0.0125,-0.6554,28934.8688,NA,NA,NA
MegaProject.exe,13848,0x1F4D621B830,DXGI,1,0,0,Hardware Composed: Independent Flip,28962.5555,NA,13.89430000000000,13.90410000000000,0.40680000000000,6.27870000000000,11.3555,28949.0681,13.8942,13.4874,0.4068,13.4618,6.3043,6.2917,0.0126,0.2952,28949.0681,NA,18.2842,NA
MegaProject.exe,13848,0x1F4D621B830,DXGI,1,0,0,Hardware Composed: Independent Flip,28977.0808,NA,14.52530000000000,13.80450000000000,0.36070000000000,5.51430000000000,10.6347,28962.9623,14.4792,14.1185,0.3607,14.0990,5.5338,5.4976,0.0362,0.0897,28962.9623,NA,NA,NA
MegaProject.exe,13848,0x1F4D621B830,DXGI,1,0,0,Hardware Composed: Independent Flip,28990.3773,NA,13.29650000000000,13.81050000000000,0.39040000000000,5.75270000000000,11.1487,28977.4415,13.3262,12.9358,0.3904,12.9086,5.7799,5.7495,0.0304,0.6687,28977.4415,NA,NA,NA
MegaProject.exe,13848,0x1F4D621B830,DXGI,1,0,0,Hardware Composed: Independent Flip,29003.4501,NA,13.07280000000000,13.89750000000000,0.26430000000000,5.47500000000000,11.9734,28990.7677,12.9467,12.6824,0.2643,12.6596,5.4978,5.4879,0.0099,-0.5713,28990.7677,NA,NA,NA
MegaProject.exe,13848,0x1F4D621B830,DXGI,1,0,0,Hardware Composed: Independent Flip,29018.1351,NA,14.68500000000000,14.03110000000000,0.35720000000000,5.43640000000000,11.3195,29003.7144,14.7779,14.4207,0.3572,14.3654,5.4917,5.4835,0.0082,-1.0844,29003.7144,NA,NA,NA
MegaProject.exe,13848,0x1F4D621B830,DXGI,1,0,0,Hardware Composed: Independent Flip,29032.0528,NA,13.91770000000000,13.75700000000000,0.40720000000000,5.87020000000000,11.1588,29018.4923,13.9677,13.5605,0.4072,13.5345,5.8962,5.8837,0.0125,1.0209,29018.4923,NA,NA,NA
MegaProject.exe,13848,0x1F4D621B830,DXGI,1,0,0,Hardware Composed: Independent Flip,29045.6574,NA,13.60460000000000,14.01580000000000,0.33460000000000,5.69050000000000,11.5700,29032.4600,13.5320,13.1974,0.3346,13.1710,5.7169,5.7082,0.0087,-0.0481,29032.4600,NA,26.8750,NA
MegaProject.exe,13848,0x1F4D621B830,DXGI,1,0,0,Hardware Composed: Independent Flip,29059.0220,NA,13.36460000000000,13.92150000000000,0.35160000000000,5.53290000000000,12.1269,29045.9920,13.3816,13.0300,0.3516,13.0061,5.5568,5.5449,0.0119,-0.3895,29045.9920,NA,NA,NA
MegaProject.exe,13848,0x1F4D621B830,DXGI,1,0,0,Hardware Composed: Independent Flip,29073.8236,NA,14.80160000000000,13.79830000000000,0.30480000000000,5.58950000000000,11.1236,29059.3736,14.7548,14.4500,0.3048,14.4239,5.6156,5.6030,0.0126,-0.4167,29059.3736,NA,NA,NA
MegaProject.exe,13848,0x1F4D621B830,DXGI,1,0,0,Hardware Composed: Independent Flip,29087.9533,NA,14.12970000000000,13.83330000000000,0.34330000000000,5.61260000000000,10.8272,29074.1284,14.1682,13.8249,0.3433,13.7997,5.6378,5.6056,0.0322,0.9215,29074.1284,NA,NA,NA
MegaProject.exe,13848,0x1F4D621B830,DXGI,1,0,0,Hardware Composed: Independent Flip,29101.6095,NA,13.65620000000000,13.87580000000000,0.28030000000000,7.21330000000000,11.0468,29088.2966,13.5932,13.3129,0.2803,13.2867,7.2395,7.2288,0.0107,0.2924,29088.2966,NA,NA,NA
MegaProject.exe,13848,0x1F4D621B830,DXGI,1,0,0,Hardware Composed: Independent Flip,29115.2078,NA,13.59830000000000,13.94920000000000,0.26110000000000,5.66900000000000,11.3977,29101.8898,13.5791,13.3180,0.2611,13.2897,5.6973,5.6864,0.0109,-0.3560,29101.8898,NA,NA,NA
MegaProject.exe,13848,0x1F4D621B830,DXGI,1,0,0,Hardware Composed: Independent Flip,29128.4274,NA,13.21960000000000,13.99050000000000,0.41120000000000,5.75310000000000,12.1686,29115.4689,13.3697,12.9585,0.4112,12.9322,5.7794,5.7650,0.0144,-0.4114,29115.4689,NA,15.1341,NA
MegaProject.exe,13848,0x1F4D621B830,DXGI,1,0,0,Hardware Composed: Independent Flip,29143.3317,NA,14.90430000000000,13.86930000000000,0.34700000000000,6.09800000000000,11.1336,29128.8386,14.8401,14.4931,0.3470,14.4670,6.1241,6.1120,0.0121,-0.4996,29128.8386,NA,NA,NA
MegaProject.exe,13848,0x1F4D621B830,DXGI,1,0,0,Hardware Composed: Independent Flip,29157.1099,NA,13.77820000000000,13.89080000000000,0.38110000000000,5.85900000000000,11.2462,29143.6787,13.8123,13.4312,0.3811,13.4057,5.8845,5.8739,0.0106,0.9493,29143.6787,NA,NA,NA
MegaProject.exe,13848,0x1F4D621B830,DXGI,1,0,0,Hardware Composed: Independent Flip,29170.8629,NA,13.75300000000000,13.82470000000000,0.37780000000000,5.85680000000000,11.3179,29157.4910,13.7497,13.3719,0.3778,13.3464,5.8823,5.8703,0.0120,-0.0124,29157.4910,NA,NA,NA
MegaProject.exe,13848,0x1F4D621B830,DXGI,1,0,0,Hardware Composed: Independent Flip,29184.4349,NA,13.57200000000000,13.84350000000000,0.41750000000000,5.49810000000000,11.5894,29171.2407,13.6117,13.1942,0.4175,13.1725,5.5198,5.5151,0.0047,-0.0938,29171.2407,NA,NA,NA
MegaProject.exe,13848,0x1F4D621B830,DXGI,1,0,0,Hardware Composed: Independent Flip,29198.6517,NA,14.21680000000000,13.83120000000000,0.30870000000000,5.44700000000000,11.2038,29184.8524,14.1080,13.7993,0.3087,13.7724,5.4739,5.4581,0.0158,-0.2195,29184.8524,NA,19.2961,NA
MegaProject.exe,13848,0x1F4D621B830,DXGI,1,0,0,Hardware Composed: Independent Flip,29212.2578,NA,13.60610000000000,13.91560000000000,0.44110000000000,5.47400000000000,11.5133,29198.9604,13.7385,13.2974,0.4411,13.2709,5.5005,5.4913,0.0092,0.1924,29198.9604,NA,NA,NA
MegaProject.exe,13848,0x1F4D621B830,DXGI,1,0,0,Hardware Composed: Independent Flip,29226.1999,NA,13.94210000000000,14.03550000000000,0.42060000000000,5.51670000000000,11.6067,29212.6989,13.9216,13.5010,0.4206,13.4757,5.5420,5.5334,0.0086,-0.2970,29212.6989,NA,NA,NA
MegaProject.exe,13848,0x1F4D621B830,DXGI,1,0,0,Hardware Composed: Independent Flip,29240.3956,NA,14.19570000000000,13.76760000000000,0.34500000000000,5.40920000000000,11.1786,29226.6205,14.1201,13.7751,0.3450,13.7513,5.4330,5.4207,0.0123,0.1540,29226.6205,NA,NA,NA
MegaProject.exe,13848,0x1F4D621B830,DXGI,1,0,0,Hardware Composed: Independent Flip,29253.6729,NA,13.27730000000000,14.00330000000000,0.30860000000000,5.56400000000000,11.9046,29240.7406,13.2409,12.9323,0.3086,12.9085,5.5878,5.5758,0.0120,0.1168,29240.7406,NA,NA,NA
MegaProject.exe,13848,0x1F4D621B830,DXGI,1,0,0,Hardware Composed: Independent Flip,29268.2731,NA,14.60020000000000,13.90300000000000,0.31520000000000,5.85430000000000,11.2074,29253.9815,14.6068,14.2916,0.3152,14.2673,5.8786,5.8661,0.0125,-0.6621,29253.9815,NA,NA,NA
MegaProject.exe,13848,0x1F4D621B830,DXGI,1,0,0,Hardware Composed: Independent Flip,29282.0936,NA,13.82050000000000,13.85280000000000,0.56960000000000,5.68790000000000,11.2397,29268.5883,14.0749,13.5053,0.5696,13.4817,5.7115,5.6992,0.0123,0.7540,29268.5883,NA,NA,NA
MegaProject.exe,13848,0x1F4D621B830,DXGI,1,0,0,Hardware Composed: Independent Flip,29296.3138,NA,14.22020000000000,13.79160000000000,0.48910000000000,5.29130000000000,10.8111,29282.6632,14.1397,13.6506,0.4891,13.6289,5.3130,5.2921,0.0209,0.2833,29282.6632,NA,22.5048,NA
MegaProject.exe,13848,0x1F4D621B830,DXGI,1,0,0,Hardware Composed: Independent Flip,29309.3236,NA,13.00980000000000,13.88500000000000,0.33640000000000,5.49790000000000,11.6863,29296.8029,12.8571,12.5207,0.3364,12.4941,5.5245,5.5125,0.0120,0.2547,29296.8029,NA,NA,NA
MegaProject.exe,13848,0x1F4D621B830,DXGI,1,0,0,Hardware Composed: Independent Flip,29323.9570,NA,14.63340000000000,13.94350000000000,0.32980000000000,5.36810000000000,10.9964,29309.6600,14.6268,14.2970,0.3298,14.2716,5.3935,5.3855,0.0080,-1.0864,29309.6600,NA,NA,NA
MegaProject.exe,13848,0x1F4D621B830,DXGI,1,0,0,Hardware Composed: Independent Flip,29337.5295,NA,13.57250000000000,13.86080000000000,0.34410000000000,5.60440000000000,11.2847,29324.2868,13.5868,13.2427,0.3441,13.2184,5.6287,5.6167,0.0120,0.7660,29324.2868,NA,NA,NA
MegaProject.exe,13848,0x1F4D621B830,DXGI,1,0,0,Hardware Composed: Independent Flip,29351.7301,NA,14.20060000000000,13.85680000000000,0.38730000000000,5.77710000000000,10.9409,29337.8736,14.2438,13.8565,0.3873,13.8270,5.8066,5.7934,0.0132,-0.2700,29337.8736,NA,NA,NA
MegaProject.exe,13848,0x1F4D621B830,DXGI,1,0,0,Hardware Composed: Independent Flip,29365.3936,NA,13.66350000000000,13.89830000000000,0.30590000000000,5.57950000000000,11.1757,29352.1174,13.5821,13.2762,0.3059,13.2474,5.6083,5.5763,0.0320,0.3455,29352.1174,NA,17.0768,NA
MegaProject.exe,13848,0x1F4D621B830,DXGI,1,0,0,Hardware Composed: Independent Flip,29378.6545,NA,13.26090000000000,14.02360000000000,0.28460000000000,7.79450000000000,11.9384,29365.6995,13.2396,12.9550,0.2846,12.9300,7.8195,7.8064,0.0131,-0.4415,29365.6995,NA,NA,NA
MegaProject.exe,13848,0x1F4D621B830,DXGI,1,0,0,Hardware Composed: Independent Flip,29393.5273,NA,14.87280000000000,13.74870000000000,0.46780000000000,6.82900000000000,10.8143,29378.9391,15.0560,14.5882,0.4678,14.5643,6.8529,6.8417,0.0112,-0.5091,29378.9391,NA,NA,NA
MegaProject.exe,13848,0x1F4D621B830,DXGI,1,0,0,Hardware Composed: Independent Flip,29407.3534,NA,13.82610000000000,13.90150000000000,0.37460000000000,5.33910000000000,10.8897,29393.9951,13.7329,13.3583,0.3746,13.3333,5.3641,5.3496,0.0145,1.1545,29393.9951,NA,NA,NA
MegaProject.exe,13848,0x1F4D621B830,DXGI,1,0,0,Hardware Composed: Independent Flip,29420.7469,NA,13.39350000000000,13.88670000000000,0.36800000000000,5.46470000000000,11.3829,29407.7280,13.3869,13.0189,0.3680,12.9929,5.4907,5.4824,0.0083,-0.1538,29407.7280,NA,NA,NA
MegaProject.exe,13848,0x1F4D621B830,DXGI,1,0,0,Hardware Composed: Independent Flip,29434.1159,NA,13.36900000000000,14.03640000000000,0.34080000000000,5.86150000000000,12.0503,29421.1149,13.3418,13.0010,0.3408,12.9757,5.8868,5.8745,0.0123,-0.6495,29421.1149,NA,NA,NA
MegaProject.exe,13848,0x1F4D621B830,DXGI,1,0,0,Hardware Composed: Independent Flip,29449.1367,NA,15.02080000000000,13.88820000000000,0.40090000000000,5.85890000000000,10.9177,29434.4567,15.0809,14.6800,0.4009,14.6528,5.8861,5.8743,0.0118,-0.5464,29434.4567,NA,NA,NA
MegaProject.exe,13848,0x1F4D621B830,DXGI,1,0,0,Hardware Composed: Independent Flip,29462.4272,NA,13.29050000000000,13.81000000000000,0.30040000000000,5.77380000000000,11.4372,29449.5376,13.1900,12.8896,0.3004,12.8655,5.7979,5.7862,0.0117,1.2709,29449.5376,NA,NA,NA
MegaProject.exe,13848,0x1F4D621B830,DXGI,1,0,0,Hardware Composed: Independent Flip,29476.7402,NA,14.31300000000000,13.97120000000000,0.31340000000000,5.93260000000000,11.0954,29462.7276,14.3260,14.0126,0.3134,13.9882,5.9570,5.9451,0.0119,-0.7812,29462.7276,NA,NA,NA
MegaProject.exe,13848,0x1F4D621B830,DXGI,1,0,0,Hardware Composed: Independent Flip,29490.5486,NA,13.80840000000000,13.83220000000000,0.30970000000000,5.82440000000000,11.1192,29477.0536,13.8047,13.4950,0.3097,13.4541,5.8653,5.8530,0.0123,0.4938,29477.0536,NA,NA,NA
MegaProject.exe,13848,0x1F4D621B830,DXGI,1,0,0,Hardware Composed: Independent Flip,29503.5001,NA,12.95150000000000,13.78580000000000,0.47820000000000,5.47600000000000,11.9535,29490.8583,13.1200,12.6418,0.4782,12.6182,5.4996,5.4902,0.0094,0.0189,29490.8583,NA,NA,NA
MegaProject.exe,13848,0x1F4D621B830,DXGI,1,0,0,Hardware Composed: Independent Flip,29518.2283,NA,14.72820000000000,13.91820000000000,0.41570000000000,5.26050000000000,11.1435,29503.9783,14.6657,14.2500,0.4157,14.2297,5.2808,5.2755,0.0053,-0.7982,29503.9783,NA,NA,NA
MegaProject.exe,13848,0x1F4D621B830,DXGI,1,0,0,Hardware Composed: Independent Flip,29532.2936,NA,14.06530000000000,14.01630000000000,0.40080000000000,5.38640000000000,11.0945,29518.6440,14.0504,13.6496,0.4008,13.6246,5.4114,5.4036,0.0078,0.6494,29518.6440,NA,NA,NA
MegaProject.exe,13848,0x1F4D621B830,DXGI,1,0,0,Hardware Composed: Independent Flip,29546.2209,NA,13.92730000000000,13.95350000000000,0.38530000000000,5.87540000000000,11.1207,29532.6944,13.9118,13.5265,0.3853,13.5064,5.8955,5.8825,0.0130,0.0969,29532.6944,NA,NA,NA
MegaProject.exe,13848,0x1F4D621B830,DXGI,1,0,0,Hardware Composed: Independent Flip,29559.4860,NA,13.26510000000000,13.82730000000000,0.31740000000000,5.46590000000000,11.6829,29546.6062,13.1972,12.8798,0.3174,12.8229,5.5228,5.5109,0.0119,0.0845,29546.6062,NA,NA,NA
MegaProject.exe,13848,0x1F4D621B830,DXGI,1,0,0,Hardware Composed: Independent Flip,29573.5976,NA,14.11160000000000,13.80790000000000,0.31760000000000,5.99490000000000,11.3792,29559.8034,14.1118,13.7942,0.3176,13.7702,6.0189,6.0064,0.0125,-0.6107,29559.8034,NA,NA,NA
MegaProject.exe,13848,0x1F4D621B830,DXGI,1,0,0,Hardware Composed: Independent Flip,29587.6623,NA,14.06470000000000,13.87670000000000,0.34440000000000,5.79900000000000,11.1912,29573.9152,14.0915,13.7471,0.3444,13.7226,5.8235,5.8109,0.0126,0.2351,29573.9152,NA,19.1683,NA
MegaProject.exe,13848,0x1F4D621B830,DXGI,1,0,0,Hardware Composed: Independent Flip,29601.4926,NA,13.83030000000000,14.00860000000000,0.34350000000000,5.69760000000000,11.3695,29588.0067,13.8294,13.4859,0.3435,13.4591,5.7244,5.7124,0.0120,0.0829,29588.0067,NA,NA,NA
MegaProject.exe,13848,0x1F4D621B830,DXGI,1,0,0,Hardware Composed: Independent Flip,29616.2753,NA,14.78270000000000,13.81360000000000,0.39650000000000,5.72440000000000,10.4004,29601.8361,14.8357,14.4392,0.3965,14.4188,5.7448,5.7233,0.0215,0.0158,29601.8361,NA,NA,NA
MegaProject.exe,13848,0x1F4D621B830,DXGI,1,0,0,Hardware Composed: Independent Flip,29628.9451,NA,12.66980000000000,13.96830000000000,0.51370000000000,5.59700000000000,11.6989,29616.6718,12.7870,12.2733,0.5137,12.2521,5.6182,5.6033,0.0149,0.8674,29616.6718,NA,NA,NA
MegaProject.exe,13848,0x1F4D621B830,DXGI,1,0,0,Hardware Composed: Independent Flip,29643.4797,NA,14.53460000000000,13.82450000000000,0.33270000000000,5.67960000000000,10.9888,29629.4588,14.3536,14.0209,0.3327,13.9954,5.7051,5.6931,0.0120,-1.0375,29629.4588,NA,NA,NA
MegaProject.exe,13848,0x1F4D621B830,DXGI,1,0,0,Hardware Composed: Independent Flip,29657.4195,NA,13.93980000000000,13.77650000000000,0.32530000000000,5.41940000000000,10.8255,29643.8124,13.9324,13.6071,0.3253,13.5791,5.4474,5.4354,0.0120,0.5771,29643.8124,NA,NA,NA
MegaProject.exe,13848,0x1F4D621B830,DXGI,1,0,0,Hardware Composed: Independent Flip,29671.1294,NA,13.70990000000000,13.90950000000000,0.34260000000000,5.44860000000000,11.0251,29657.7448,13.7272,13.3846,0.3426,13.3570,5.4762,5.4668,0.0094,0.0229,29657.7448,NA,NA,NA
MegaProject.exe,13848,0x1F4D621B830,DXGI,1,0,0,Hardware Composed: Independent Flip,29683.9113,NA,12.78190000000000,13.89590000000000,0.27470000000000,5.26700000000000,12.1391,29671.4720,12.7140,12.4393,0.2747,12.4146,5.2917,5.2824,0.0093,-0.1687,29671.4720,NA,NA,NA
MegaProject.exe,13848,0x1F4D621B830,DXGI,1,0,0,Hardware Composed: Independent Flip,29698.6700,NA,14.75870000000000,13.88140000000000,0.31510000000000,7.23780000000000,11.2618,29684.1860,14.7991,14.4840,0.3151,14.4593,7.2625,7.2540,0.0085,-1.1674,29684.1860,NA,25.5408,NA
MegaProject.exe,13848,0x1F4D621B830,DXGI,1,0,0,Hardware Composed: Independent Flip,29712.4108,NA,13.74080000000000,13.91070000000000,0.28180000000000,6.28640000000000,11.4317,29698.9851,13.7075,13.4257,0.2818,13.3967,6.3154,6.2960,0.0194,0.8884,29698.9851,NA,NA,NA
MegaProject.exe,13848,0x1F4D621B830,DXGI,1,0,0,Hardware Composed: Independent Flip,29726.6270,NA,14.21620000000000,13.87350000000000,0.42220000000000,5.29850000000000,11.0890,29712.6926,14.3566,13.9344,0.4222,13.9127,5.3202,5.3123,0.0079,-0.1660,29712.6926,NA,NA,NA
MegaProject.exe,13848,0x1F4D621B830,DXGI,1,0,0,Hardware Composed: Independent Flip,29740.3841,NA,13.75710000000000,14.03400000000000,0.40050000000000,6.05660000000000,11.3659,29727.0492,13.7354,13.3349,0.4005,13.3098,6.0817,6.0736,0.0081,0.3226,29727.0492,NA,NA,NA
MegaProject.exe,13848,0x1F4D621B830,DXGI,1,0,0,Hardware Composed: Independent Flip,29753.7272,NA,13.34310000000000,13.83750000000000,0.32890000000000,5.85510000000000,11.8603,29740.7846,13.2715,12.9426,0.3289,12.9193,5.8784,5.8665,0.0119,-0.1021,29740.7846,NA,NA,NA
MegaProject.exe,13848,0x1F4D621B830,DXGI,1,0,0,Hardware Composed: Independent Flip,29768.4596,NA,14.73240000000000,13.89190000000000,0.32370000000000,5.91310000000000,11.0198,29754.0561,14.7272,14.4035,0.3237,14.3797,5.9369,5.9250,0.0119,-0.6204,29754.0561,NA,NA,NA
MegaProject.exe,13848,0x1F4D621B830,DXGI,1,0,0,Hardware Composed: Independent Flip,29781.8985,NA,13.43890000000000,13.93440000000000,0.30370000000000,5.76990000000000,11.5153,29768.7833,13.4189,13.1152,0.3037,13.0911,5.7940,5.7841,0.0099,0.7928,29768.7833,NA,NA,NA
MegaProject.exe,13848,0x1F4D621B830,DXGI,1,0,0,Hardware Composed: Independent Flip,29795.9833,NA,14.08480000000000,13.90520000000000,0.38140000000000,5.59510000000000,11.3357,29782.2022,14.1625,13.7811,0.3814,13.7561,5.6201,5.6073,0.0128,-0.4863,29782.2022,NA,NA,NA
MegaProject.exe,13848,0x1F4D621B830,DXGI,1,0,0,Hardware Composed: Independent Flip,29809.6992,NA,13.71590000000000,13.78050000000000,0.46410000000000,5.41540000000000,11.4003,29796.3647,13.7986,13.3345,0.4641,13.3113,5.4386,5.4266,0.0120,0.3820,29796.3647,NA,NA,NA
MegaProject.exe,13848,0x1F4D621B830,DXGI,1,0,0,Hardware Composed: Independent Flip,29824.1811,NA,14.48190000000000,13.90860000000000,0.52570000000000,5.72830000000000,10.8270,29810.1633,14.5435,14.0178,0.5257,13.9932,5.7529,5.7244,0.0285,-0.1100,29810.1633,NA,25.5979,NA
MegaProject.exe,13848,0x1F4D621B830,DXGI,1,0,0,Hardware Composed: Independent Flip,29837.3561,NA,13.17500000000000,13.97650000000000,0.40790000000000,5.61990000000000,11.6285,29824.7068,13.0572,12.6493,0.4079,12.6243,5.6449,5.6319,0.0130,0.5670,29824.7068,NA,NA,NA
MegaProject.exe,13848,0x1F4D621B830,DXGI,1,0,0,Hardware Composed: Independent Flip,29851.3658,NA,14.00970000000000,13.91380000000000,0.33560000000000,5.90130000000000,11.5326,29837.7640,13.9374,13.6018,0.3356,13.5776,5.9255,5.9136,0.0119,-0.8566,29837.7640,NA,NA,NA
MegaProject.exe,13848,0x1F4D621B830,DXGI,1,0,0,Hardware Composed: Independent Flip,29866.1083,NA,14.74250000000000,13.72100000000000,0.35300000000000,5.81620000000000,10.5111,29851.7014,14.7599,14.4069,0.3530,14.3827,5.8404,5.8282,0.0122,0.2164,29851.7014,NA,NA,NA
MegaProject.exe,13848,0x1F4D621B830,DXGI,1,0,0,Hardware Composed: Independent Flip,29878.4901,NA,12.38180000000000,13.88870000000000,0.29060000000000,7.52360000000000,12.0180,29866.4613,12.3194,12.0288,0.2906,11.9966,7.5558,7.5282,0.0276,0.8712,29866.4613,NA,NA,NA
MegaProject.exe,13848,0x1F4D621B830,DXGI,1,0,0,Hardware Composed: Independent Flip,29893.7156,NA,15.22550000000000,13.98400000000000,0.43520000000000,5.45350000000000,10.7765,29878.7807,15.3701,14.9349,0.4352,14.9097,5.4787,5.4579,0.0208,-1.6646,29878.7807,NA,NA,NA
MegaProject.exe,13848,0x1F4D621B830,DXGI,1,0,0,Hardware Composed: Independent Flip,29906.9811,NA,13.26550000000000,13.83800000000000,0.39150000000000,5.52320000000000,11.3490,29894.1508,13.2218,12.8303,0.3915,12.8037,5.5498,5.5366,0.0132,1.5321,29894.1508,NA,NA,NA
MegaProject.exe,13848,0x1F4D621B830,DXGI,1,0,0,Hardware Composed: Independent Flip,29921.2634,NA,14.28230000000000,13.86610000000000,0.49180000000000,5.40100000000000,10.9328,29907.3726,14.3826,13.8908,0.4918,13.8682,5.4236,5.3994,0.0242,-0.6443,29907.3726,NA,NA,NA
MegaProject.exe,13848,0x1F4D621B830,DXGI,1,0,0,Hardware Composed: Independent Flip,29934.0563,NA,12.79290000000000,13.87300000000000,0.34360000000000,5.35490000000000,12.0129,29921.7552,12.6447,12.3011,0.3436,12.2742,5.3818,5.3748,0.0070,0.5096,29921.7552,NA,21.6674,NA
MegaProject.exe,13848,0x1F4D621B830,DXGI,1,0,0,Hardware Composed: Independent Flip,29948.7020,NA,14.64570000000000,13.97040000000000,0.52780000000000,5.76920000000000,11.3376,29934.3999,14.8299,14.3021,0.5278,14.2771,5.7942,5.7811,0.0131,-1.3257,29934.3999,NA,NA,NA
MegaProject.exe,13848,0x1F4D621B830,DXGI,1,0,0,Hardware Composed: Independent Flip,29962.7955,NA,14.09350000000000,13.86620000000000,0.32810000000000,5.49260000000000,11.1103,29949.2298,13.8938,13.5657,0.3281,13.5415,5.5168,5.5055,0.0113,0.9637,29949.2298,NA,NA,NA
MegaProject.exe,13848,0x1F4D621B830,DXGI,1,0,0,Hardware Composed: Independent Flip,29976.5815,NA,13.78600000000000,13.90210000000000,0.38440000000000,5.70780000000000,11.2264,29963.1236,13.8423,13.4579,0.3844,13.4329,5.7328,5.7203,0.0125,-0.0083,29963.1236,NA,NA,NA
